package,sha256,vercodegfxtool.gamebooster.gfx,6DA4D8E2896C905EC538D2599F12BCD3C0D2B4DBDF4F420E95D7D7BEF8D16023,55
com.booster.gameboostermega,19E1B4527ACF0D0E1A36BD942396541729A16A93D972AD07D28D19EDDEC475C5,123
com.wz.counter.strike.mission,F5048A54FCE448CE31DF28086877DD059EEB0A4F43484F1ECDE39EF868FB6F46,40
com.specialyg.ippro,ECC12069405FB0698342514FBB06F31357DD5451ABFD86DAE5C2BEB276B76B2F,2002
inc.trilokia.pubgfxtool.free,27C9BCA8CC1A4EFAA9E6C944E9C3FBA8E1FCCE00308704BE9A48F6013B5DB8BF,134
com.mxtech.ffmpeg.tegra3,8EC85472CB34A87F8859D8BE72FD7142B5B615E0C6722FE2DDF6FBD278475FF4,1120
com.macrovideo.v380pro,54CB5A9B4AF829BF9E7F119392AB1ED690BED44934E746E23968BEBE34D5F6D3,44
com.rlg.ball.robot.transform.bike.robotwar.transformation,9FC1393040113C4DF55188A2552F7DE3D173F42365AFA1BDBB380F0FF7B35B2D,16
com.anysoftkeyboard.languagepack.arabic,DEE7AFEEC2D7E1E47A778B92260B6A3FE2C2BADC8B357FF219E871396C2143B2,3352
com.macrovideo.v380s,45B6ED36C4275E45A6DE5F9E34194FBC86CA2034B308C829CC233BADE843EA70,6000
com.startialab.actibook,8B0BCDF358A8057F46808E9065DFE72B4F441A2C999FD3C3516763F5FDA51A35,44
com.plattuo.shooting.worldwar2.sniper,12A2F87D02FDCE1BCA832F908B3D856F309ECDD816E93978CD61F45263270A3F,200034
com.mxtech.ffmpeg.v5te,08DE5A02B9F4DDA9660F502C601EDC8A5B0A43D21A3D43BB64BC9A16593C941C,17
galaxys9ringtones.ringtonesfors9.notifications,099DEC927FA9C53B3955AC95BE5D7B299819D6A899FCD1EBE93EF5A6F14EAD17,17
com.farproc.wifi.connecter,CA00A4E9B2FA9197D804C8DBA9EA558AE3B722F9A26DBFA6A917C97FDFFEB46C,16
com.anysoftkeyboard.languagepack.spain,2B2F544097B627C1A5DDCFF87A635B7005F5540EBCA84FA87305150F340135DE,2912
com.equalizer.volume.music.bass.booster.tool,8CB107ACD096DC6E4781E38D015D7DD2686BAE05B0E4E3D1D152E7A554E2EC7F,10021
com.car.parking.simulator.car.driving.games,0CDF4F17A0E5EE0E995A3AAE91468195DEB27EDCED845E05E3F46C6F3819D4BA,14
com.quanticapps.quranandroid,8231564FEC4D4ED0B64C1B0B94E309A031D02EE0D5294B37B2731232D9A8201D,372
com.flying.car.robot.games,57296F592CDA0DC914659806609BDA42E8A8E1BB43F79680279EF32557AD9E7A,21
com.rlg.firetruck.truckdriving.rescuemission.robotgames,C65740DDE98FBBF5EC4BD5176913EE7C4C68B1113D174126AD37AD5F7AFB73F6,9
hdmi.connector.five,14E97B39D39DDC6EBA992492041994E4AB7BC0D83B179A7B730D76C7D0A2777F,110
com.sniper.deer.hunting,7EBE1BA943E74C00546AC90AFA6A08D4F2E2FD7F788883A7DC47BE95B31E078F,200048
com.wolf.gamebooster.free,590C22A3B5735ED1CB48D519FCAADC40C2E8D6D7562B552BD1EC9BC3444D2CEB,27
com.gamescapes.flying.bike.stunts,84E1A811230F7015944620B64F10581922980E5365D07E1E852F0A46A07F44FF,12
smsringtones.besttones.notificationsounds,48A988B8D9D950968E75B9644A0F9FEE63328D7B31D7FC852571B781A6F7A19F,8
islamicsongs.nasheed.nashydlagu,1C4638736B0286DB58E39ED337A407BE146CDBC67B1FD000B5DCA502235F6A76,3
com.gbs.grand.carparking.multistorey.smartdrive.simulator,4CBA4B907B5D350C6F8251097C70A102D4652CEDA4DA05AB3592457307CAB5EB,8
com.gel.bottle.shooting.game.free,1BC014E77CCA6E5E7A06417BA0AA5827E30A6B596E4DE2B8940817AC8C307D5D,10
org.kde.necessitas.ministro,7B7B96E586AD55B81C3E906C5CC734E2840293A35F2F75CCD03F6C1F0937FE5F,16
com.governikus.ausweisapp2,9415C3981ED35DA9E180D3217F19F9DB448C8BC088B8B9680ED378D04B81BE95,89
com.rgs.autorickshaw.citydriving,9DF23438EAAEED8FBDAF9FE4AE1AD529413D48B7139D8B68D204AFC5496489B8,11
com.applisto.appcloner.premium,2DA2D184E1EB5126CC55391A2371E2EFA3BDA305608AB4475DD2A6998E7C20EC,21060214
com.kalimatwahikam.sowar.kalam,9F3105C7CAC5FDF9363A2949B6B1BC00ED8635A3148050E25EB984596142A097,9
com.studio.coolmaster.coolerapp.cooling,286DC361139BBDF7432538E4544C64ED4110874F0787FF043703642104DB2BCC,23
com.manateeworks.barcodescanners,9A9EB246E93DBD6AE3613545C5395DEE14EA6FE05492BCB9E1199ED86B8A060B,151
com.chaks.juzamma,2B3B964CB4A43D0B6B9E98F0F23BF17E25A10634EB2A8CE30431E396211A82F0,208
dz.condor.Condorpassport,9B54A0BF4A8099E2A92D471623DE2C3A8CBB0A04CAA82FF317C405711ED00D8D,24
com.mhlhdmi.two,2E4435FDCE85E33CE61B2120064EE1B926A634F284D34BD7B6292637E2378652,109
com.hdmi.app,F729E525092BA10613523AE2EE50358285D7146305168201124868FF5B61E3BC,111
com.chic.blacklight,5089DC90BA7B7085DF73F8D0CD6E6047DA62076451CAD085BDDD9B9F107C8244,13
com.mxtech.ffmpeg.v7_neon,96186EAF8825F48CB56769843A9EA8D4FDAA84E2FBA867EC08132237AF9FC13B,1120
com.gp.bikedriving.homedelivery.boysimulator,D63829A9D024A5598B4A8527E26C36B6CB38AA1B0A9D8B739161C396AB089DBF,9
com.coolringtones.topringtones2017.ringtonesforoppo,C144430A5B005EBB31A26049AA0D78AB55A1A3D311579ADB023AD6F584AAEE0D,7
com.robot.wrestling.champion,50AA0342559C9703A786CD11C66F7682A8AECF4F4960C31FBA6CE06A5EFDB28A,7
com.mxtech.ffmpeg.v7_vfpv3d16,5D3DDF1AF266E140BC6DFE88B2FB9E174D8DD86B7F3F80E556AA261B34C284C1,1120
com.missileattack.ultimatewar.truckgames.jk,99524EECCCE8DE3142F64B305E5F9105C20B2958964FEB49B64C48B9491B7FC8,11
ginlemon.smartlauncher.extratool,59BA9FFD444D3246AA6E325047603041FC1AA09266A6F23B54EAE18E6B87BC8B,4
com.flower.morning,E873A8A34CAB34F77F3567869B84BE087864084DEB4241150529FD3CB7CC4447,14
net.dev.devfordevayv,63C18BEA40705CEE434E256CB5C789D05543CAEB6A25740350A19775F9A477BF,6
com.htc.sense.hsp,77D048297726D0B8FB38C9DF8A3AF16CB7AA309E433B4989001494DC9E69F579,148022271
turbo.micro.craft.exploration.crafting.bekel,7A0B3B2DD9222D9C0B1747A657837786D3454DDD58E0940647E55B4D57E80AD5,17
com.google.samples.apps.cardboarddemo,7AFE72359E95627C3407DC21CF5A46AC838409DDC8EFC8687EFCA271487691D2,190123204
com.kasindev.skintools.mod_ff,935B050F96B9C1BBB050B516EB049711AA6BC6EE4D322CA81822681FE4B1EC1C,12
com.eston.bikinibottoms,852DE8C1178D6BEB8E817E054C6ADDC55AEB78F3448EC1C5C0E0955DE1236809,1
inc.trilokia.gfxtool.free,8672647B908B70B5139BD3B5F9CA94FCB2E5106808EBD6A5A11594ED641ED1C7,6
com.devuni.flashlight.ledclassic,8E5F45BC039ACAAB096AAD974FEA7B52340E0FA1C5AA3424CF34ADFD3B024A2E,5
com.tomdxs.symafpv,C37D0097E01A0E9164A5426A565DE17DE298BEC9A945C804B420DC45E51AFBA9,7
com.mxtech.ffmpeg.v6,ADC6D5C3C35F7ECE5DD048AF751F984F4EC5D47CA7FBB4A42264F1A31E24D963,70
com.rgs.homedelivery.fastfood.citybike,B141524C5BDDA142D9670912376F3D03180F4B0821E565BC273D952AD38F5338,6
com.hecorat.azplugin2,B2D6CAC9B9096A349E93B3E7DDF327DFC5B961317B6DF268E9E75829280BA56D,19
com.tokli.maroofi,D3AC76703F460ADD5C0442B85E0FFA9A93D58BD434135AA116925BA940937BFD,2
com.keramidas.MarketUpdateHelper,C0A105E7AD0C8202F714CD18CAF062F4774611B8617AFEB94EC30ADD70694687,2
com.google.vr.cardboard.apps.designlab,D891E5F7E049AF131860FCD8EAA925E098BB5645CE89DC1E28B73B9F755FE69D,5
