package,sha256,vercodecom.adobe.spark.post,703B5299BE319AE435997C88B84EDC3E62DFDEA2EA2FDAF3EC65441F186ADA3C,318
com.canva.editor,17B8CC42924644CCFCD21C524D1FBAB77A7A801740425651B345BCE9225DA6DC,13440
com.medibang.android.paint.tablet,AB8AA84440F833E5BE1419C75FF14CC8BD24D58B3840B3518BCCCB4F04BC8BFD,140
com.sweefitstudios.drawgraffiticreator,001B70409BF65454AA5253EF6B94EA9A4F6E7F82CB196BD16ED5C34713A11183,6
com.ioslauncher.lite,CBEAA42A8235A859AEAA8CF4FDB07729360056E1D355647DD4566CFF49E95E43,1123
viva.vivaexplorer.Stylish.name.maker,3CC68FA3F2810D96B4A7EC226C5669F0EF22858D030EE7328CCB3C566941C455,8
skywave.chancellery,B7E590ACDD99EC3B104F8C4BE874EE7E4E0F5E5FCE7038499D5292D663704E9B,16
com.woodencloset.paintsplash,C96F92D64409353FBE6CE8D2C477568FB58E02D9A6A473899E21F2073FD6E418,39
com.paintastic,8EE659981A3A72F9E3BFA8BFAF880AF8457E4E0D7A93ACD212D2AAB9C973470B,270
com.moonlab.unfold,E8363B60B2D9759FC7AB034914F35F48099A33683BB649629F82346670B7DD9E,595
com.simple.design.material,B629C22CAB4E0E80B84BA2AA862237E5CF5B94645CEB2E3F95F790EC2428C92F,183
com.bhima.hindipostermaker,9ABF86B0DC5A8FFDE08F4CC4AEF86A56DB68E79B0479712493248B743ECC251A,20
com.covermaker.thumbnail.maker,84B46A6D0097640CEC424DC779F026802B22FE61EE1B1E2CB7942AAF5E2BDE02,186
com.wildDevLabx.logoMaker,3BDD8EDB3AB9A2C8FD6BCB66EF218F8088D801338E6F172545BB01918B380A1F,41
anime.art.paint.tap.color.by.number.free,A87D7A4884B944D2DA6D815A92A3885C4E863676F32C29B9BCF08FD7B751A863,65
handmade.smartroom.com.handmadecancelar,8391150601F903EDCEE2778F23B5590654323349E32F2C3CE58329CA11D8BBFA,14
com.ova.studio.anime.wallpaper,F1A77B83AAAE5651006BDBA05A155FE71C324E18DC36815235B2ABFD7E6550C1,13
com.delgeo.desygner,CBF1E13CD0571B1CA8E584D191478E9330B527BD0E27C3F22FF165DC11632F7D,449
com.booleanbites.imagitor,058CC928617C22AC59186AF90E6F2E0EFE16EB1ECE9736A2F674E56F16BDBFFD,119
com.brakefield.idfree,EFB6C4670310CB3C6C1664E0F2840A0AF62AA291A68A1BFFAE6E087751F4F17D,400189
com.iimmobile.animateddrawings,E1085348FBD07F2BD90F935E2780BAA9313593F27D1A49BBFC7844A79DEE76A8,190
com.drawely.drawely,4D924DFFE4584DC9A4EE4C51ABF38D8AD59FF5FB27DF252C0A5A0E6D15852FA1,1404
com.ripl.android,EE9C116C4D6BCE2579A756D912DFA1B395B87DF10E7841024A18E247E67DF0B3,982
com.a3play.textsticker,51BF16A73C42FED7BC815AFCC6FCD2F11C0873DC41D3FBBC1DABFB2155492EE9,19
com.dabdaagames.drawing.cute.chibi.princess,BFE912CDFE5EC29F35B5D141A906452883E97E3FFABDF61C06EE5524048B39BB,211
com.inkboard.animatic,2F2C2B6996E245111ED65351D46363358A6513567FE540F04D8D865C37DAF933,51
com.nokuteku.paintart,E60783648E1C9F5D36E2417AFDF4E9ADEA964022D6B84B1AA3AAB2C23F211BAA,39
com.PixelStudio,904B6A0892E0173389229C8947214A7A4559160EF221F7C3EC5DD3B8BD7B7CDD,352
com.sweefitstudios.draweyes,8426000E2CB1E1BCE73E11BC1126F355E437F10846A5047366B5A93845E885C4,11
app.over.editor,83EEB5CB23F1F98DA685B448DDDC7B77A132590E22DC3E4607241C6E7E5426FE,70503
com.behance.behance,57F39E76C616508B7C4F28936C074CBAED0948E5128DA5D16607E7C57EAA54B0,164
air.com.KalromSystems.SandDrawLite,95C36EBD1A1D026B354346112423F86B31F27C9C7B013157279AD2DF1F3E74A7,4002001
jp.ne.ibis.ibispaintx.app,0123D98E1985AA6E4446856F9E8A408E0D1E0870BE8747A8E2B9B6D9BE8349B2,901010581
com.tiedye.color.free.pixelart,0FEFAC766599F2810022B0FCBF9939C4B32EDB41B023D1E39B80A47BDB5ABAA3,202
me.tomhicks.asketchaday,7B99BA50B4B9D8EBC1F96E3DDA3BA7C0A335FBD10AECB04F279F0EA7F0CCC4A3,5000279
pl.planmieszkania.android,BDCE1F8047193C07D563FD237218AA0D4DD8D1CBF6F9CA0908239438EEFB814B,434
com.invitation.maker.birthday.card,D9763A0886711858E6C0522A692D7638AC9BC8B2CC2326936D869FE6528ADD76,101
com.samsung.android.sdrawing,609EB758EBC0568531C5B467176E14696BA7FF3D7979E4EAE559CD1472DF1DBA,1900205
com.veraxen.colorbynumber.oilpainting,A73FF069271F2D3B2E57B10AFCC864CE2482CE78003356FAC2F0AE9C00AAFDB9,82
com.bhima.logoart,A3F44974730F8143BDBC840DA0594FAB70BBA0B2ED518EFBBB6017F4C86C4C6D,23
com.webgenie.ioslauncher,FC30967FD4F71CB10743E764BE25298D58DCD2FC281B09E68944FF4B08DC2950,1129
com.ng_labs.kidspaint,C492EB720ACB3460350454BE449202B992F7C4A57A96B86B7337B0DC30530F7A,22
com.colorbynumber.unicorn.pixel.art.pokepix.draw.paintbynumber,82AD72F42CC7DA23332896B46030893A71020C4B4DD7E089B9D8DD15DF73960A,40
com.drawing.sketch,C6517574A3F76923EACC40AA5F2B3568E74D0448D7582B83EE7E996979A2C4D9,32
com.artivive,C2A7F74BA6360784469F9E7F2F65E74ACDBB61A3A46F64BC125FD29C3C731BC0,60
com.brakefield.painter,32C964A8769492E049D51FD3F15EFCA8D7E921BFE1D38DDC650CDB60040C4AA0,400576
com.emilymack.urdustylishname.art.maker,4C9D249738883F083868E85F260F6E29030C633FAC8795E74F9BC695911DFA2A,32
com.bb8qq.pixel.pixelronaldo2,8EC3F0A763C55E93B5C728923EA0A2192DB6EB44F1ED83EC738B644499A87D68,14
com.appsilicious.wallpapers,602FB5CD6DA69E7689BF512E5694A6608AF4D354437089AED0AB5FFB64F734BB,66
com.ikeyboard.theme.dynamiccar,C6B989370784E1CE1897B2124B429E71930065F2DA67F2E44B7CEB1A384A55CC,632
com.graphionica.app,D992178E00580F508AD562168F8D89AC8F0D0ECA45F4FAC2E8A3FBE29EE14C57,302
com.madcat.easyposer,A975C7F2DC692E97AD6066116969FFFADEDC69550FED0D8DDC6074590EC5C502,301
com.depa.flagmaker,FEF385F5F1CE77166BEB65F9F026DA41CC0AB3A2787091F0C025A6BF06D07715,11
com.tfc.lightphotoeffects.editor.app.instantly.effects.colourfuleffect.picsmaker,786B34E99B045DC6B58F77F741725E730610169E53845257064BCA3C10FF3094,51
com.wastickers.alarabi,D29656F4863E9C1FB466857AFCC6B39914040BF6D5A3A9F6A0175B5520138178,54
com.coolstickers.namestickers,2EA0A50E61946AC6B005F09001AC6427F529F6FA59D103B195498A0E72B15E07,95
com.aymanalayan.islamicstickers,45EED7B3F6CF068CFDA41520694731E75798B1ED4C54D326BCB05F6F720DD8A5,16
kenmaz.net.animemaker,1AA56D4850035FE14D3089E49E0F69A9BE084386B3FC7E04B2AC152DB09C52A5,560
grant.grid.maker.drawing,01FDB510D9EC6F6450B09194011183C126D3CE383BB5E61C44DE0F51F8808D27,14
com.dephotos.crello,1B345FA8D2E3773343CFEE8CC5A2AC81CC4B80DB9E5031CC372E326EFBC97DDB,69
com.cyou.cma.clauncher.theme.v5382bffc3ff30abd74330bda,0E721864115097CF3CB9AB115ED0CF0B53644D3260BE80D2C45DAF38FFB4AF46,40
com.abdelmonem.TattoPhoto,D9AFFDA0BCCB9FBB122F520D42A1F1EF377D42D06580BFAC8717FCA9E0ED739E,21
com.magicposernew,36D0646385551396B6C72F8E890C797068D4809817D0D060304D96DCBB423263,224
com.optimumbrewlab.invitationcardmaker,A3AFA03B2B213A62DD4B9DF008933513512398CA34E418C9E1EB1C6678048DF0,35
com.jb.gokeyboard.theme.BestThemes.electriccolor,6C90803C2B3B8188EFB857EFCCAA5748D55C139E284CACD969B579844825A20B,80
com.camera.sketch.camera.pencil,A089D7E9DF7599221F73B0A897BFE46F6FBA57CE268128572DE44B5BB197FA43,38
com.nra.flyermaker,81DAB3EF1DAAC1D8B099CA90B932054CD7F06FFF909B3B07E4AEB4915B18502B,56
com.midlandStory.SwordMaker,E107722C2E8B12991F1EA8425F86234322C03594CB3EC5B96EC3F3FC94CEEA76,370
pl.muse.blocks.toon,C27C8A54930864A37A2422DFDB2BE6E07E55DFE1B4C1E3B1811323A8733AB535,225
com.ayush.fancyfonts,93E130C284D13AFB35E92D9650E752EAA52196B6391424247E50DB5B65CE4322,99
com.vikrams.quotescreator,ADDB6BFE30C25FFC82B6EBF663C934326D691BAE6A52A336D31A9DC34EBF6DB2,65
com.onetap.bit8painter,AD84DAC71975772FEFD6B1F0968A543C7855345AE52A624EA4DF62DB072828B8,86
com.Playrion.AirlinesPainter,FAE3842217814562670B3DA19DF5C3846605D0240AABA2A71E0AF3D81B675BEE,10300
ktech.sketchar,B31E6F358E1F61BA12412B1B949F91B6706C419F11325F84C79720688F07700A,5091
com.inknangels.TatAngel,4FE87AD4785CFB0A8275262EA7EE708B380CA7CDDFA26E4BB07CF9925B4852AE,145
com.cyou.cma.clauncher.theme.v53dd57ae45feaf42047ac82e,BA5E281124AC9DDBBE95ED8B5F72C5B84BE45564AA591F076CD86B09D2617229,39
com.axndx.ig,0F6A478C293FB6968316CF92596445C82C5B009459FAFF0AD6F49139DE9ED254,94
com.wavemining.artquest,4002912661BCA01AB989D371850AF7AEECCCBD45D19C5458F6C8E12FBBA123AA,64
com.phone.launcher.android,1FB47664C3B755576110A58BF7A01A6F110AF352267C341B4670C84A1477F232,103
anime.smartroom.com.drawanime,730D4C71F78E800928889F95D61D3AE388E3A595B2C2B616FF1BBA5FDC6006B4,14
visusoft.apps.weddingcardmaker,FF26D40AF381CF54A4A86EBDEF955F9700AC5F94193B1F353266A78D283A47EB,20
com.appxstudio.blenderdoubleexposure,B5845DF0C1A80B9555C3984D35E5883588D163D39D162F7246C33BDF4A4D4EA3,34
com.phone.launcher.lite,46B22B52444179A1A20AE15338EF5E57A9EB1F2BE6AF80B02A3039AB4BB4E838,127
video.designerme.marriageinvite,2EAC093B4B84E6EDC362A090F30F7679642D36F2AB2612D84F602D919AA04018,12
udenity.draw.weapons.csgo,F8DA347E2D5C5F691ECA470D553C8D5647F3D417291B9CD5C675238A50E270BC,28
com.petales.fino,C71F79055D82BC184B707753DB833CAA9D955FBC94A24CC29638C6BD5E37F981,43
logoesport.maker.yadesign,A456A8FF8D8B5308AC67816F5DE637255398CD27D960BE42A2EE5C18823B6BDC,57
truefunapps.notebook,525A91CD9C6A53015E2DD9A531CA68A0186332691B1751EFF987E860BB104EA1,19
com.workSPACE.Fraksl,03A875A07A8A508D29EC94A02B9614F4A17C5147AF1B4E42CC4389F4F1757780,18
com.graphic.design.digital.businessadsmaker,840095F5FDECDAC82C5CAA794F28BE7568A928875E68F10803B048F60960A9CE,47
com.ma.textgraphy,F02162F03A1F0F93B4496782C57779E2A0B7E1148A135445A653BEA6A5BB37E3,239
com.coolstickers.wastickerappslove,867AD229D291B05C4F406947C5214271506ABE9CFDD7B012BF8B63602335A642,102
com.thmobile.postermaker,5465E2373557C751CF25A7B4A9CA7AF00F59AB82FD24867653E2FD2F28C5B72A,42
com.skyapps.logo.maker.free,6ED15AFBD79E3B235131564E3B36D1BF240449480437E5A495DDC8122B71ABD9,13
com.voxeloid.drawme,FC7F4D29D443AF3C6F4A80D0DEF81C4E84E0190310B3E1777BB988558689CB86,132
com.Beautytools.coloringbookms,2EDEA01AC9FF1A3E7D58D38436C00E48518BF394FD7553DBA6CDAD42DCC9B3B2,23
com.axis.drawingdesk.v3,7995A282AF7B6027574CCFF5CB7A13293641B1E0FFFE0A2D54C80BEC52316D3A,189
com.artech.photoframe,FA29F417E1961A7327ADF818D00BF42955DAA6137440DEA8E8A045568577E4E9,4
com.octagonstudio.assemblr,9081E40B20BA2C394BE9ECE63A6543C7232AD294A86F48A4B2BC484BB33E2FFB,200412
artech.stylishnamemaker,14AC4245A71AF63FE72A8B121585F00437ACD9145E6AF984E1689548E4801BAD,14
com.sweefitstudios.drawanimals,9DF38C677F345DE1B44782A621DDC1E2EA6368E20D5E261EFAA10C739E67CEDE,17
com.dssolapps.photopeshayarilikhna,2A9A1AC29152DBA58A8F20C1425AF6FC5D3731F4CF139D655B164BF00187327D,6
com.pixel.shayarionmyphoto.writetextonphoto,7A1C2E599C7D61A9A320BE3146D7F635B45B6AFE2AF48CDA055C0D56F5569F2B,30
truefunapps.food,045E0BA5EE4E828532DFC8C77DB680748F3D9071E83BCA699ECC694E87FAD0CE,9
com.abdelmonem.nameonpics,8650C96B4B71A2D5727173B4EB86D61F790CAFBBFB442C87F4BF7FCAB07F7FA7,18
alpha.sticker.maker,F48DC68F5C35F3CE11B3E3B3411F5BA06B2CF96D9F5C75C79806255F8D1BF98E,41
com.brandmaker.business.flyers,820D0BD609DB2763E66B32AF5F6BA4E2A2966251F1F240A841A97E244E0C1D25,14
how.draw.cutefood,664E1F7F4C31008A85EB2CD4E4418E770FDDA4FA1616F73B04FBCDA47FD01D2D,67
com.ackad.kidspainting,C4CDE5A3C6EA633EC4A51D46EAB10CD285D1B4A8711260F81CCE07965211BCDA,34
com.ai.viewer.illustrator,7DBA4D7EE24921653781BA92B754FD94B36C78F4DCA7CE60A2A50946B4A425C0,89
com.fsapps.post.maker.fancy.textart,92B53C6185048F40F4F689304C4387E62D58AD60DD400EACDBE3C17F411C7D33,14
com.fashion.tattoo.name.my.photo.editor,5B170E24E5C91072CF470CDA631F5C46ACE521BCCAA3274FDA0ED384493CE493,48
com.tattoo.maker.design.app,09ACA6A9B44797AE874547FD4D4280DA03281CF5BEF0DC5162544EE7CE39D983,41
com.raed.sketchbook,6639FC88FF97A1D49B7A43EE2C74D05B883EB45685BD96AEC0EF48D56B14EFC0,46
com.createlogo.logomaker,95061FDCE3B51F33A690AD687E6879AE2C1314615AF2646008D2D0273F43ED02,22
com.iboattech.avatar.cute,FA2D2A0615E6255F84958F9C4FDAA4466405EF28E9C510B15407953579E2B6A1,21
com.sec.penup,1EACDC1D58014485A04B936C98058CFCCDF0CAE9774CABCDB31D6138AEB2853F,380000018
com.ticticgames.glitterLips,059AAF8F973E8717022CDBDADBA713E5C447A91668F3B9D35FE908CC1019FCBC,2
com.wildDevLab.threeDLogoMaker,4F03C81AAF74FF1DDBDFFE3EA9FDFBBEF2F5C37C98D23DCB0096828FD8FD1871,30
com.a380apps.birthdaycards,C7F48AB695ED7FE600975E907131EC28C4192323AA923000C398D7BACE0F7495,116
learn.all.anime.drawing,838968367726AB91E1BFE33C749D02A03D93125B04E0F8DFEEF81D7808D4DB7C,189
bestfreelivewallpapers.love_photoframes,9B1211C5299988679976C037483D93117EA78CA616C5BA342606B027114701BC,10
com.cool.stylish.text.art.fancy.color.creator,D4CFF80CCE6032560AC20BFD11AB29CFC17813C4D70BF9E42F9743D1465F1097,44
me.bazaart.app,7F953E0817EFC375CD87D13781D3175FA0714885482741DB58AE76113742AD3A,131
com.adobe.creativeapps.gather,AB0CB2FF79DF8E7CF76008BB68262144000BB215C0C299DCBB75395775ACD8B1,90003996
com.LM.SLS,9CBDF0A4931DE6734788EFFD7554367736FCEC1F695B0647244F9EE50A82CE96,107
huawei.p8.lite.p10.plus.p10plus.p10lite.nexus.p9.nova.mate9.pro.galaxys8.theme.launcher,05FC7B8301B2E72C397DC2D81B349AC9CFFCEA453A06E6131452F6B83C93BB04,50
com.artech.logomakerfreepro,38CCA8C0F3D6D6750D747CA4E946E39B80895DF75EA65C39B33E55FCDA5D25EF,24
com.focodesign.focodesign,C24457F812AC2063473194BC82D539E5C3E7FB4805B8C97DA5941A0F949EF0A5,150
com.benzveen.doodlify,9B1E78B9A26293298CE5B57604240E8F645AFE91808C7E605B972F7D4EE533A5,54
com.zimad.mpixel,990533DCE79A50E2E5C7EEC726D3F29E5E9E551239AC0004ADB04EB1A8975266,41
com.oshirtshop.com.designer,36E341B7B48F9A3B0063D690AA571E8CBC5C71EC1FAE80FBB8422B732E9F1881,94
uk.photoscar.toon.editor,0695F07B54DD17A7E581085A895CFDF203F922E9D2400887C9D92A6F88DDB7DE,71
com.tattoo.body.name.girls.boys.photo.editor,70F89301F6B8F747285D89073DEF08AF2495F3773EEBE15172D7007430E552D4,20
com.kids.paint.free.app,819409BC616AE72BD6D99C8C8DB9A897D1C0290556E2208228B7DC6EA50A141A,26
com.kamal.esportlogomaker,EDD96E65BD25170E83FAC1A0F915FAC4D972AF917AED53C11A9A0B1DFF86C53C,28
com.design.studio,83CBC010E2C1F56357B0F5F717CCB474C09C09036EF5EF631E5513FB50A9B1DF,64
com.skyapps.urdu.poetry.on.photo,19A266C4FD2DA3D9CC87F719E205CB94869B7730D743E0E95F1C1C72C2A70ED7,11
com.socialmedia.socialmediapostmaker,A1CE8B9C9D679E6E74988BB7F029AB2722C8F77727B7F6EFA92E9744C0A6B489,13
designingworks.wallcolorselection,E37F634714BF74E8BBDD806B3535507F5E5B317AC89430B2B49F9AAA5E78CAFC,29
udenity.draw.animals,BE3A4C85424548B20A88AA02FA36523A5DABC52E3B020D7BCF14F59F6DBB67F7,65
com.psd.viewer,744A874E983A3B46A243A5F9924D2D225FE38BA1814BCC5985B404F86D8A9B8B,59
com.ioslauncher.free2,36A34A929FC1107F17CE33263854C4AF9CE5F8851645357CF6FAB3DE88C7C5B9,1122
com.prklinapps.mehndidesign2015,68FB04B4CD4D0E4065EEC13791A6406A7030BE1E2653617DBE7442612E8F046D,29
udenity.draw.weapons,27C01AC59B904B88E820F27C4A33EFAFDA7473C8684511A7BF262276007CBDC6,70
jp.co.psoft.zenbrushfree,F3C1170E30E9BFD5E16EB9FE68207DD68E26D240DD9DFA26C5F92E1A2FFA3516,347
skywave.organizer,752EFF814D145CE49F16B6AE42B1C0B1B4421FA4DE71574086AE1995A83AD9B3,8
com.kandrolab.Ismo_7abibatek_Soura,22ADA8A527F7DB2855202C23838EE9A9A124DC1B8336AF2A20A2175C4D4A36F0,36
com.a380apps.baptismcards,15981CCF3D36D9175DDBA9E41C6014A25050434AA2EE21906EE9055BFAFC9818,207
com.sweetsugar.pencileffectfree,623F37A8F0822662379CF062BDEFAAF7F4172C21AB5CE0CF5E194DA237DA022D,96
com.gtp.nextlauncher.theme.softtouchredbygaaanfree,A1C818CD3E39988379B962857E6FAA7F47BD19118A0239FF8DDCD52076471D91,30
com.kvadgroup.posters,E6CEA2F975622F7874BB9D673FC4113A5A23E12B8E2C1814AE33C60CA1B8EDB7,64
com.redberry.drawglownummbers,1AF79A26D094DD2592649C49ACC78D2A3C37B2E1AF7F2647ADB50FC89B244A22,5
jp.co.celsys.clipstudiopaint.googleplay,99D547BF431CE74537C400FE4795E318DBAA05CA9FFA82BEA0A6FA57383F2207,211006100
com.uniapps.texteditor.stylish.namemaker,E15DE45E7B21ACF95FDB7FF2E5063ED79A0444DBF9AD1D78FE76F328247D667F,7
com.svenapps.learntodrawtutorial,08AA3655D39D7C7775C709C6ACC8FC5B90264F914A007561275C645A01810BF9,4
bazaart.me.patternator,EF122CFD2AD8262C6CD4885871BFA439133CED5FEE872F95A3FB3E49ACCCA686,80
com.sweefitstudios.drawtattoo,735970E10253F8A5998CBBC2399E4670390E1CF65866D46FD53EF6BAC74A8E2D,10
com.magicdoodleart.quickdrawingapp,D2FA7409B6D17FFB028A47B694C3B3B519CFDF6A5BC847C536F0BE0E995AAAE6,200054
com.forqan.tech.Beauty2Coloring,E2FB6CED5C01E321371A92F6C87440DB6ADCE2326FCF97B22B585FADD728D731,1003001
com.duwa.themax,A71A6EAC71FC434D7C96405532EAACCD0B8DC31C4FF2D9A9D22C558F512391D9,10
com.creative.colorfit.mandala.coloring.book,0CF85EB2E1CEB8C98ECA32C94230C7D36AA021EB26B09F8E69CD8941D1C08B5C,24
com.yk.grid,1A012E6707EF672785F137F5333E6F36DADF9564A57D235044618D9A7D192E63,310
ws.yuuki.spectrum,C2D687BEF9C693FCEBFA8E4017A5A1CA5B5B90296A9476A28BCE5D8A44BBFE2E,591
com.aiTeam.SmokeEffectEditor,2DFC85382D89EE31388E8F725D122A2BBCC7374004844B384BCDD51009CDC602,10
com.ticticgames.coloringprofuitv2,9FEBD080F1194AAD453A8C8D4C128B5CDC44374562D8227906154DF4369CC64B,4
com.studio.aone.mehndidesigns2019,508BF76AEE9E4F4761076F92ECC98E06987ED6792199D89ADB3475D4E8A89546,22
com.yys.drawingboard,A6561388349AA1B16BF379894ECCB31448E25B14B0BD94429A1515659AC52016,203
com.cross.stitch.color.by.number,3B48D71BCB0125ADC486F16F23D6E20F85096ECB5A6D88729336EE0FB23EA990,48
com.doodle.master.draw.glow.art,805A5B2C1235C1C0ADB881DCC5621413877D4C77F95B4A49EE92E75307E5795C,36
com.roshi.name3Dtext.texteditor,FC4906573E1E85C9A970C70017C0743A7CBEE7B671149E164EAD63C14680C9FB,18
com.businesscardmaker,775521803A2A08F3E1697F3FD07707B8DD094D4670AC1482E80F9CE296A1026A,26
com.sweefitstudios.drawhorses,5611F10FB21A0D32B5500C141F6CF3E3DF05705552D93E7AE7B48FAF49ED0B27,13
com.Mgrti.NameonPics,4F531DD7B09A9C435C926583A0A69A91DA803DB057456296A063E7EC3587A14A,6
com.labelcreator.label.maker,E7F17F815634809BFF2B3298F5F4125122723BB0E693E392616439B87463C43E,54
splendid.postermaker.designer,F236ABB8B6BC178EBF3943BA78FAAF678F87792E29C0D43E0D12043D8C8A65EA,42
com.inappstudio.bengalitextonphoto.chabitebanallikhuna.chabitenamalikhuna,E0E32DB158D8C3428F4D5EC88CD133258272F3B8C3C87E60139B294D14E72F2E,15
com.OneManBand.PoseIt,E971B5C6E29D0BEA510C09DC2976712B259C9A623E92C7C31194A4EF2A833D4A,38
com.oq.AnimatedText,A8C1342262073DAC152CC33E944F19372B048E97AA1572F33C6E24A19B075286,53
com.business.postermaker,5354AAC87FDC4FA719313A234DBFC96E9763BC54913B547A5BB1005EBA7FC5AC,13
com.invitationcardmaker.videomaker,17F5FAB1D796903543AFF29F118DF82CEC605CF521032CF13AF5F38F862FDA10,41
com.messiwallpaper.lionelmessiwallpaper.Leomessi,AD28AE23130E2FBA592E473CBE163E5C62C4D0499541D67DE9FB09C89A009D0B,12
com.appxstudio.smokearteffect,116DE8C971A490C4DBB33D5F9D005E452EA23E9225D3A769819CA29B9B1811E2,81
com.vblast.flipaclip,5CA1998EF0BCCC88DBE0D5DC09B7BF1CC273C81FCC8EED659349ABB0AF1D24CB,304
anime.face.changer.cartoon.photo_editor,F6B63AB4381C102B9666F4A308F35B9A655F2FC70E053872742EA3425FDB6EBA,11
com.vehicledrawingbook.android,33739DDA6272E4258E566BECE851D3C5C16B957C7C0070D28F3BABEECBBAEDD7,21
com.a380apps.weddingcards,EBC33CB572D1015102A173ABA915A9C558F7EFFA34B21C852F4144AFB8A23305,114
com.logomakerfree.yadesign,DC69FBF84E3CCB5FDDDDAFD19AA1ED1386B186521BC43FF7F668B68794584380,20
com.newcalligraphy.nailartphoto,EBECE504A94ED19157D0C1BA8AB19F136E452652C85F119DD19F7D672F009847,41
com.visu.name.art.photo.editor,26ADE503DBC7A00DF012FA29EE27AD15613A7A9A6F168C7949E28ECBEF9C430A,7
com.appolo13.stickmandrawanimation,0B7D19EE5886C23430090AE613551A4081E3492CC96FC3FA854A321B72458C20,65
com.bb8qq.pixel.pixelfootballlogo_tapcolornumber,374489CF2FE2B82DBC7FAC44DB2E09C67FECB45CB7012C21185C611C374DE1C4,16
color.by.number.pixel.art.sandbox.paint.draw.free,B6EE728D321EFC7D9303614AD7DBB0F2285FBC4C3CE3B30AC21D98E82744704B,373978
com.funnystickersil,2EECCEB9F0A2C7994ECDDE3C4EFA1AD1FEDA2B9D2B5EC3A157A8A3A604D04650,90
com.kidspaint.kaushalmehra.drawingfun,F4ADE89AD1635D560921E542373669F1C7C83FB3E6A334DEB3D53FDA8C7EA343,32
com.forqan.tech.DressupColoring,0C3724E182586F7F3E4F9BB2CDC9DF7A808FDF11E1AFF8FF77F9FDAB759AA022,9
air.animate.space,680201B50FF901AEA82AB0401CC793831A044F204E3667BBA4D9B31539DDB8B0,1004007
com.eyewind.colorfit.garden,FC2E7C634A896C556303B537C75ADEE15FBCC61B148DC27D19229704B1D902F7,3201
com.pixel.tattoo.for.boys.images,A06CC9153293BFBD6AA309A65344E1FC901C651C4FF0AA62E0D6B578A8123670,37
com.Junimong.Junimong,58942E0A5F2CE6480DCE384CC126C212612B3131B4B25679300130F983271CC4,100000124
fida.pk.urduonpicturepro,F17780F7F63B99860A51EB28AE7073F61E0D7B07EF3E217CEAE95BE6D84187E9,404325
com.redberry.icecreamv1,571120294DFA13AEC9AFD599519D71C7BC61D3E8F84FDA0199513E6D73780C4F,10
com.duwa.thegamechangerfree,0CDCFA427601C496482D09F127F8A897E94E80A48B109885E8E3A00019C2C53A,8
com.heatonhead.fingerart.pro,61B3B1C0224010C76ED412C243FC511B638723BB3191F5AD450027CDCE4FD221,69
noirelabs.textgram,CA5A60B09AB27B81E3972704FDBF56DB6D2D71F8C6F543961B44CE2C360B1959,110
com.stickerstore.diwalisticker,0D006E935D586D7389CC98C6A1EF01CF5D45494DF0BE274575ABCF2D1C330612,23
com.abdelmonem.nameArt,DADF19FCFDCE428E3D497489F48F853C47EFD9A23A9BA3BA528B04FDA1B9E849,25
com.bytestorm.artflow,36E7B1B7F1BBBD57C10B88DA0981A393EFE76F3432DDCEDDBEC155384DB062D1,2008105
com.artech.logomakerfinal,0D338D19A09B6A0B2864D0EDBBD0F8D7B3F8A5E00CA360AA81EE41539183C3CC,5
microbots.logomaker,1917A4ABB95888232E0A70A28C96F4308289FAA01A79D2B57D56C4B137E8BFE1,39
com.duhnnae.drawingpaintinglessons,6AB7A13EBA0026DFB27DBDD6232AFF3F6CC3064F0BBECE05CD4CA39DD919E367,128
com.tophatch.concepts,B9882D7E4B7F03B3676E892DBC7A51E000518830B4CCAFF01D8F912AB23D062C,211000343
huepix.grapicdesigner,498DDD9D4E3D0EBC0A53DD2806D5DCB8983C4015E4C27C5023E2FCA8DC1CD4A2,7
com.tricore.face.projector,314F92DD4A7CF29C7FB990DF725193BC6EC736B8D6BDF7EAE8D4E005F27A5A74,9
la.unum.design,91670524360E698F34F8821EBA8984709F13E3E527C5F74C4BCA93474B53EA4E,13402
com.birthday.birthdayinvitation,274329AEB5329E18616727277C4A7C8B6FFA747496556A91D10F14CFCA25ABDB,13
osmandroid.a8bitpainter,99B633EF42C2AA3B067D724CB27ED5F37EAE73DE8F70A6F878B1645543107655,54
photo.pe.shayari.likhne.wala.app.free,E3CFD36CC8EB5E7BDDD5C25ABCA3B23473D40C4EDED75EEAFA87ED4B90BB869A,9
com.girl.photo.editor.free,7B9517FFDB354C4BA0330E2D2B43B9343E10D89427197887F6F987B8E1D06397,4
caricam.caricature.photo,28471DEA3D35B5591C4A8104A69ADF8370FDD6D9304D26685ACCCF2FC32A1698,31
com.cyou.cma.clauncher.theme.v542279ccb70366ba6adf1de2,0EFF04826F9B00E0238DDCF1591CF6D040155F04B6FBFADEAA305126BC7258A3,40
id.akusantri.artdrawingideas,2A3D548CE11434560F843B9E3830BB33F851938DE6AAE92D1DCC165FCB12ED96,7
com.ducky.toonhive,E7236C243A8884133DB9CD2FDF9D647A9B00C50840792D3272A1902CE48F3551,49
com.baselayoutsforcoc,E4B958D3BA281E2550E82A4B3080B5C9A4A3BEDF8B789A5ECF0FC7B4A607EBA6,8
com.sk.socialmediapostmaker,6BC8249C0D52A815B11240C7EF8C260B356101060912FC2D35C7EF72A5399EA0,13
com.looobati.hdwallpaper,579157512A831D9263B9E2CFEA66F232BA3901B568AC78836A0B74707A8F5AA0,7
skywave.bookmarks,E6B4EFB7996A11C6F28A95060F5340B0827DDEE51A8A3368DA508C70D9A95C6D,9
com.gtp.nextlauncher.theme.softtouchneonbygaaanfree,2D9F8FC94E3AD568F0DFE3BC5AF3ADD7EEF451EFFD1D70C6D748D1CA1505D5DC,21
com.gtp.nextlauncher.theme.softtouchgreenbygaaanfree,10AA9379DA72DC2158FBB78595B6F492F709BB05AAB38B09560FB4E28EB93E16,20
com.wedding.coloringdodo,10B2756F2DC25F101B43D4FE7E5B44839B7E2319719F12FB1B98EC39A514B602,5
com.vvorld.cdrviewer,4F0D03FE01731F305A215FF8E7854458C208D8BC8811A3F74F3E7AF0A93D4971,21
com.jdpapps.paintanimals,41F1D85AA261F7E1E2A13F21984FC9D04736AE2F527925AD66A1953657339D12,112
com.visu.crazy.magic.photo.editor,B7C9653E61604E8466BB1B980E17659A2C233A12532CA2095DB689F44F87E899,10
crztbag.com.photolamus,5A0F28127278CA0120C85EA692CDFB31F318DA4F70CDF23EFC4251B144EAF846,30003
com.apptrends.name.photo.art.creation.photos.editor,180986FCDF89128698BFA3040B30CBB7031192CC9485AD97CD3B5FF57757E353,30
com.ng_labs.paint,73FA35055E2674C30087232E179C2EC8E245655E842A7E54A56F9FA2771EFCE0,14
com.a3dportable.a3dmappro,B6ABCD533F46C067A335AD7732AC5B1D2D558CD240A46D9BFB17661410893904,7763
com.cosmoshark.text,BCE296EA58C1A2E2C3F6171DD86C365D108B75B7891897B644AEA5758E250E32,25
com.Endvoid.SculptPlus,537E76212D9BE32162DF22E29F12128BE2DD765AD66C0F2AD7FC777FD7582D78,80
poster.maker.art.design,6E888A3B13319CED8E88C961621802D1619C921927326504C7E28446DFBE3E9E,48
com.letsmake.atoz.design,E7E53278D675BDCF5314413AE3838C5329045EF227CD2E6A3985DA041FDE0789,61
com.forqan.tech.BeautyColoring,4EA00D81BD8E8D4D9CB33CF894AC21F3C46B4927588D7AA928A9D6E4EC5A954C,1006006
com.tungnv.pdsupport,D44B86D73E3B765CD35716D2CBA6D2429D681AD7E53C98CFA5EBAE4EA7EFD26D,30
com.kawaiiwallpapers.cutebackgrounds,8B154E341D554287D857A492B48530F4F27BE7B8C3E7BE95D2F2F47775988ECC,12
com.girly.wallpapers.lockscreen,30D61A724B3DEED6F899C5B89E0088EB26F10132CF6F6A959188694FFE3681F1,10
com.jaytronix.markermagic,7A9EF81D97FF00B36DA9335B00B2FAA80B1F75EF244BE35D8AE365996D1B2A2A,5200
skywave.chancellery.online,907481CA962012200570B6DFEBEAE44180589E37D281B81643FF75C033FF3E38,17
se.overscore.artx,53C6EC32F09040BC928B4A1D41097A34BD588657566EB824E8A09488F0EFA4E5,21
com.abdelmonem.writeonimage,D28518F464D909307B5732EA02575940C1A36EFF27CAC286E1D808ED92CC9378,56
com.roshi.logotexture.hdlogomaker,D959F3E43B998E1EF408A9A5E65FEF2FB7B6E4AB982BED8142F60599870A6905,12
com.sweefitstudios.drawgraffiti,22FCE75DFC7089787C8E2ACD3276BE2AF3EFE8A57FD2DB069C70F2AB8346667C,20
com.medibang.android.colors,12EBB09ACDD3522A5A2C4E3FE870B5768935A9EA00231F42A2A7FFC4E9053A85,9
com.weddingcardmaker.videomaker,8008967091C82B43F892A2634DFA157652A30A66D7B56AAB4C40A718D119B54E,31
com.meltinglogic.pixly,A7A73BC9A739A409BFF6694F65C905452D632443EC77C5D8457CE28CC6291E28,34
com.eladfinish.emojilettermaker,13F5B102FD9BA75FFF9CEE011E015C17780EC4D2FFAA7AC66F770392C3DEFF25,82
org.zoomquilt.zoomapp,142F5BE5CBD6B63DF8B35319DCC315F0C123D1CAE56E46CD8EA520A3C3026607,26
com.legend90.stylishtextapp,14515E060EBE789F9996B43CBBBCA5AD7517F48B6AAE3E997F531B6923B715A7,2
com.weddingcard.maker.creator,5317047B4C3DBCCB1130A06037D81035FE87909E5C92C4F4F5D7401CBFE6B172,21
ice.lenor.nicewordplacer.app,254FF39A8C41C63DB1AE7C18D7D65EA4082256E6E6C448C60A0C929B47963C19,294
com.gaaan.glass,EE2A514AD67C1B2584A51A4E9D9856DE011CB738567D14106E490216464FEF66,23
com.TNInteractive.GraffitiPaint,CC3B7A5BC23FB955B5D577959DEA3F69FE7A7C28486EF23FF9C6DFEDDAC41B5D,48
com.picklesfox.shirtdesign,9C022A13E4049A6188DFDFC4FFEBB4CB7B012B6FF92DDF1D4BB983554BB3573F,32
com.beautywall.superheroes.wallpaper,161EF404C8813C8CC59B11AC2A275B6B2B81E4851018004E8F9F352C25D769CB,9
com.jdpapps.paintmandalas,78F3F41D7DB89090FF49BA05C2703B2C0111C4AF3AE2824A6E9BC8345625B3C1,114
com.siberman.esportlogomaker,DF7A17F82D6C5805DD36B3038BAE5EE960A8D3EAB81CA33089462C9ED83CC576,6
com.huion.inkpaint,88AA3A850D19824BF2DD75FF6736EA536CCBAF552827E64C4D3068F34D9B8501,70
com.gaminglogomaker.esportlogomaker,975AA43211847AA29D2499BAD61FEDDF14C391FEC53D9B228A847524D99FD6F1,5
com.psma.postermaker,2879036E168FFE02FCE2DBC0EB3925128592FE353B22303A9E211C01366ED984,4
com.tayasui.sketches,1DF023E680D4642975A89CC00BA1BBB4A18989AEFBECDE94A1ED5EA40C90599F,111
com.girlywallpaper.animegirl.konosubahd,F931E9E1D7172075505D565E42079AEEDF93627EDFF1A19D6A3530E3E6D68A60,10
statusimages.makephotostatus,9D39716DDC7B195CFB39352457320CD92C582FCE4D0471F786014232C44B0805,23
com.cyou.cma.clauncher.theme.v546307d9199ddff33502cbdb,426DBE6BF9E8EA2CD0E864D13E6EAB37E5FA926F954E52C412653AC64848861C,46
com.aiTeam.logoMakers,575113A9D9D5E0E2879CE2B53282F9422C6751A6B733BAB9AC77691D6714CC34,15
skywave.furniture.online,25A0C20C18345FC851AAE9CAEE036F6D112119DB688595F8F3F8375E41472D0A,10
com.skyapps.hindi.poetry.photo.editor,1835B87A0CD925F25D794C5FAE25219B694A760CBECEC5E7EE8A0EF6DFC020C9,8
com.teazel.coloring,A8516854FD34BF3B70BB3B78D13773E1CBC91830C7BEC4D0EB90A4E09A2911C6,76
com.abdelmonem.Men.Hair,9F289E95D2C774F9EC9AA42EA48F1D7D9D01D561E4B632A6C67428F4546FE74B,20
com.ar.tattoo,82FC72727F944632C39A3F4A748DCA88C146B6BB61DF0DFB572DD52C5ABEA8F9,7
com.DioAliasGames.MinePixelPainter,B9229D1E062E45DEE1FAAAEAF7A8EB8B8B684AEE975BF9EFF9F4D1E6AF5C87F3,178
com.gulaabstudios.ArabicTextOnPhoto,92326415A6AA51DF01B3F5A289E7DCBA8E2F50B0BB180D807503DBC1919E0E22,4
com.bluebrains.offlinemehndidesigns,19348A6E355FC86241A9DB50E54EBD227418C3E1A40A6A2DCDF6FAC2BEF305AD,2
com.solodevs.fortnitewallpapermaker,A896F8A72F3F4C8B1D3FC9CD6658A24B6F629F0CD8AFD78E7B4E87E32F6BCD16,48
truefunapps.furniture,558166676267E2FC54F31F7DDF03B1D55444581AAC8A870BC08281A823E5C600,23
com.zubieta.craze,19677790A42B87186942A41B9337914C6AD075C6E84DB4FD588F0D69B3AC0406,21
com.wildDevLab.LogoMakerFreePro,7DBBF803DC07A5B2794FAB60EF904C2E5DA9634851E6D1849ABD703156D79716,14
com.hellokitty.glittercoloringdodo,864352452B8B154665AC6EFD32E540752BB1F37C93F7D93F59102C76ECBE17F0,8
com.draw.paint.sketch.one,3F7D10F2490C5A94DD6AB6F4D18593B496A5B01EF83F77CB588201FC4F3E3669,18
com.figames.mandalacoloring,B6EA5788AA745A30F12F06D0FC11840172D7DD282A3F64D4C3FCA0DD4EE83588,11
provapi.wallpaper.xxxtentacion,A75FD61988CFC459C7ECAE26D15C776B83A2BB9D399F14F7D86337FC7EB7B4F9,311
com.icyarena.android.frockdesigns,A0152E904F303878DF7313146168265FAAB580FE20A1DA458854F51CB1921343,5
com.coolstickers.wastickerappsmorningevning,1AF94C3F5EFD64999CF3C1D1B51A9276B17408D7D758AE52D4005174050402FE,136
com.adsk.sketchbook,9FDE8C96C9E39E416EDF7540744B6C7676E117D0C49B0DA35A2021EBD9576166,453889
fusion.developers.shirtdesign,6B28E8BA45EF8A1176998466F3030FD994A63201CC7492876422A4C58D46CBB8,8
com.invitationcard.invitation,A5C09B01BD7DA494959AB9AF7E7527B9EA5AA281320A12411B5D7C7D22A7E66C,10
handmade.smartroom.com.draw3d,1C54E1B9E99EF530F73DCE523978208693751577EA090D60202CE2B36F7FCA2E,8
com.mark.calligraphy,1C66DDED3AB173DF955DA30818CBD0373237EC304634CCCBC254C1DF9ACABD42,17
com.halatapp.videostatusarab,1CAC67902B4CCC77B880A1DA936D8B7458F72B176EA7C578186E010C684CDC8A,9
com.corel.corelcadmobile,1CBD136B45C0D77489B257F5ED98F0ECDFA669098F4AEC6C08C58C79ED0F9601,1129
com.cyou.cma.clauncher.theme.v539b00eadde4eefa323bd073,7A3E4F3BC30940899E3691C452D66441F9AD2CD400A4790152C1079BD363E5B0,42
com.LogoEsport.GamerLogo.LogoWithName,1D4C5C20E2D1543F71F59096F592DBD55DE777C2219EDAF6F270633CB6FF1E05,5
com.app.devzone.mehndidesigen,8E91B518556E543629025E6CBB9FCCCA2ACCD8C48CC0DD68572BA85D275D3135,16
com.mehndi.ihsaa.mehndidesigns,AD4B57271842C9557B93205F637ACABCEC17DB84C415C5A68C8465AF693AE68D,29
droidwally.live.wallpaper.parallax.background.ringtone,7697F18B62F15C0487446295E7A8F814AD485FDF127E26A2439C0270BAF48FD1,21
com.wall_shelves.dev3,E4F4CBD6B9E28498F7683497878D72213274DA0A8D8D3302D4204857A69083B2,12
com.gamerlogomaker.eSportsLogoMakerPro.GamingLogos,B033312241CE1E0A5484AD7E1E6A9DEBAC19280A4DD51F74A7C0C38149DB8826,17
com.icaali.StickerIslami,1F0997EECD79CCFF7A3A261A52C68FC7042522BE7EA8304FD78C06B142F3E37C,25
net.creador.carteles.postermaker,E886C2EB9EBF0AE2EA0E1ABB3AD74188BB10934DED3EC4CFF1A963A61795DB62,11
com.picsart.animate,1F3CAA01DD6D097676317F864A1BB8FBE225444CCB382C047FEF81942507AD42,9
com.baramgames.ColoringByNumber1,605201C93190D4E21029250083F04FA7D833F54C8DF308EFFB95E3D3EC9548E5,3
com.sweefitstudios.drawdesserts,1F9824C8544CE10588B3A50D8DE9CF5D3FDE9F0C4F1E70284F277A8AE1B483B2,8
com.ayogamez.sketchcartoon,DF2335A6422C74F57AD1D51F6BA2A073E8E39055D1224C85EEA5D1C7E1A7B626,40
com.onestory.storymaker,30B1E6B4D29BD9955E317ADCCF0489EAB2554E99D0D26BE7A9F356E8894340CB,17
com.urva.allinvitationcards,AFB0B28E7A22CCF95D18463547BE2678C5739EE053B4ACBE2C33A5A34C088646,16
ps.battle.royale,DA1DF4A2F58399EEEA282D29095CBD6041CBA2A94AA1FF667D8CF4DA4895BE32,4
micro.nameMakerLatest,7FA2D6B05C877D8967565FD990DB73C9EF0DE60D985204E20BB3312DF001B461,30
dz.condor.ThemeParc,54499723D0CBB9624BD5687BF5DB821A907EB6C13C6430AE0EB3AF38450DD5A7,15
prestige.tshirtpro,CAF88A4CA75A359B11B39C191C43D3C0F6126930185E93F8A80D9FC8E4BC735B,8
com.babyshark.coloringdodo,DC9ABA7967E3E7B5F01F691C8DAB3D4C94D6D2C36853E51405F4BFC14B22FF2E,5
com.ini.april.trukkayu,2163D24858C96FA191DBF77162A40EED2599DA0E97BA846F32D05895CC87640A,6
com.JindoBlu.HandDraw3DFREE,F60105D169D758F5DFB3B3F286AB7179EBD181BE1F143A609373DD7383543EF2,25
com.chagiyaseo.mikecrackminecraftskin,81144B94EF31E71CBEEB821645BEB8C912FCD77FBB4458DFF6E39337E56BA55F,8
anime.paint.kid.tap.coloring.by.number,48DF8581D760F917926AFEAEB9CD6026F346C938AF87DFACA235815900270670,9
com.ionicframework.urduonpicture524687,280769D6255F5DCA516EE79ED4F398F9BCDCF4680D31BB7802E094EEC2DA0878,20100
com.piupiuapps.coloringmandala3,21E448F60CDA71022E567589F6A9D4F7EF41A450DF8A160D32607E7A1D2EB8B3,9
stickersforwhatsapp.wastickerapps,81A0AE4D87FF3124C089152A02A6FC9B09B194A6BA9275A03031F7B53B021FB7,13
com.appxstudio.postro,6811BB7E940309DE57CDEA4BFB31D95B7718ADB91088C74D3BE507C2CB64859A,17
com.cyou.cma.clauncher.theme.v5473ffb1cf23c1b22f5d9e17,E58EEAAC9F902D964907B66796B8DAA187530129C2FCE313CC240D077370300D,51
com.visu.funny.voice.changer,940765F3E7624C522E8B95CA7996A915E6A9E179B11CD2B431D29BE7EE678164,16
com.figma.mirror,B546A4FB5C86354F4F83618FE7A1727B978B7FDD8A6B6561B191BC8DD42B879B,11
com.ticticgames.coloringFruitv1,B80F2C8920E1D2612AB37C79E409B9277DE351C940FB7B2354F4D80FF7D26B3E,10
com.eyewind.paperone,521E14E173584F3C4FCBBC3E687F71A877F64595B2681590E3CF65E5C208B2E8,68
com.my.deepak5,3D5518065D4BF2A403DA0A54239F5AAA01C275E02CD9B3A2AD1E3DD845B25385,48
theme.colorful.bright.colorful.one.plus.pro.launcher,2509997E21B0B76F7AEC49BCD7A8ABB9DCA252D8A431E5D722CA81BDEE3DB8FB,1
justcreativeclub.learnhowtodraw.lilcutegirls,901C1667B6FD31852C63BF37919B317FB4C8BC89DD8C6289461E51F30D00DFDE,12
com.QuantumAppx.LogoMaker,BDF26D042C125ACD77708600A813AAF8BD2313C05E997148EE3B8D23D8B82DB0,9
com.beauty.glittercoloringdodo,25FDA8C95033E5C9E22298C1F8D1652D821B5B69CB49EAECEC6217A29BBE5A7B,9
anna.gardenphotoeditor,26A7B51D229CF0AD2A5E23CB636157E21FD98E240E98AE36ADF4EBE840BFF119,9
theme.colorful.bright.oneplus.pr7o.launcher.wallpaper,26D1B1482A41CD7C26EAECB6A503DAF776C9FFD1F5F2491FAF87E78A1EBE43CC,1
com.nexogen.beautyplus.camera,EB74C0F8A3E1221DD6C3B74C2C76FECB939F25A3EC352CF2339668DC7EF749BC,19
com.hridhanstudios.girlfriend.photo.editor,D50EC44A345554FFB32F781A687C8169C927271770EF24ED98923D03C1CA774C,6
com.iphone.xs.launcher.ios12.theme,48258A7566EFCDEFDCCE9AC544BE39DBD4ED1EF5E199D339A0454BA9B725BB72,22
truefunapps.dress,27789724A75F34491171908A9C34AB3075B995F50AE434DE4AE5B619D538AB73,11
net.invitation.cards.postermaker,2813A492B30FCF5D526477729E927440645E472D5C6FFC4DD98DC6AAC1938DC4,12
com.bhima.watermark,535A326D9D5B9FEC8E80A68DE4E4A14BF3F971B66CF784CC4E4999DFB8600F3B,16
com.eyewind.phototext,27CE86558DA9B31771BB153CA3078FF35B9BA0ED87A83027F1450039DEC67E73,1007
how.draw.dinosaurs,BE01A3498CF605EE208682C24352287F18BE8812C96E91447146C1FE5907DC5E,65
tools.AFSouDroid.muslimcards,D11F061F99481D67AC973723D972209E6ED3351AA8F07A0C139DC357FB2AEBDE,4
com.ew.coloring.animal,5F0874C1FF2600D0FCB6AA91B2093B095350392471D6271922C98A426097F673,35
skywave.ideasld,2887A8BF847D588099BE0002D4168FA50043AF192864917791D1A1C4506D85A1,12
com.simplemobiletools.draw,FD4F2B5F8D763E3B2DAB78378C17BE011B53D49E9E74BD40693B35F348F00EAA,55
com.ptnst.neon.neon,50BEAEADDD3F09EAA7AD0D518C415E09C9E133FA41B835D0BE1B73E29718B6CE,51
com.cyou.cma.clauncher.theme.v53b87cc4bfa74c936d3716ca,94DDAB00DEB5B6C49DA06829109AA6E09B6BDE6098A07658C6010481E8ABF294,36
truefunapps.minioffice,370201F79F1E1328B12B6F320CBFD20A2710166C4B9514E8BEB58C5C7C9E11C6,19
com.skyapps.stylish.name.maker,A6AB12E1151F04884AD5AD521A9B767D8B6D462B5CA0F7003A935D3FE535AD0E,8
com.dragonplus.animepaint,3F3EF0721E469412F7FCCF7679F550292A52149A5DA11D5C063FD2470EBB0435,39
com.fruitscoloringbookfromuv.android,29C62DBEA718D90609FE237297C00D816899DF8C1682F79654F143AEE982E091,5
ma.photoscar.toon.effect,B870FE51B310946BE43E27E4E148CE4307E1B9BFF70AE1503305D114B27B49E3,43
com.ticticgames.glitterdress,29EF78AD298F6CDF956A5015A0A128989F9D1D7EF0699BC316FD080C07ADBF32,2
tattooz.tattoo.maker.name.on.my.photo,E00292BD22ACB0B71FAB9E90764D0F10F0FD74D49CE8531BBE3A52B7CD12C882,46
com.duwa.theultimate,C4DAB8CD2C174B1414C2DB046B77AEBCCB6F60115D9B7C594F99DBF99945D56C,7
com.nkart.go.magicblue,35E51288CC7B7DE1178CE9B10493CC986349D13D9B0EDDD72286EE8D817DF28E,41
swifty.shayarionphoto,4A3C237488B34AA71D4B6BF1DD6A16923E281EC69F8BB34BB2C7FF0D15C3F854,14
com.studio.junkylogic.mehndidesigns,2C78E89866491C24286D543FDB76B0AD8AEFCC92AEAFAAF3FEF4A4E9A9AA83F6,12
com.dresses.coloringdodo,582CE6D749052A081D5C2085A20A76E43F456CFC0E2C83C1C7335FEC43136160,7
com.dexter.btb.wallpaper,FAA4514AB81943273613EFA54C91D9921DD1141A217E5B18F875B6A8A967F4EE,7
com.creative.Learn.to.draw.flowers,D8B04F63EB5389DCE8B5A52F5FD292A10F340D4294B879752DA04883A9C92793,30
theme.high.tech.tech.sense.steering.wheel.car.wallpaper,2DAD87525496583B43F6CE682F23C4E869CB7D2774878F6BCBECA8A73D4D0C94,1
com.coloringanddrawingbookfromuv.android,2EEC3DF189B57169602CF7FD33EDDFBE0BA91CE73178D287A57D3ABDA7771602,5
com.kanishka_developer.SketchPad,2F90114B909EBC8826B1862B93FA543FF38A7AD2C7EEC5FDE210C7380ECE1BDD,5
com.creativecurve_hairstylephotoeditor,FA073E3AACC461FCEB2BAECE1E77BEB9D69AA6C9E3A8E18902C513E26C18A566,5
com.appspacial.collographyfont,F76D160F3968477F3C78F5A45EC66DE65AFFF3CD61D32A568D67CC766939C87F,25
com.appstore.albums,B5F2ADA55B889A0AF13996B5FAD84454220F0859328B525540F0B91E4859847C,21
com.sweefitstudios.drawgraffiticharacters,2FE0A9861C387816B985315BED1C061F4F126274B823002AF0E8EC543DBD3DF1,6
pixelart.unicorn.colorbynumber.paintbynumber,950CB1106DAA64EC658221EBBC983D6FC3364E504526FC6527022E0B58676659,12
com.mundoapp.emojieditor,E6B90059E73FEB000BA7EBB78B99960832AE569A42E88E30BB941D18CC651936,14
skywave.squishies,E0055D4B21135CD54D889CF610884FEFC195AEA7908EFA495545368E5C9F4687,9
skywave.stickers,9894298FAAF518388626DC737B08B1A069DAF65B85A0B76A51D09989F5644573,7
com.cyou.cma.clauncher.theme.v53c64aa26b9b920e09be955c,E4ED05B91F99836910098465AF88FCDBFE7353F5C46BBB13D165D9EE1068274B,39
com.apptrends.wordcloudartgenerator.word.cloud.art.generator.creator.photo.editor,7CCC9D35ABA68EE9F518A821885E753C334BE001E08D7E9CA6AD4950582C7D4B,6
com.sweefitstudios.drawweapons,D39A82817B4A0ACCDE01C196A776919EF129649AF5C86DB48F7F3D547FA8F30D,10
com.lovehaert.coloringglitterms,32CB0105928F66451FC6F73CEF3C4AA289AD513EE1900140523443D4550AC30A,4
com.fashion.boys.photo.editor.new,5CFF26A1AF140592C72104E9F16ADDFF71E0C754D00E5A4184E5FF7A95E6B57D,19
com.jdpapps.textt1,687AC28EE56AB76664F28EF5EA36D0616A9758629AEB6C0EBDEE2007391132FD,124
com.sweefitstudios.drawsupercars,DACF62A4B9A84A44A86AB0C96CCD9DA5A27AEE891ECEE0AFB6B213938159435A,10
com.photo.pe.naam.likhe.photo.pe.naam.likhna.free.apps,B31F0D40334ED528E600396BE54DEED618ACC33E408D710D294EC1F3B280F816,9
com.drawanimestepbystep.animerisovatshagzashagom,E0BB5B27E29CA88CC661A12E9F0BCA909E29B725B7381CDF069AE7C99B501A20,33
com.weddingdress.coloringbookms,CB89AF4AFC2890CF45AD95BD3CB74BDED3A33D8AF365BFBF18E2AC71C742AE40,7
com.bshapps.gaminglogomaker,94CD2D5BAA4C85C3A81B5FFAB06642CD68593A04A1FC9486846EBF314B627DB9,30
com.bhima.hindinameart,7AA922E1337FECD9BA2507AA00ED485F33C36F0368A8848BFE97702B9C67B5D9,19
com.Hoardingphotoframesphotoeffectandimagemaker,E421EFC507C1A1CA2D4FC346D8509A549CE0C7B287AC7203ACBA11C9CE0A806F,68
com.tricore.name.photo.editor,F81ED29F2A88279F0D8C473D189B741BF8E669E6E098A337F4067E3015FC91A3,20
app854756.qwy,6DD8B687DF1D5DB7638A292CBFC6335430EF7B016D19725ACAD88C65D92D7E57,14
com.ng_labs.ngpaint,A8BBB6C705AE47AE66B262F6CACF3E4B8F8BAB2C2839E03FC23774C2DA819A9D,15
com.redberry.glitterdressa2,A8F3C1EA83BB48D3EEB326AF8BA9BBB41C0ACC2CC2A9E38757039EBF60FB42FD,14
com.mi.launcher.mix.launcher.free,6A21359ADE27753323CD3725752BC56E480B92C924AEFF00C76BB1917B73B5BA,6
info.bppacomics.lazydog,EC93B01C0621E7B96DB802C011A2326589F1DC1A3C5695AB7117F31F9D76CDF1,200103
com.applife.aquarium.digitalclock,DBAEF7AD18A20E1283E486F70780FD695835ABA40E0D95D416311EE80C281685,8
com.worryfreeappstudios.logomaker.business,6073F514E080FDDC58090F183D7BBCBA527257650A91347EA14A555F7459E52F,11
com.cyou.cma.clauncher.theme.v53f6dba58633729630d918ef,F42BAFA8827469D81C710FEF23918BA7F240833C9EE8ECD4B307475350CDC4C0,40
com.ihstudioapp.banglatextonphotofromgallery,3C4632E42953F54E70F909447088FE3508E468AFED8D1242F2E0FBBE644D3380,53
com.bhima.nameonpics,56E48A397733224C2A03E5313B292153C2646C07978BD6436FBDFB398D0DBAD9,5
com.barilab.katalksketch.googlemarket,51A3900D1361D1B41184FA3881925E7697066FBE59707DAE26C4AA6CCD041149,232
com.apptrends.weddinginvitationcardmaker.wedding.invitation.card.maker.photo.frames,92867F6994F36B1F96C3E89B14C2F7512A502BF912E201F78C89A6B87651A56B,4
copy.appfng,BE0C670E5CD46364EA1DB45A7546E3702FCC03AF3060439B3AF60D029534EFEF,9
com.nail.coloringdodo,8A5FC5DD17715FF44986EA78A0E606BA17EF9315CBE28374898497D33A1A31A2,5
com.Mehndi.LatestMehndiDesigns,E9B11A434F8DDB0475116BEBA02F138777D3ADC7185D38323467C6EB68AB5E09,1002
com.sweefitstudios.drawprincess,8FA464640A8EEB35E90645DF8A7D738B4203D887137E26CC288C03E4F6B7482B,3
io.inspiringapps.highlights.covers.instagram.story,E23EF0449BF5DAA0256B83CA9C0CB4DEEFC2854A5C854180E816FAAE400010ED,9
com.redberry.glitter123Abc,96324CCDE7A2B8440E2ADA58B737BE8C65CB03FE8EFE4FA150B72238D7FAD859,12
com.IngressStudio.xxxtentacion,492A9EE409CEE15E32E0B213C0CAE528B4087E8A04532D349ED8CB74A233065C,1
com.flamingo.animator,5B7685DCE6AFA291159649DF6CE0BD48534F97A5C15D1DCA559C3545ECC93E53,17
aesthetic.wallpaper,982BD8006E346B051F1A1030BE5D837621D0D33F947C7C5E8B7EAC27D88500D3,11
com.Bellaa.Gif.BRAZ,DDAE76A71EA5884DAE2C818F0130040B9FF4C5B972CF1C90322FE3D300C0C3C4,23
com.bhima.stylishnamedesign,872EFAB12BF2504F05AAF2AA4F2F596DA38055020F45421917D41B2124D08DE7,4
com.animeeyes,52675F5A537BB0911BBECC663DE912D5476918F460B396D5BBD2F523A3F3F142,21
fingerpaint.color.draw.magic.land.of.games,4F8BB2DC5ACCD9CBEB3416BF570A5A8E3A3104C26E2A34CA4403D0B0401423DE,2003
com.naeemrh.likhon,63F7036BFD2381DFA630B3B7DFFB4177EDA24F378F34F97385A5BE6253A9D06E,16
com.sweefitstudios.drawkawaii,51523AD274BD3ABD33B52ADA5A6D9C74871AD8A452D5391266BC195758E21A73,4
net.kudlian.icananimate2,527C98654DFAA51A5522F6BCBAFE9846F7D75A8444F38D01D34676C0CB0213FA,153
com.vipapps.invitation,670E0EF4E514B091C616EE7A68DAB22ADAD140692DB69A5FF703CB1596EE4484,15
copy.aent,53926D0028B99262449661691F3E8AEED338B47FB305D3692357F93F68CF652F,5
com.medibang.android.jumppaint,A772753569C8D1515AB30F926B3463621098727B36C17F04EC8562C7932BB20E,12
fantasy.miniaturephoto,C857FD8E03A0D8BB965099D47A022B59D1CBBF366B99C59FB6F531DF4B1DA6B1,11
com.burabura.FlyingLogo,BF514D6B3930BFBA868B08389AB0BDCB34B49D0F52F5F673FDD9967CAD5DA711,23
simple.mehndi.designs,65CC1959B64819D4C786AF4AE06532FEC8D9142D7527F1C4EF5C7FB2F989D5D1,16
cute.truefunapps.animals,FF39F5BC7C5F00F130CA1895AD4FBF6355193172C67B669D23A54F788CA62B35,9
com.teddycoloringbookfromuv.android,AFA3E4DEF7862DE57407ADFE47E2F8643989074CE3BED2AB9CA3F3BC7CD95AF2,5
com.bluebrains.mehndidesigns,B62B2F99F9CA5CAD982DDADD28EDF75D636213D219CA701811831373B3309E1A,3
wastickerapps.imagetosticker.stickermaker.sticker.maker.stickerapp.stickersforwhatsapp.imagicker.wastickerapps,5980901A611633646B1FCAE94D4A509A80D7517A75141275A8A5BD7472CBE818,3
com.laura.fashiondesign,59DD2FBBCFD394ECD4E70EE2DFFD549FBA6E3BA042ADDF97534D34C8EF7F05D5,1
photoframes.morning.good.tricore.com.goodmorningphotoframes,5CA88D3B963402BD391487638E754DAC105B19BC2141D8B66B61C6C606018178,4
com.sanketika.easyorigamiideas,5D60129B7449E10B8AA29920F9B0973AD00C35B723A6882045F9719427740918,10200
com.redberry.glitterlips,5EB47BE594D0E1992A4E6A5939967F035DAAB80D580036ED87CD23B39717DC9E,6
com.cyou.cma.clauncher.theme.v5924186138310e12a5de4205,DBB16F4771948BD573E93D776453B5C340810C87DCDC3BAE45908C329D22486F,39
com.pixelart.coloringbook.colorbynumber,91E4577844259BAAFFF5E9D8E3187951632534F3D68277761B1439DADC3D9B95,12
com.infiniti.rasail,AD95316712EB19387F9493739FD7F8BA9698D1B193C4642A55108F0F6562AA48,7
com.beautywall.blackpink.wallpaper.offline,638B5A311C85B66B0DBBF4C928C662635A6C4B108062429495886276F313908A,12
com.SnapPhotoEditor.TextOnPhotos,641EFB24526FF59EE76F072C77DE9F6F6B865EC367DED9E5E7C9B3A490CB6771,2
com.coloringbook.fruitsdrawingbook,BA640FEA42B4342A776DE01F6A89DED83547281F1D801FA1C33965C4E980BC0A,12
com.sweefitstudios.drawflowers,F83D47C20221AEFC5ADB4EBDBF9F2D575168949B4AFFBB5003FB6D5E2B86794B,13
com.cool_art_drawing.peli,89DE4648071BDD120E85A4E5194C0AE7A3B6F42C09C7165ACA33E0C2C0008E78,10
app2020.copy3,9172D9A063CB415A17FDDBD349D471EC6D520CA6D17252F0A2F0B4755353C02F,6
com.ssbzone.lipighor,768AA9CE2E949A1FA553B06B700BE7A191E93D3D87B6134E771E7419F104195E,11
com.AndyFront.JerkyMotion,ED35A984B24FF05C03B92F5D5F7CCC4E063CA64852F01620BC650FE605CEE247,23
com.colorfree.coloring.book,6BFA9AFC8FD99B5E638DE7FC0D99F83EE4FC0B53D8CF5110E03A32A0C8C66095,23
com.designlogoideas.inojon,7078007A6659CA2BBD94BBBBDABA31E3E2C673DD0209B8F9F067C50983D7D679,4
com.adobe.comp,AAE5FFA3349160C87EB23585BF2E0D7A83E054195AF08D7A6C8B23F5FB097495,40000110
fusion.tshirtmakerpro,7068DFBFC6820E75DB31E000D2D0E69D206CD084211447EE16319CCA9FB37724,5
com.sweefitstudios.drawdogs,D9870D38EB392A465AEBB28AB2BF662CB16B88760083F0210122909A4D24DA39,8
com.apps3DMannequins.AllosaurusMannequin,71C3865FD1F1ABD8AED658ACA0D528A1EBFE86DDD6FC6B7EE3572A9A554D50C2,1
com.psma.logomaker,CF9418BFE2C093363D15470DE097B6C62B7244DC391DFFB1E82D12239ADC94F7,4
com.analogfilter.filterjapan,71D089F958AF34F606B6997FAE987809E902D7D54E1898D393A77697B7A05AC1,10
com.galaxy.photocloneeditor,CE388CD12E8B2D90D18A1BC72835BEFDB859DA2CE2D6CC3B13BF1BEA81BA0EE5,7
com.fire.wallpaper.hd4k.free.make.skinfx,75F1176DE5C55C0656AB8E740A44F27C29F55C378BA80D89EA16FD529A8D9571,1
com.cyou.cma.clauncher.theme.v541a3d31e8efb0c97dfbed1d,EF8E1709816AF542CF4D0A94D81714E44FF3D6D7D151DC348640189DA3ACDBB9,45
com.HousePlanDesigns.sitd212,DF3A9CC338341E01C4E03869BD7A4B3DFF75B15D78950C22C93F624542CC614A,1009005
dressup.snow.anime.fever,91BE88B215EBAC9A8F477194C19FE8A08E5B9AA3D6B88E373424116C00E0A463,16
names.xalwan.com,E3000531C87ECF66FDB00CE438811842725990150C05674010831D0FA9556EF6,44
com.las.dual.photo.frames,B8B8A6A57221C4C07CD8DAA8CFC84A220F4DB4A93B11AB9240B20E95CE21718A,3
com.lips.glittercoloringdodo,F7D0C1CC718141D181CB69047EBDBF73B941D78EB6C9062E18803C0C1548889F,4
com.psma.videoinvitationmaker,B6C89FE6FFAEFE4519B1E622A1A802107CC934669C3EDDF22412610CBEDE45F7,3
com.apps3DMannequins.SharkMannequin,8DAE8E2363E4FAAD979D96B145E298CF1D46262B6613A4DCE74BAE4CFF364EFB,1
com.paintbynumber.coloring.colorbynumber,DB7BB61822F612618F441408B607BCB2EB483D6D2B725935E2D7D646F57E4914,7
com.Mehndi.EasyMehndiDesigns,98F7F89C35D01C17FAA926A24E9E3EFBC820A08FE7045E40D13E17DF7A80B80A,1002
com.bramgames.BGglitterv1,E39DF362FA58CB0C4B5D51905B3F9BE2AEC3C95612F186C12516F12C01431AC3,4
handmade.smartroom.com.popsocket,DCEEC037F5C2414580DED75EE6FC34DECEA36D77E5C065BEA714AB4ADC006401,8
com.slappslab.remove.object.from.photo,E6D15E0991500EC474DFDB0C3A82A1F494F2F42D6D7443CAFABE15E985F28DB6,6
com.ew.coloring.flowers,E61FA50C4D10B33C33FB78DB44AA473205BF5C4CC6F3429359CB6F2C7D9AB157,35
techlogix.vistingcardmaker,9AF9A0FCE79B0E009B609A299778CF2496C42792F8930DB1888EDCFE58B90E15,6
com.ginodev.Ta3lim.alkhiyata,9D44EA11271040EA75AB026863F24E5B4F5C0E13C7389DD1E3432FB5AEFE71D4,3
com.vehiclescoloringbookfromuv.android,ADB50232D6ED57C24F078F68744F522749C7B7B8D6CA362E61F956742E767C5D,5
amazing.vivo.y53.v5.plus.v5Plus.Y55L.y66.v5s.V3Max.vivo5lite.theme.launcher,BA5D91979B933369B99A0961E5DA40644CA2DA983468F8B8BF82D2ECD82DADE8,50
com.alek.interiordesign,AB0667F50314C055B7436AE4137190C453E82CAF4B21D1173747B2A20DCB0ABB,30
com.apps3DMannequins.CatMannequin,A50EC01219B87AAAB6D70F847909C0F8AA578C54103D88E670F37FCE0004C369,6
com.socialz.photoz,B90514D0EFFC42C3556B0769D4D1953ED12B19E3C93F7A50B4EE4B2CB86FECBA,24
text3d.animation.intro,AD32347135061F2886B17CC8D96327157973ABEF01808CD6E86F4A6D9F15F414,3
com.tricore.girls.photo.editor,AF6030524003CECFE3AE70C6E069F73C0FC715049F0E6B66A6693CB226352534,2
chastickers.wastickerapps,B092A2E06E58FAF8AB53C2F4F0419CB06FE9AFADE43B1F802E279A693FE59A14,1
example.samplestickerapp,B31595244113F81584E961711DDCAF9C47D0A1C76345CFCD490D118F56641DA7,1
com.cutness.wallpapers,E381942E8BC04B5596AA925134BD9574586E2D7CFFD7436D26C2735707939B74,8
com.whitesquads.romanticlovestickers,BE390A7923E4A6BD84F4A797B3498A243CD3C45AFAA9FAE898C8B959F5146C56,6
com.zakhrafat.ism,C01C4633520DDEBAAF022A6C4008116E59FB9C2F67D170735A1428B13156BD6C,2
com.articoapps.drawart,DCBC9AB2B90AA3A8C2099FDEBACDE5E1DF877A1B435C4E8313B126E79E1A3979,10
com.coreldrawdesign.app,F875559E59DFCC7D0B7F5B61378FEEC71B538D2D833CB3A8E9459A7411F279C8,4
com.apps3DMannequins.TRexMannequin,D07C6D3A1E55B14BCC0A9E16A6FE212E1877FF433B56E55D0D3C696754C203F9,6
theme.abstract.simple.rock.skull.launcher.wallpaper,D1B7E6B80AB1FCC888F9A17383AB2E4297358D8DA53A5DFDA12B3B0681A01689,1
com.jowokeren.inlaxastudio.WAStickerApps,D8BBAA3632AF1151AB737D101652892E9DA33E87C2C73D5973284502B5B113DA,5
com.chulembe.cut.paste,D4A89F7ABD0B0AD53BF87DF429F6A3D50DBF15BCC2040E8BB8E45DA67A65C1A1,2
theme.colorful.bright.redmi.k20.carbon.red.launcher,E0E4929F4E213D81BC65119C70CC7B0A3D0EFDCD15B127F517905E18BC614EBF,1
com.CalligraphyLettering.kamiati,E5534C6A38C4E76E84A19769226524CDB4111142AC13DD6DA21EE5FC60584D1B,1
com.articoapps.wedraw,EB60A0264C44CD90D50A5C1DFDC62EF5DACED59C362E4B6E832E394B49F8E50B,1
copy.apvog,F010D2C9F03060A802A67B127A6A1EEDF0D0F45C6D77C160321A4B8DC40B5000,4
com.fatidev.effectsmovieseditor,F03ED7465F7C4C120F7894629C6DEB3E435DBE954C6BEFB53E0CCA8442A8D9B5,41
theme.colorful.bright.phone.xs.andriod.earth.hd.launcher,F12026824042CEBCA6CFE9C8A5C09EA121A36251FB3572251F2AED5C3B0F4748,1
com.palabs.fonty,F541DD09B8D6376AA705681AF368F6275292D56C04518C5219DC14357C005F64,30
com.ticticgames.BirthdayCake,F6998187236DEA401F42A61D5EA7C48930DA6DEA0FA577E8E0E53A82E4AD3321,4
