package,sha256,vercodemobi.mangatoon.comics.aphone,4D9FF51EE63802263F25520CB66093CFF7B80B41F8210B47025F8E46E37DCB83,7307
com.keycollectorcomics.keycollector,967F11FF9B912459DEA32851F9285DC4F579CE525B7302D7223B94D11F7EB63E,2033121280
com.fueneco.talking.photos,4A55F5AD9FD0BAB34295F32BF50C864AB15D2C7C7921015787AD3A7A78447079,77
com.lezhin.comics,E6BA0C250E73ADEEE1BC2EF443703AF9930D5B78EC87E54EDA93C100594591B2,3512717
zxc.laitooo.onmanga,55F6C56855C64E3751E59025303FBA97F5FAE9AA8B48225CA2B86513FF28996C,615
gifs.para.whatsapp,61AA2F56B05A5E4BBE91B45427F600D7BEFAC6AA74344BDEE310B70133FFC68E,73
com.naver.linewebtoon,2785A819C8EA45B0A5787D3F256BB399483D4B5BB079CE78FBD4085CD35F8E74,2070900
com.ggs.train.robot.transformation,7556E232770EB66A3E01D0EABF4B1DDA0F31901971BAC7946C6D37D146164C78,8
com.cyo.comicrack.viewer.free,948CB6843344415E8504BDFC8BE92684822E4451B8AA353887FF7D25C059CF48,110
com.pratilipi.comics,47E1E7FB0160D9E330490D96607108B2EADDE5E286BFF6AC1EEB0C75D316CB85,140
com.bgs.impossibletracks.extremestunts.wheelracer,52DC97CB35377061604D506CF0215AD8C21E0CC48D42D1F52E168810815B7D60,10
com.MayersDev.IndiretaseDiretas,177BDB50065058D059FA8508A9B4194DC373E03DDBEF7B7A41BFA262387386E4,1000003
com.newput.tinyview,2119A29AEE3B080631E42821F70E7ED2761D096993AB3DBA55DDCE8D7F58D5DB,214
com.apexgames.car.transform.robot.horse.game,6A171A255E0EA763E2853721C08A4DA40DDB985D98F7BFDDDEF98BE55C5DE870,12
com.impossible.stunt.track.racing,24BDBF3FF365C5414F7FE2524FBAB139E64E1F8499E97B3486EFA996BCBD8764,6
com.waci11.MuOuRen,4AF16FCE1F4B5D6DAF14A3323A495A83BEC2F48F216B4BE6FC2FB8068BBE63C7,11
com.rookiestudio.perfectviewer,7629AF8C63C05E4537A03135D3221AF7208C31F980F4AC2E78372DC1F308A94F,30000719
com.wonderfulgames.cattalkingcatvirtualpet,008C1B7F1A8246EE5B195FA7EFDE3A002F04DCD8BF3C3DB7BCB96768E72AA86D,123
com.pinoylovestory.pinoylovestory,67A6D3F5C4C8C6F3AAB113D415BBEED02013589A2D953119A18913455608B7EF,33
com.novel.comics,091D97510510C0012723B865399CDD53FC615027E7707940B6D76C3E9FB26DD4,975
com.storiestime,12B46E4B92DC7B895992C7904514832A38D0A06F9E3B16C8F3B5583B7E555518,22
com.dena.mj,E26F82FF2410FF926CEBBFA12A4F03FCB0211D929F14011CAACE8EA29927C738,163
com.droidkapps.seumadrugawidget.full,00A8E8DB643944DBDF420E2A90358FB2FFE2353ECA6CE1909FE31E07FD61A502,14
com.tencent.wecomic,13D1282454565706E0855BA05EF711A87164BEEC9649A55E535509EB23386BDF,11000000
com.Mensajes.buena.manana.tarde.noche,A533D6368D6C34D7CCBF9F3A8BF62D4BBE496EAFBD4782D3CAD0F00CCC69165C,147
com.marvel.comics,813334A2E17BF03EE3003FE6C5BB59B07B73B3AC9233C810DD8E777E507367A9,310421
net.trellisys.papertrell.shelfd78d4014e0644aecb2034389bc08ddb4,019C4791722B100866BC1512EA3F349F6694936DFC29302FD0F5D6569EEEB4E3,811190
com.wisdomhouse.justoon,F3265AC4F8EABAAD7EE9015EFECC36F98438C8FE780A10B7B4AC52F4654F2153,21109
com.collectorz.javamobile.android.comics,DB640158021642F98609AF82BEDA850B66F89F40BCC205E7C9855FFF1C8CBE94,60802
com.ls.Prison.Escape.Mission.Jail.Break,9E8CE320C363A5EE75A271709D86BD999A2FF3AB9DCEC1FE66E8D52196A68F24,35
my.geulga,A493699249E2446CB0FEEF74A06030A33323DA82972F11C46811BCF8FC65E738,377
co.pamobile.pokemon.cardmaker,6ABBA21A7669A11CC1A32B924757776CC2349C885E7575132E369A9A7652036A,40
com.MayersDev.TelaAssustadora,014D0C8B7719D46951347F5956E50A1437B924E734912E71E6C549088B9B80A7,1000005
com.zzangcartoon10,848AC90DDB07A042182FB377791273FD37615BDEFF273BC1384ACDF8D297D59A,39
com.pt.train.kid.dragon.simulator,14B78554AB3D52EA28E5351099884E515257F8140B51E080F7E8E0B3442E7441,9
fr.airweb.izneo,CC836518BE79654988BB755D98A1BC08B5A21E2DF5D8B87473BF6147AF6E1C38,32100
jp.co.shueisha.mangaplus,6DAC938625E28F3A4E14F5D20A7FCB0DD17671B60363E5700562F2CC600B686A,24
br.com.rodrigokolb.piadasbrasil,32B58B289412C6B1502EE6E2BEE8DF66577BA7305293007761DFB89DA6EEA4C1,19
com.alek.funnyenglish,14F11C94C06FEC4C96EFB8C85A6ABD20C6E9C572E02B84D03120599059E16042,7
com.bobaman.aircomix,018B7131E2C3B3113B7C77EA3E916672563169B1A869442183C38B4AEFCFA66A,732
com.marvel.unlimited,01A2E476D405572569B807138C68D5BF0D8B7C01A700514E60EFCB4A5114D741,2021042996
com.gabitovairat.diafilms,5F350E89B8458442A20467C8B80142089B9CFA390400E62139326F6A05B6E644,17025
com.dumpgames.farm.animal.simulator.family.farming,A1098DFFE5548CE0D82D1DFED3F1EA7BFC52C23945A1B6CDBC8675353087DC88,11
com.videogyan.tootooshows,01C1B5349B8CE150E9DBF8E4DB754B3060C96327CF22D9B515D5F155BB7A9C33,181
de.tap.easy_xkcd,E1C87F2A3228A53967D41AAD5E9A09C7A27128174E599E32C4181952D99EDF25,168
com.oneup.call.of.fury.two.hostage.rescue,BE67FDCFE341C355D4D9AF3F9716C8AEC43A8840E460684F93060A4A77F76C58,30
com.webcomics.manga,8D7EA652206CBA10EDB56CFD6078B7B0F6DB52E439D68CA089D7260D66A890B9,2081
com.sundev.memestickers,1AA3E06926998BE048A96899C6D2CCA6BA0093719531C853295F94AA5102E1F8,67
com.qianxun.comic,25502E35FFD7F2744A49C554605C82E846F6825FFD006F9398BE4F5A6EE799A5,205
com.bookpalcomics.secretlove,F1B4A867A3D8FE572F1DF983ED240A013523B3AB180B8331D09EF7A34B788BE1,317
com.comicola.app,2909A3D12B3A6710C4297D7F6BFDF0B9AE38DBD8F2CE59F96D242029CB52CEB3,3300056
br.com.escolhatecnologia.voztradutor,350D88FF9589E875DBB675DA87353EB7F2019B04E9A967436A22BF44655EE59F,50017
com.sayhi.plugin.pandada,0268301D790B24054A9393546DBEDA410E3EAB3DE5DA345FAB760FBF7784C919,4
com.eddysoft.comicviewer,026AAEE55918EF0B0AF0289C1DA12123C7AC7B66F0785EB8F39C7ED86AE39605,5
com.nhn.android.webtoon,FDBD3959D4EA58B751F05DAC1FE6B0FA1E31FDBF0B577A5A107292CAE6616324,13401000
com.tm.momdad.simulator2019,FB2631064801945EB0FEA23E72C5C69B2C8BBF4095EB6279EE7599FC89961722,6
net.manta.comic,C96BBC8090D26D91A6CF350F9FFC888B37DAE2CD189EAC6FF5203EA474115B70,163
com.energysh.drawshow,02BFE1F2C78A649269C9466D6F061E3ADF61C1E3A94D1E02DD9AE971372DC9B8,478
io.comico,DC93760F636931FA0F219718021C8B747BF2FD7B532A4549686B87E1C849019A,80
com.grand.comic.us.dragon.transforming.superhero.speed.car.battle.city.warrior.fight.combat.game,02F59D9026524B86032592B3818C3D660322EC005E4F680563325DC51BFF6AAC,3
com.colorjoy.learn.to.draw.glow.comics,EA08A8F5188458D6E3B899EAE9110DB8D3A24134EDCF14E888A8BDC38730EEE2,24
com.viewer.comicscreen,6E177565F463768D8BE258AF8E66432D400DA5C46E1BD9BC80A7E13D55744ED3,2196
com.cartoon.kids.shooting.games.mouse.mayhem,48B5751EF6A8742D6DD3B6A10062F77916C7DFB00301A31935638ED28D52E630,22
com.fulldome.mahabharata,6A048F4F728998897315EE1D9FC6D176B2C9225A59C4653F260A731A07506AAB,13
org.kill.geek.bdviewer,A3B863696C68FCF5EDED465124620B62E31EEF97CD76DE8F93413574600EACB2,30002105
com.viz.wsj.android,EE8BD60AAA36EEB1C43E42A72C12B5980584BDD20F38BCF260B5CFA56CA7978F,105
jp.comico,5B5CDE9817AB7A804B37246BD07A09E0F1DDC1D5E636F4E9DF3809BADDA8565A,325
com.heappi.android.Bubble,8FA5BD3D3D7A2D00773FEA1C1225D01FF41ADE62751EF63D0FADEEFA0BA12819,2121
com.zzangcartoon25,038AE93761B1BCA396AB25CEFF590F8DCB9650DCF5D21D0A2ECFA9CFF5290613,5
com.supercodegames.dinosaurs.hunter.survival.island,03B73CB2A210E14DAD9966548E52E09D725774F60EA63C2E7A382BFF331FC904,2
com.bounceball.shooter,17AFFC5308CA45A5ECD2A6C46ECD7CCB0B277CAEEC026C6F0EE36E1A244DD176,3
com.Tycoon.best.sniper.shooting.dino.hunt,BF9A12270C6421DF899651D8F82AA98CFD150EDED84F636F88DF6D3263E208B9,17
com.tapastic,2EC1D402E9C8B886EB7BFBB88FFB309D645DB93C2E2B310CC5AE82C8CF3F8249,30707
com.garciaapps.botoesdememe,58361956DAE819C273D77F3FCB62D868656687B1D7738552434259C847C7A11A,31
com.ncsoft.android.buff,2C44B74CFEAC4782794B82CB2E47E656E42BDE3F8613EF3DA94A66F7770A6DED,364
com.kablamgames.ultimate.robot.lion.tigertranform,53EC62B285F7D9456B7DAB9CBB8AB16EF6564FEEF675442398379A978BA05ACD,200007
com.special.ops.free.fire,6EFB2F9FB17080B89E2F3D88E361909F9943665B324D14C979C507A43E24F13F,11
com.qre.panther.robot.superhero,B1B94D4A1F236A4F4F3A1EBA5C65A1F20DA4E82472F6F340D29F33959851C8E9,16
com.oneup.survival.fortnight.shooter,AE8BA66F03DD53A2A2BA6B651DE89C3EE64826109AE56160BE2E56CE709D0359,22
es.dexx.solutions.comicreader.comictime,048D335426DCB72399F4291D5DC371974BA012E054AFD696697FC161A585D940,7
com.play.vertex.pheasant.bird.hunting.wings.sniper.shooting.free.games,8995289DF098B16631C8570BBE2B2894C9B20077B7EA38C43912950C171F95BB,17
com.xtreme.Military.IGI.Commando3D,BCAD3EE145055C03B6DEBCE5889F8DD3ABEA79F192F4CC2F89A877EDBED05F1F,80
net.daum.android.webtoon,7A5C12220E79077B710CF6E70752BE59D59F2C0B8E7F2B061BE922D7F62B99ED,551
com.zzangcartoon22,D5AFEA64A9B904BF164E2651B004B839DC2A94EB8172EBAE4CC5B9EC8FF64E80,12
jp.pxv.android.manga,2CE602C7EDB7616138D6A7CE6259314381E981A5C1DE9711ED81FB327929EF54,5809
com.ookbee.ookbeecomics.android,8FA1D33351294043DBDC8807312782D6CC885BFBF8E324CB67B00763861ADE15,300010132
com.COMICSMART.GANMA,6914727ACC80C1FD6AB9EDA4CC4F4AFB9B56BD90A6E14DA93C2404869AFA0B4C,2021091701
com.nanitsuniverse.nanits,99CB2460DB733171A23124630DFDAEDCBA2075BAAE55F4F30AD2AD5CEB770902,1000518
com.robot.tornado.transform.shooting.game.grand.robot.fight.war.city.battle,057F39DC8552CE6B733118633C15E4C40C2E49DD03DD315C611F0C8A6D5968DE,6
jp.inc.nagisa.mangapf,6A4434A008CFF9A962934CE8429BE97381A27571F3706C1DE99225208E77133B,206
com.bit.yotepya,95913C47EB5978A95DCFCA7A0F4E2541CDBADC628D2DA769C90B7B285EB05EFB,30
com.vi.momdad.simulator2020,0CC8235C4B394D198B523A1774FC59A52C8514A0C60F0089F92C491625B940F1,15
com.inkr.comics,4109C0EE90216B6C0B3DAC41A2339E6FC095A753829BCE83ACAEAF5D4791E96F,1640
com.toomics.zzamtoon.google,A87B6F072CA4CCD82FD25C6CECBD1FA3336612D7BC58651A13C9917F96D4C283,107
net.manga.geek.ofa.mangamaster,0642862B8D608E0DC41FA4964EEBEF54B9CE4B66AB7DA5A0A08ABAB9112D6255,218
example.afandilatifalari,BB06EA4EC5ED37D6441BEE20C1D1DE1F21D39BAC29C27C97B6D3BCACD8391592,12
com.contentsfirst.tappytoon,4FC7B0700955D5BD1C10644973281AAC7000C336FE2ED4AEE9B244203073B6B3,100
com.ebookrenta.en_app,067BC325591EFFFAEAFFDC89975704B12E3FA98D8765DDB2A53B5F5F47E3393A,29
com.mrblue.mrblue,D07B1A87CD6797C2F772F97406BB82D02F509A9A48FAE2C07279775B2181CAFD,96
tw.comico,D6E76A729384C406FB69CCE77B68BE1A452894C157352DFF0645051587229A45,96
com.kauf.talking.baum.TalkingJamesSquirrel,6E2BD7F29527BF6629D08FF0BA32EE82E9019EA370D07702F54BFF7FEF53EB43,269
scary.granny.gta.armygranny.city.crime,4076094C02FE1541D08590849DE05DA9AE7E2A3BBFDC3953A524B37207FC2CE9,6
com.zalivka.animation2,64DAAF573214C9023FBA43C0BE894E8E6A7FA42609DEBD935AF4A404D8B5DA05,250
mangatutorial.drawanime,06E724C6ABE1D554464CF395B1F9A541625536FD1706401E9723DD82A110C0F6,14
com.floern.xkcd,B52C8135C77868DD4653EBF4E30B060E457EC607E59A5C4254F7BB46180F63E6,24
jp.co.nspictures.mangahot,401A74B3A16C401FB05572271C6BCA1B87FACF20B43614AB306C5411B0929ACF,121
com.zillherite.e1.livelyanimelive2dwallpaper,9D54B04C933F3D8531F88546414FE37FD66949F8011E54CB8694D7A630FA04E6,76
com.keyspice.comicsmaskfree,7A4972E0EC6124C6C691024AD18540E4C9892A61317477C7334DD03861F7A489,86
interactive.story.games.high.school.drama.love.story,7A87CCE7F1A98C29C23BE2A05DC383EFA9688D5BBD0E282FC97ECAAB5B113D95,1016
com.mk.crazy.city.car.driving.top.games.highway2019,AD8F4B6F84AE7382F0169B3B086DA84CF73F8A34942B2A7096FCB4027B83581E,14
com.creative.Learn.to.draw.comics,19C7A68DE0F29E673A2645357161C1C60B5F6700344296D5958C633E1A076B7B,26
com.wb.goog.dcuniverse,5BB7C1A5058B053452265BE1E347143C5437D34412FA3337E0E58B6F68EACF86,16098
com.iconology.comics,11BF41A757AF89DC1FAC63067828FB259F124B6735FF58554D5530A66B8E1E50,310421
air.bahraniapps.comicspanelcreator,CED931FC05C76B7FEB98DEB511FED53BBC857F861F632C1955889365B4CF0734,6001001
com.zhangyue.read.comiccat,07E368DA547964E2EE5C1355506922F4E0B2777B1440588CA6079B6F68B835C7,16
com.edgewalk.annabel,66C70DB8D19D9F0228144949E0969EEF0AEFB92D3D15FB3FAF92FCE20BB9C4CD,55
com.picfix.avatarmakerpro,3CBD3C05B24295B5D6E0762B4CC37ECF98B7F8A6265E0B3D18D71F1CCA2EDC6D,5
com.instaeditor.cartoonavtar,37EFBF3757205783823BFED404E04BDAC094CA187AF3B5170F42D7D926AD11DF,8
com.irongate.webtoon,3321F851DCF7FB253B729087341F891383DE836BD77762CDD2A641BEC3063192,25
com.boomclubgames.Army.War.Battleground.fps,08D080F9B4F44DB711153EA5DD9AB4601284E899C2241FD035C4F5979483F253,20
app.game.rentaapps,D755810B67B803A01DD149C0322F8E31E15CE30708D027BF84E0E56772540B79,42
mobi.mangatoon.comics.aphone.spanish,2A7E540FC471D8C34AFE77F91564F24BF56002B5276E9147E207C7EEF6AE999A,7167
com.threedbrains.turbo.skateboard.flip.stars.skater.game,08F399B488B2492521DB312017F6FF2898F7836ED14446297C9838287EA53CC5,4
com.mobileboss.bomdiatardenoite,250BCBF7EE1FDCEC5C3E6360AA22CA9576D98FB330973A80970885FA49C478A1,187
com.kablamgames.police.robot.shark.transform.submarine,BCFF7E3278CA9060162D0BBC154514074C6C54C27CDD2205E411D494CA65A43C,200007
com.chaima.bolum.belle_sebastien,5DEC9269FA78E78394F7DC897C3485C3DEEA696D258454F9CAD615C2BC121424,9
com.rookiestudio.perfectviewer.pdfplugin,608F73AFB6FFD8A5E1D8FF65F2C83E19EF8C044C03383973463D2406F7B2AAE2,3000027
com.aerilys.acr.android,5A6805E864F6C34E116054BB48DE0CD0AE9154ED5E156B62A58407BEE4B08313,174
br.com.escolhatecnologia.simscat,BF507E54F8BEA6E29443084E3637495296558D0D94B8C53E875B2BDF515F3C64,20000800
com.kauf.sticker.funfacechangerproeffects,29CC5C94DFE3F977035781E123A924C9A525DC9AA89348CAC8AF878B10039F6D,304
com.vicart.emojimaker,6ED43C822A2E25DDF2330455D0CB5E7F6A946DD74D7B849E9EE9952E4FFB0CED,7
com.crunchyroll.crmanga,0BC1E3B7580A354DE400EFFA9DE75F655298FEBD25C47ECE0E5F509C7BC4E695,40
com.devbuz.multi.animal.robot.transforming.games,87E9420BFAAE79D5F334B7667F3C088C957182458E2A3F755D649383D9D54752,8
com.gau.go.launcherex.theme.launcherforandro,62515806CCF63B75378BF315DD2138D86D0D43994A942EEE7B71BF426D3D43B5,42
com.ns.ack,98435DB473617707916B13BEF5D9957213CE27B001185C2ECBCE8F490613CDF1,44
com.ls.bootle.shooting.hero,716552D41434C6093B5AB44CD541A8298E31EDEE5E1D8699410DD61A3835B95A,22
com.rsg.grand.ultimate.robot.car.transform.city.battle.shooting.fight.simulator.games,E914DD82186259DC5495389894A7D1129D285C024437EE7F6C7139E9D225C688,24
com.minikara.avatargradle.android,6998A64FF1F59089F5054AA2537FDDDDC49552CD05A4D685EA579BB68B8C6062,38
com.artursfer.faustopsounds,E9D396BAA35F45B2ED41830879F5F39E65D775424DEFEC40F020A3C96C9A5561,32
com.instaeditor.profileavatar,0CE213527D866DF23AC9301321DA1AA177FF725178D84CC755743FC7DF89404F,2
com.qubitart.mangaup,F51C2A8DEE8F5DF833D2F367ADD6088B9DDA49DAE56DA0E6FBA807682FAABB03,20
com.appmag.endless.temple.princessfinaljungleozrunfrozen,0D0C4041E48445CE90911E32E357B38F40E8DDEDD40101A5052AA330A705064A,3
fi.sanomamagazines.lataamo,34737C6D58C5598B198BA625DEAD9635156AC0A5752207D30958F21B049C4D4D,229
com.coderecognizer.codescan.codeidentifier.qrcodereader.barcodescanner.qrscanner,0D439369285EDAE70498A9E51B6072F95907074B70BBCCD5FA49CC9897B7490E,16
com.army.bottle.shooting.training,780FBF13D5D284EF074DB4F79C6CE17C88D324A36651A26CE4981308C5069A9F,9
dmw.comicworld.app,EE64EDE2BF9B89E58C856EFA3935153F8285A4CD15C8F41EEF85B20E78760502,2
com.vizmanga.android,DB6328A8FE46B80F29E9013FC2FBE3BA0EB2E83D45C14C1C25FCB1D21ABC6340,105
com.grandgamerz.grand.dragon.fire.simulator.epic.battle,0D98AF8C30F45B631596A9502F2A7A795BBB746573698C791E17EA48808031CA,6
com.zzangcartoon11,6DC4A0DFE08F739A30F51496E9FBF64B13701260C389F1280AAB7762A2E64BB9,39
com.ls.army.counter.terrorist.shooting,EE70F072BC4512CC9A73B205820BAC90786333F5631C9C5E5D9BE2411ADB1E0E,17
digital.neuron.bubble,42645BB1749DD2AB1EB9278D6C1116B1B5BA3C6C2752B3D83EEB252AA5EF2F8C,1000031
nightcrawer.colorbynumbers.mangapixelart,B937AF718F0CA535305646A93EFED528040A79B42971D0E6B2BA2C990A31C757,15
com.play.fun.free.impossibletracks.sky.racer.monster.truck.impossibletracks,14B6EBD83DC7819C47C0F97E31664584700542B1A6BEED7F7530CC5035061229,37
air.com.winkypinky.iceprincessmakeupsalonforsisters,1F97221F8F7F64EC7EE192A1A657872FE6C3EFDB530629850F2FFCEB69CB92CD,1000005
biz.flyingwhale.ProNamaPoseLT,50AB850E457E06DEC3ABF8D92B888FBAA4DEDA69B261AE04509F8444379A9283,6
air.bahraniapps.comicstripcreator,8C8B4A7E7AC168BD0A4C8A60D42FB984135B3B21C717FF21202FD60B07731149,4009000
com.bfg.crocodino,DF1B475C06C16B623CFCF8B8F9AA980515919F06EE616D685CA82DF55EF64C48,13
com.sgs.Kungfu.ninja,8D310C28411B1A779C141D2C8DBEBCB7C3FD6F1811F9FFDD983D9CF2FE311759,11
com.progdigy.cdisplay.free,9FF43AE3BFF66D13692EF011E3CED23E545F44A03F66A69FE18CB3F6CAF8EA2E,3171
com.shopbell.bellalert,38D67254D69A9BF9BD473C934B611684760717078D459210D885B9F92E5F977D,111
com.novelss.weread,0F6C59795792D779F01F3481703E227D3A8D6EF62A4DB1047B35DE2E3CCC2051,15
mobi.ffuuu.rage,6A606CA950FD18450A8426F63BDC6EFC88E47484D7B7DB65E00CA052B038A292,48
com.zmgc.anti.terrorist.counter.attack,C5D422EB22FC157174404406ADE3812E27D1240FE2269F6F27A7D1BBC6B01D89,105
com.ogs.flashhero.lighthero.flashcrime.cityrescue,F5880AE59FB6431B76BEC162C6EB0ACB46B32B9FDA50BD4490DC1BC4A42DAAC3,10
com.freedomfighter.sniper.shootinggame,7C6E0657FB20EF98D37BDB4EC6F664C6D369264183FDB6C70B77CA4D5AF09964,48
com.zg.dinosaur.hunter.wild.jungle.animals.safari.free.apps,1043F827F91118C5C6E313206FBA3D26E88B5D81E715AEFFB732BB8D05BD3BBC,36
com.ikeyboard.theme.bitworld,670D5D3F7B1D8D05350A0B2F902A72723D8D1111E9E016ECE0BE6D7FD1445F97,22
com.oreogames.hunting.wild.animals.sniper.wolf.hunter,812872BAEA0D9F5F1131CE4117BEE159FEDE9D23ADA07F715D868DD8A84B1045,21
com.mobileboss.buon.giorno.sena.notte,BF7B4E7BD89A05901A0C25D12ECC6799288E3D17B9EF70CB0CD627EA031D6B94,154
pl.netigen.unicorncomics,10A57216C5A36069C6D81D193CC5E79AD5EEF2E7EFD84E760D4FF5132BD568C3,4
fakers.app,3720A4B6EB3E53C7D1D0D51E79FDF73A23FB9B774D4F8643F6BBFA9D1FE2D61E,60
com.wppstickers,D045230C804B9D4217CD10B43712D03AC437219B41BC5A6323183063320B0D73,24
com.jmt.emma_goodluck,10D745AEE700BF1719298DFF8F85FF52641EF0289FA02D2A03409A1AE0F13178,12
com.amazing.rope.man.hero.strange.gangster.vegas,113423D8DDE3849CF4276F07BD47B097C0CB3E9A1B1409B73FFC310A8D8C0E91,4
com.afashatface,113732B9F17F378C9EDEA5D5A7AB19DC12EBCDD5E41589E8C7CA1A392435ADF4,11
com.threedbrains.heavy.excavator.simulator.dump.truck.games,3F8D46245CDEB510B2F7F9A59F1B630EACB07D1A5C48A6E53951F863455DD2E5,10
br.com.meiatech.sonsdepeido,11549A0499065DA42A6E24F9F7756EB7534B34696C1DE326E2D2CB31565E867E,10
com.csmart.cartooncomic.stripmaker,3A46A3C34745369D7772E35068E2CBBA32348AE66FA7D1E799FDAC66A504F166,13
com.osmartapps.whatsagif,59B9C4F4B54931C03D2B52E095E1A4B81F6B2E6072312187044092DB3CFF7ACF,72
com.toomics.global.google,68DF5FEB5667BF3C68EC68BB8643BD8D5C3A7C1AB5348070BBF91A109DF1C710,85
com.ogs.spidergames.venomhero.runner.infinitycitybattle.ninjagame,E20BFF37FDB90B49A7BE3AC51656E2ED311D2E645BDBC165A48766D7C2163820,5
com.mkzhan.google,12309C2D83A30C69065B69B70C00964F4BA6149E44EC743580C137F3DD870418,251
com.ludosmobile.wild.lion.dino.fight,DC291B4A24DAB61840CDCACC3676B1E85FA5EA613A1F630A595D9F1A9777F3A5,200027
com.gv.sniper.animal.hunting,944BD93C6ACF7627C268C0090DF73F4930D277C7E8352CB78694F772FA2E7477,5
com.toryworks.torycomics,FD464ACD9084AE5EAC1AAC71B73E31B42AC44B3D8BFB1B07C5AC872A80C862CC,92
us.heroman.mafia.crime.rope.heros.superheros,3F72B61442C0A331458D798469A1D17C312E5385EC148C704D81CDA61D865DC2,2
com.gb.carstunts,41CD0A36F545B7C205724606CCA486AB21119BFCB05C07496C7068E582661C5E,43
org.lucius.crazybricks,AB5A306BEE7A363CC592DA5EAD51B900C9EA2A3D64468EBFF7FAEC49BA3EF19F,42
com.madefire.reader,7E5206B8185529B9323F387C36BFCFFB5BCCA274CF5CAA247DD9871DED52A3EC,64957111
com.fantasticactiongames.carparking,9658EBF4136BAE88CEC1BDE1284A0E09D8D8E0B6F1BA1B66A64EE7830F51BDC3,19
com.artursfer.futsounds,3431EB05C23265934A824EEE1885393CAFAE44DAF73CD111A4C5E1DC8376197F,7
net.kervala.comicsreader,DC50183A7E1F2710D9932F1D63505CE9FE74F036DA29E4750D72F1764E8183F2,32
com.mobyi.husbandWifeJoke,1443ED0BC52BF0F994408F77AAD3AB61B3D1EDB4A073C035136167F9B3D18F7B,22
com.creative.Learn.to.draw.princess,3DA0079F3471334FFA8FEBBC8C886EA36E91ED210B1494E5E772B2BEF5A301F5,26
com.dj.botaodememes,C9F50D5473678A655FCFD4778D01C8A0CE46044A26D2B00F54D665643813131C,52
net.explosm.CyanideAndHappiness,BAEBCEF08934BB95B5D12E0487622FFF3FD409AAF66B710AF6F52A03A7339309,323
com.ammaradel2020.bt,E12B6A60E423B8C89F1EE54D0C25BAF4972ED104618BA7CF91DEF42057BB106E,28
shreenath.marathimovie,EFDE9003FD442C4953820AB3E54D7445F4F68BB53E3ED94C35A850992F237B7B,13
com.mobius88.icartoon,53098341949A78C189B30BEEED669D2A446968453095D523AC3CA021ECCF0A28,20
com.bilibili.comic.intl,55F15E3E26B42DD717AF22C3AB3D5804A51048A49B31601717BDDE0E7ACBD96F,1074
com.MayersDev.PaidasCurtas,163AFB6C917FE9A245D7777EE824EFFD0187782EB229CA0DE7C575B6CF5748FB,2000006
desireapps.freediamond.diamond,213022866EC3D4244C07847EE1D2AE42A298D90466FC0E7A1C45EB04E6D24B27,4
com.aitype.android.theme.comics,B26DA8E96946995EA1D4C247273EDDF7D36700377D4D2D190F121B8019776C9F,5010
com.izamiGame.Hero,31E9073112BBD0787680E001CF2160F8C49B2F2F2BB3D5AFBABB3E8BC7CA9A9D,20
com.graphite.graphitecomics,E655588897C48767061006F05C9246B7F7FCBE8DE1C551D21D99500607594321,145
audiowhats.maskow.org.audiowhats,F21CB9744D5A55B03A29883E533CE1EAA5541F5381F69574F2749C34D54EF0D3,36
com.picfix.cartoonmaker,7832E102BC6BDA5C3CCCC67CA8C9CE71849F387DCCAFB07001A289AFF938AA8A,8
com.cyou.cma.clauncher.theme.v546abbfc6a1112c96e9d964d,180229BF9E12E4E872958AA3E6F9432D470F20B2F9F585B8A31C895D040FAF81,36
com.askmedia.sic,E994F423A17A1DFDC918D61554418923ACF0982C705FE70949F66C4BBA5AAE2A,50293
com.rebellion.app2000ad,81E4CD342FDF0CDD65EEA0CEEEC70B5C14D962985F9D5671CF90C8260FBDB2C6,40809
com.animedrawingtutorials.kinanapps,F67F868353E963C5DE0BB95C7D5CD3FBDFF4B0FDC7818A6D1BF4D7AB796D71A4,2
com.tbabadev.app17,187FE3870105DB8174606B0E7FAB83CB81AC7D6ECA2A444262C3A51776D143F9,105008
eu.bandainamcoent.LNDC,B93D301FB591DF179FFD49550D29F7E34746FEBEC3CAC086F389CF549E8FF23B,33
com.keyspice.zombiecomics,19EC9BEE334D41DEE4C268A6580701131B2128368527E09B5ADFD930C90B9678,86
com.gshg.grand.uspolice.robot.transform.bike.spy.mission.battle.crime.city.game,5885C8443DE2D56E387329454D43117FE9E1E4725947B1C8907C30D5971F6E27,18
com.stickman.vegas.mafia.rope.hero.crime.fight,1A64B33CB1057C21CBBBECA93B9EB39E8CF40E393290CBE29484B45ADF0FA198,5
com.smashing_free_games.impossiblecarstunts.monstertrucks.cardriving.simulator.apps,1ABC3EE5DEEB63235A6CCEFD1867392C4248B1DE144BA3E8218C4E9F9D042FB0,4
com.remind4u2.sounds.of.letters.alphabet.kids,F81F2C97A75D5397A9B2EE9292D8016FFB7B001E15D0B1CDB027FAE2D4967F05,1026
kr.fbr.chapter2,8134BC030B860328DE770EEBA2BAACE4AC1BF5012F2EBC19AC6955045D05B4B2,4
com.tm.spider.simulator.apps,D1D923037F3F4254AFAA504B292588017194A1BD234712830B333850782F4D76,12
com.tuneonn.jokes,C205AEA61868E7A5707A1ACEB2D5061DAEF0D034EBB801A8E83528FB8A6AC340,19
learn.to.draw.glow.cartoon,933A2DE2B86C765A36B359C0A5AD0C5DECEA85C7C983AF959D7C78778158B478,42
com.gns.excavatorsimulator.rock.mining3D,7A26643BE0F757FD4ADCF45D9D873C04F5978EE405522AC61134D81483533EA1,10
com.catbag.sonswhatsapp,44E4AFCDBF7AD922EAD15B9E5B0D5987B204DF27070AA006D7FEA40D46D11CBA,16
com.zzangcartoon24,9497AFD3970599ECD41E9990A0F008AFD2E7A0AE6214CDC472F3EAC55B1FC8BE,9
com.infinityapp.tempaty,DDFDE2F40569E88967BAC87B2FDE4B9DAC5B22DC36B9E6DA29A030F945443C2F,22
com.play.vertex.gt.mega.stunt.chase.extreme.racing.city.car.driving.apps,6F66BC32E87230C12F88C6E7D164E21C3EAC6C9C98269C834606641BA55559D1,15
com.ifuncreator.tanimewall,A0887B3CD31F95140FAE98BC9E01D302DF581FAC7C4AA37376EEDD88BED1F817,54
com.comic.trim,72AB033E16CE8DDA04BBB745420CD386F2464E0CCF2F0B5839A662CEF9FE82C9,146
com.noscrisma.commandoshootercounterattack,CE3B6333114F87F6A24A9B03A7B6D1F27A42AC98EF81A963EFAC68712DB7D95F,10
neo.maru,BB20DA3E851872E9AEEB3A59CFAB7C34268AC8B6E76865CB580D8A349CBCCF9B,190
robot.dragon.crime.sim,1ED0AA49ADA2EA80B61A6197EF6A8381C514C3160510502F06B7EC8E2EC37607,1
com.skitchatlkrimi,614F03E6E5D4A1C81E8B5B3C3525C396681C616BD810C428E45F75DE957FD06A,23
com.aap.all_movie,8FB6AC855A74CC1FA5EDCB62D8980275AF1AB5A35F9F87926D1CD0B2B0349A90,31
com.mangamo.app,D28B6311EA743E04A942DB8A3CCFA895E584F3D4C1CB8D718BED3A3B2508EC6E,74
com.reto.post.egydream,758B16111090F299C650F4CF86C7A61EF014C9DB7E1096436AC90F334F7C3A5F,150
com.tribunegamesmobilestudios.devil.superhero.angelscrime.city,1F8ACDB9F4CA720B331BA57E6457068BBD8D470AED16D2AAF50CED1C8DF82784,3
com.multiPanther.stickman.ropehero.avengers.crime,1F998BE50E3278CA134943894B1DFBA268C263B7ADEE5F159BB356452C26FC72,60
com.applepie4.branch,560D5D935885FE95D62BC518230303BB5F67BC8D714E56822E1B7D47AEA6D353,105
com.alek.smile,6AFD262234D79D6B1CBD90EB2D7477B726AB6ABF9DB02068BDA174B173F07E3D,202030
com.hgs.gangstercity.superherocity.grandcrime,20566E01E24C93EAF703538D5EC6ED8D045F1217A08142446B800AE2E667DEC4,1
com.sss.real.robotsteel.ring.fight.world.boxing.championship.battle,20C34ED4A35FBA573F366A14A27DC64B4D8A5A495D4896CAB1DBDDD6555845A3,3
com.gv.offroad.truck.cargo,20EFB64DC2D27C27494E9F90ABF22790B6BDA36BA322357DAE5071D2C11763F3,8
com.gcg.traindrivinggames,C5C72B744C718A969875E34ABB1B862408A3B5BB48A96E8B21444682A68ED121,10
com.hypersquadgames.city.rooftop,BA8742D9299CAEC50333A7C5C9C86192181A805AADF12C57753C7612E4A0D8A0,5
com.tokyocoldstudio.lostAtlantis.GemsSwap,3D1D84C6F30CBB47D4369E28414E079B6FF8DF37C47C489B490355484BE438D5,4
com.skollabs.funny,696FEE7514CC6160B41ECBFAA57B426646AF3925E3C0367E29A95CC52535E3EB,261
com.lalatoon.android,F2CB1DD44A3C56721B1A9FB4F9F389FD7E921C35D58E6609A5958A9080C0E000,11
kr.co.dwci.yulhyulgangho,225622500A2138A5ABBD629A14602BAA5E9B2D2D3E7E1441764B02B7C1399D66,3710
com.personal.cartoonavatar.maker,414CBFEB253DFF9AEB41C8BE267B5420774D3709026E89E24B8A6E5B356FF495,10
com.newfreegames.real.robot.wrestling.champion.ring.fighting.game,6257CF036F7CDC0092CCCA0EAB86EC9A50BD3C01773D12FB884FBE0EBF0DD1A2,17
com.play.vertex.counter.terrorist.online.strike.cs.special.forces.game,6E9F97E58F43D26B631ABEA281A87BDECF4547D8C0A028B4FFE2941E1AD46F9A,15
com.avatarmaker.cartoonmaker,D857400E70DEA0DF03F396711A518EDC300A431AE4D23C5E3CA816451094A331,12
com.kauf.talking.baum.talkingbabsybabyatthezoo,4B5D209A6DFFF470F612A04AA526255FFC26A1F4A75694E5DB0100DC95E0F43D,231
com.rookiestudio.perfectviewer.plugin.source,5BB0435CE1549BBD7811B50073BDEC27EEFAE26ECD0FFD91580E1D88C52CDACB,23
com.wind.magical.rope.hero,432A8DA0647F803DA17B298254E9425AC9FD29AA51466B4A123F39BE6513405A,9
com.cradley.animal.cart.ramp.stunts,253386A6731E501B25370194DEA29629732DBEA42D2D746FBC1BC8D3937D1F01,9
com.zzangcartoon9,5B6E154E1F32CEDC6215C68F3E9F69BF1BF79E36F8B516A8F38E4D8EA76A82C3,41
com.fortunestudios.heavtladderfiretruckrescue,C9117DA36A6A866B6DFE3BDF904706C62BED3A8F79338FD21DA3A9483A0B5A1F,3
com.gns.dinosaur.battle.city.attack.simulator3d,266753D8C459635B13699C2C5CA2C46887D320B81046A5329C0FD77CC6853A42,4
com.ge3.casamentoblindado,28461D5AC6252129CC047957A2867ABF85C6E76CB992B11D30C9619F10F88AE1,2
com.mc.crazystunt.impossiabletracks.cardriving.supercarracing2019.adventure.game.free3d,286BA25832B51EEDB6A5DA27166DE250C947A9EBC38A69458F083EE4D026E617,14
manga.anime.toon,5E7D00E53663CA4A1E2FDA0F638E46B0DC1A7AE1C5E7873C54DBA29E57058A4B,178
com.gns.army.commando.counterattack.fps.snipergame,28BEAC9470E44F9F583A6158BEB90F403B991F93EFF09234B4FB60F7F3563CC7,16
com.enigmastudio.armydogtrainingsimulator,D4118AED0CB5D5185BEBAD99638661D88AAA520DEBC54F7D7E3BEB39769E3614,11
com.gb.stickman.army.dog.chase.crime.simulator,29272AFC03A48EA16C404AC140350A15A74720D5B49AA592D349E687F7A17C4D,3
io.gmanga,2993AA14F4FB6F61DE13D575C9A340ADDE57FE222AB431FFAE4DD9D8B3631EE8,14003
com.boomclubgames.Free.Fire.Sniper.Vs.Mafia,29E30AB7C1F681E0DA0898BF09FB3373F85353B07B61E459ED1958EC89B5D636,41
com.ls.highspeed.traffic.racing.highway.car,DD2FC17B0D5FB0DA07DCEDD532AC6AD6C4255FC0E73DE626C265E47AED815989,9
com.darkhorse.digital,2A5B7091FC01D21C73843788266E2DA8056D9F0683A03B66D83F759C0E2DD0AD,29021
com.ifuncreator.cutewallpapers,37963495444BBBCE1FD25D131D37C18B419D60A153F462167E7CF0A5094AFE88,56
com.enigmastudio.gangstercitysimulator,4925F2160A84BDDEB69A6F815C934F659BC050FF9C4B79359E064CAB74900742,3
com.actionandracing.gtcars.carracing.extremecity.gtracing,93D15063BC2BCCE9F287072235A59AD9074D3BEB13874E84C8B26D271746851F,8
com.covershootstudio.police.officer.duty.multi.story.parking.building,748D8196CE6CFC49BECD32691CF6740E7487A3640CA11E36965541625B2CFC20,4
angry.teacher.crazy.evil.scary.nieghbor.game,FF08643FB986C45F96938D5EC908829B84F87E0FE0435067F13F7BB104CA89D1,12
com.zzangcartoon5,2BBAED8D9286D16244478265B4E68C03C88E289FB7176B5F5848AC50EAE69203,33
com.thomaskanzig.piadasdeaudio,2CA613DB8BE6F3B0AF5453599B94A446334F52DCAF7E1DA88BD6479D250627F9,103062
com.workshophk.t2rcmecy,2CDB305563DEDE017AFAF48F6C3114399B1CAC64FA3F4E4D848583827244284A,4
com.appmag.templelostozrun,7E226823EA8C84542CC777D795ECE2B198F7DC729F0BF963E343FA704C835ACF,16
com.rope.man.crime.city.hero,9F300F4844DE0601E2117AE2604F1BDFAAF21C58CF092C9E853278AE48470174,4
com.hostwr.BestJokesFunny,2DA67651A0B400F238A006A6DE8BEF973B13840D722E0654AE1C360589E3E457,6
air.bahraniapps.expressivecomiccreator,701650F85E67FFAC37F0A461714DB4F7FC76FE86673CD24058CC5EE89A95B259,5001003
com.asfg.wolf.game.attack.simulator,2E2CDCED4CA4B4B293D67AEB62E0A7D75BB97378C6F91B2C7B22D6620E929F58,4
com.zzangcartoon13,531942565990F1E167C8EA65C83827B56A3BCCA91C9D314459FC9C9913FD0C50,35
com.rh.origins.mission.counter.terrorist.igi,2E8C15E952C2826DF08B6BB88BA340C55E45D18490E8E15D14D5EA2F75DCD49E,1
com.cyou.cma.clauncher.theme.v53c4199e227ba28a166990d3,2EE35A25A129C66D7704D84285BC8F66C42771EA4F72614087B75588F6F86CCC,35
com.esp.real.moto.bike.stunt,2F4ADF16C3D40D6943BB93CD213BA73C0C789C84CC9D156EFE75B9A600A382D7,5
com.zzangcartoon14up,37F91EF6923376717F631537A16EA07E720A591BCC0F463C60CADE40FBB6760D,35
com.at.meme.maker,2F6BF38F6128DCA986FB27D905E93A21C3E3EC9795490D14EE9AAA21BD296131,131
shayari.funny.newhindi.jokes,BFBEEB553C7F6D27B75CE15BEDD2DAF78A49FE73A5E2FE5FC8E7F5A7E893D826,17
com.erafungames.us.president.helicopter.security,2FF0B7B07D0328858A5293D131902144659C5B55B832643F35BEF55A8A462217,200010
com.ss.flash.robot.speed.hero.rescue.mission.games.free,A6159BF97AE9B7D57AC9C756F81A4666210E88B19DEA1A70302FDDE823DF543E,8
air.bahraniapps.drawexpressivecomics,5F12456703E171E707FEFA8C5E21A00F7189CE36340FD5701DE32887C247BF09,2001003
com.inmanga,310145DECAD28A60052565437E1CC1A27878DC90AD2114D013923259DC32FEA0,907
photo.smile.comic.dragonz,311FCD0914197EF440B71A7767AD354D2A550AB6D70A76A0C90D758BEA54ED9D,16
com.bpgs.bat.robot.bike.transform.hero,314B4406D8AC8A7A559D4D626538ADE9A21353CD20782B0EA421EB205A0689C2,7
com.play.vertex.duck.sniper.shooter.real.wild.adventure.games,7C67A398D256B7640D24CBCCB4A6E6724B2062E791D07BF603F77FF0899A106F,12
com.gisb.archeryshooter.ninjamaster.shadow.survival,31C5C7FC56B3F99A3394B180401439699D7C8EDE238B6CF5B9433EDD780B225B,4
com.karsoft.gercekdovme,326B64822C2B0941E6B2DBAEECB2106225D263C70E3B5967F232AF5DA0124F87,6
com.olleh.olltoon,BADC78DA45AA8FD21FB5755FE3E3D66245A0378C60B8A241CF9C8ACF3E12CAA2,525251
com.bottleshootinggame.knockdown,4BC861F1811211BA2396ADDF584DCD3A7C1E02014C88D44EA1391E98D0119BF4,42
com.bl.swat.strike,33ADEA6079F33F6FAB03CF39D141C4A1A7CCD59B581523E45508811139F59CBF,200111
com.soreha.mangasanctuary,D3500744B6691633696675164D49D36053D04C1FB55DAD71FB70CB856FEAD866,41
com.keyspice.photocomics,C6992479EF0F5CF6E7F7B2DE0F17BAD05C0E60E78608804B6B804A0C430BFC80,86
com.askmedia.vibulkij,90D572FB33929B553CCF793CACA92B6F852896A434F4EF3F64850C1A19AC9F2C,30285
com.launcher.theme.t211804461,35166F37A513F7C4E48CDBAD040A7FCEE4C9E6739FEBA2EB5132E4DC49B229CE,10102
com.ess.comic.manga,356F14AFC8FC87978E31609585927A8C7C9B8B9B6B26972E5E8E60775C7D3DE5,212
com.agz.Black.Spider.Superhero.Monster.Panther.Flash.War,F5EA99DFB452243BF2EB2BD721FCBFFAB28013AB9485D7ECA04575F3A1E5F47D,23
com.tigs.monster.dinosaur.rampage.city.attack.hunter.freegames.deadly.shores.simulator.jurassic.run.kiddino,365CE69ED086A0178036FD1666E4049DFBC874C4EE43A76898EDBB869E939043,9
com.impossible.tracks.bicycle.rider,B518F3A8368D0B358B3FA86C0996B4D5FADEEBA39AB8592DFF2F0B706883CFD6,18
laftel.net.laftel,72436B56E973DB3052187D8AB63D4E7A20F03136AB05E0278EF603059FED3D77,3145745
morgana.manga.mangareader.xmanga,375E528A3363261A075045D4B3AF02DE52D10E56999EDA221B54A09E35654138,2
com.stickman.hero.vegas.climb.rope,37CC0DA38E9BC11E2ABB8D88419F1CC4782A42206C92F85AFC409832F080E828,6
com.mm.virtual.farmer.sim,ED21A09D4CAF40B37A6E40D0080594BF69AC4D9BFF6480F1A177F2BA5FBF98E8,105
com.dukitan.android.bolsonaromitagem,B14B13E24855BB3E3357C1BAEFFE663FDD21A95C0C3D00B2C624BAA01F7A9C16,10012
com.grand.prison.escape.jail.breaker.adventure.game,5B66EDA23584388971A668D4130E356EE790EA0C070F0BB2F3B46964B729C116,11
com.ngs.amazing.endless.temple.princess.finaljunglerunninggame,9D0B3D3653B99C4FB672D51DA33C5EA59EA814CC886FEBF334C287A5E1BB9D14,4
be.moulinsart.tintinbooks,60297915BF81C01824EF9590FFE898237F0FFC8EB942CAF9A8A735393D31992C,36
photo.smile.comic.ninja,815D07D2402C2734212F3C54CA52D760085B95140A1D1B10C0DE3D9A9844186F,29
com.zzangcartoon20,F332AC6A1118C925781964EEDE017CF88A7DDC33093159392FBAA0E6B4A481BE,13
hu.alchimedia.diavetito,CEFF6E27127DA992A20ED99F467D910671D1A84AA16EFF0CB8DED543EBC20C73,10
com.obikecoco.jewelstarlegend.witchJewelMania,E880A3ECF2FB77A7931023530C74255C9F4C295AB508346884721ED5B12D52C9,5
com.counter.terrorist.attack.ops,3C24F67C4846F362B6DA084220A6F6BF8904D83C8F48992538C52D9C620F3B5E,2
com.sketchpunk.ocomicreader,3DEC2A1D7926932BC355AEE6AC1FFF92385A866E9795D14B25BF1576A7C1B809,14
com.boomclubgames.freefire.Sniper.Battleground.Shooting.Game,3E93CA6BA209360AD0C588F04C4FA477BB243F37A2C7E994F49D362BBEA4BE74,2
com.alek.positive,4F1DCDEBACD9563420F6E43729874F7403C8BD85DD27E87EB5412F3F4095F0C3,30
com.picknplay.fpscounterattack.freeeliteshootinggames,91FD25507C508921EF816A4DC46459F4299884D402A1FDB713AF85A8D26212A7,12
dev.kraimoz.mangex_studio,41DEBFD4826B4DBDD67FF44B94B17049DF41F21C022BD062EE4B8E9A6612E94F,10
com.zzangcartoon2,4724B102F2C83577342B9941570DFD9E68725361C7F390063F85FB05E7E6DFC6,36
com.zzangcartoon15,D533E55F230DA98D5A8D6485F6346162CAA73CAC508C1020CA2BB84AC95128B6,40
com.zzangcartoon26,486CE958334090295A3F5113EC1076EABC4E06CBC5B3A26ED34128A769CE41B9,10
com.agz.SUPER.LIGHTNING.Little.CAPTAIN.WOMEN.FLASH.GIRL,7C9FD9BE5BE0763A1296E4E4D9B2407A841A03D6D6B00B7D70E4A37A937D7A38,6
com.xtreme.flight.pilot.simulator.ultimate,6F0401D669969683C923753D4333B6A092A82F34B4C84D9639862A29109EA2D4,8
com.angeybeld.stonang.angelbal,8FE37A23954A7C1D8CFE5BBC9C7E2A03EAD7B1F14A3425E1003AA1BF49E772DF,10
com.vgs.scary.lion.city.attack.game,A92A0B7B62DB8F6D4D0D815400C321A237128E89C8268EB48A0CB96E335EBFBE,15
com.actionandracing.gtcars.extremecity.megaramp.carracing,4DD4423159D245BD8D178338B1BDDAB3601FE8A2B6D369B75727A55EE3B5912E,2
com.iclassicscollection.ilovecraft,50EE739F48B1837710129E3015A3FFE15E3A24B59EDD3F2DAD77A855A118B108,13
com.mgs.Amazing.Frog.Rope.Web.Hero.spider.power.hero,55130360FD5D5B88B2051CD5BAF57465BEB07DDC3C89326020456C2CEDC95F3C,7
com.dmw11.i18n.app,F5039499B2EA8A33A1893AAEE1F0C1A240968F5BE43DCF8950CAE7B5BF3ED279,17
com.thomaskanzig.videosloucosengracados,5258CBF08565D0CCD2E37A1DED84646118B1967EEC15A2FA14C81AF4A1365A10,14
de.casparwre.insult,D463403C389E0FDCE0518745FBFDB3FE468E2FC81ADE341E916648E0C2ED3FF5,240
com.artursfer.choquedeculturasounds,59F714A9A4B86E59CA90D213DB669C7A554F8B8BF0EFFF396D1FE07F606FD58A,23
e.book.apps.top4,53B25CDBB7A0EDF229DA68813782A5B1F16FC5C9A67DF3D689C2BFD2BC92D6F8,9
com.bodhaguru.Comicker,54ADBC1D632CBF3D9F2070162852B0D52C7E0A5CE51B3F46EEE707F00FDC33B5,13
com.FuzonGames.Virtual.Godzilla.Dino.Family,D10BD9F25523093B878B37BDA747CD68A750E48D6D3684CC2805614A69F8347B,2
com.ats.gt.racing.fever.offroad.derby.car.stunts.kings.apps,80241288743489989E05DCDB197D169513C125D0D050FF88832141517866CCE2,12
com.Right.To.Develop.Modern.Impossible.Tracks.Game,F89446D360AF1358DDAC8902DDBA579A4790F0B2E6AE5E3DC2EEF4B4315D9773,23
com.catrush.petrun.surf,58DAD8B39219DB69B79D14B9FDC317E6828100987801BE12AA288D11F4DB6C2C,1
com.tgs.dinosaur.simulator.jurassic.survival.dinosaur.game,ABBD0867F87E6BC40DB4714DCC9C40A75EC422EA1EF430F11EA8C46AC9FE08A6,8
com.lgs.bike.stunts.racing.simulator.tricky.master.game,B898C2865143E8744AF01BDE1A13E4C4176E33262E7898D8EFDCFE4C1A2B61A2,12
com.aldrinarciga.creepypastareader,61FBBDA2F787ED57DF7C0C3C0DA36C6C8E558C9451F8B070ECA5634A0BF00F08,40103
com.zzangcartoon23,5AE22687FC88E2E6CAED2093974B074020590B279DDD1E8B120FD414AAFD14F0,13
com.gamenumber34,9454ECCC4F915C635067099A4440972D2FA9BA6769C9789F93071F473FF8B140,5
com.zzangcartoon3,5B3A9AE854D4EA2A7B86F8F4360DCD2EAF54A1D8F39223DA59F21276BCA6E1A4,32
air.bahraniapps.comicpagecreator,5CA5898C3B2427790F22EF52BB9FBAD17EAAED72CCE2E41E715B055A931F2197,4003000
com.gamestr.dino.hunt.dinosaur.hunter,762B097ED4AB9525A1BF40E8F3BA55211BDD7748BAD6D26D848769780D0D5A00,9
smk.manga.reader,ADE224FFAB55AB08CE82D7815E29968CAEA2B6CB7552808F62F8B1349178F297,5
popstudio.diamonds.princeprincess.jewelgems,D5053EB110EC7E8945612F505C295AD0EF1FA245D0CC38C7C364A978F3F26FD7,5
com.access_company.android.sh_jumpplus,624C8CEED536787D3193EF75C7B2993CF38B24C770C31F60066E615FBB68B5AD,29
net.mangareader.appfree.mangame,63BD1F23CD838497281DA28591110ED83FC44C198137D94D35B3F83774C63566,1
com.tribunegamesmobilestudios.modern.commando.action.fps.mission,E49AE4E5D158FD1B8367FB93B60B031F20D02F53133685E4D2A620659C0468C7,6
com.ironboy.stickman.rope.hero,6543CD649C4DC16ED2461A0F05528B495AF770449CDC8B985C2D8EC70C6C5AC7,4
com.screensh.reto.egydream,8DB6761720B6962ECF3B118176788934C6EF2506AFA03A02C8BBAE46F66C906B,43
com.Ppocketdragons.Ppocketdinosaur.catchdinosaur.Mergedragons,67559E4389B4A7C13AA7B19BD82A6D93937969C632B9E2D068D353ED25765D59,5
us.marines.army.gta.armygranny.city.crime,6A94175E3AD33FFCE825CB7B8D699F6DEACA4DD4DFF4C6F6E4C1598C37CCF283,1
com.hojiboy_tojiboyev.kulgining_97xili,6CB2BEADC5BBF150ADB9391948B63907B1F21D9BDB7B128B2355681206E20979,4
com.animalfs.lion.vs.tiger,70D581799EF2BBC110151B5609969CBDF5ED05757E43AE95378CEA61EB2EB180,1
com.gast.flying.shark.home.adventure.family.games,C87539E2CCFD20268598DEC0FB2DA670A8DEF704F7A91A48F9DF0E1A55F35B73,120
com.gisb.busracing.hillstation.coachbussimulator.driving,CAB65F205A13292AEF260873962385A36747487BEA7180384B00A65D1A6AC2A2,2
com.gunship.heli.battle.warfare,C22BF58D30373019E48AD28B25FAD2DBE8CCE9C0A3D6276EEEAEC5B187867D03,16
com.enigmastudio.secretagentprisonescapemission,748E90C91AA444FE98047D50A58BA187A1F648F590D844080579CBCF46FF1DEA,4
com.connect.zombies.run.tsunami.shooting.squad,F474C592C1F6F6C7A9EEDB093090C17969A8DD25A70F022DEF6CEA5C9E23BB17,6
zepeto.walkthrough.zepetotricks,76E11B2C3FDE9F132E626B70CF72340D77CDD80B27B957B29E72083824BB686E,1
com.shakeelashraf.scaryprincessfinalrun,77FA855F1BDD3E356FA3C8E122DC7CE685213D7B8E11F1FA5688A9E2C0A55A41,6
dmw.mangacat.app,7866F66F71FF3AA9A1908683B5116E254BE63F9BBE3D85C2235908309B733BBF,14
com.sss.superhero.iron.slither.wormer.combat.iogame,E2FAA7D274B07A9F5E79AE3077459A367A78A027D6A067B656A6BB6F2C5665AB,3
com.aflatoongames.FunnyQuotes,7A4DF6C3FFA1D448EFDD8D33A7C57DC464440892622D8AB75BFEFDD3579D4E96,3
com.lgs.gangsterheist.bankrobbery.spyroberygame.robberygame,7AFA5EB465937C49A744A39A7E25524E13C75AC7DDF0F78F3A4419C72929979C,5
com.topsimulationgames.quad.bike.stunts.offroad.driving.mania2019,7CFBD5183FA555FE53795AEEB18BDBF8868F6D9A0D690D2191951FBB609E1771,4
com.zzangcartoon4,F1524C8D1871ED9BD62408850301F487D779F84BC53CBC3921E0C35002769DF4,32
com.zzangcartoon27,D811B30983A73A3BF0406B46A72109C6471773E7AE0EABF2921ED460CED965E0,8
com.imageeditor.animemaker,80A1BE159FD7FC63D488C210F895AD2207609F666142AD0D5DF16A7114BEA297,3
com.hutappid.catstickers,CBE261C3E256FB2791B008F8A92E0353932C0EB23BB4D50B436D633529814A7E,11
com.ggs.offroadjeep.mountaindriving.racingsimulator.games,820CCFBB16777F02386A3387540726E721C1E419820E61FE74FAE17050CCF51B,6
com.mydomain.barzellette,A7A7F41B7BF645CA3CAE24C3D06B23921073266226040900986AA0E182B3656D,10
com.light.speed.robot.hero.gangster.crime.city.game,827226DB27FB14DF2DB9B2E7C75F9769AA8B9D5046EAE251CA0298580D3689D1,4
com.zzangcartoon17,837CEF4B895E3A1825E2FE52AA65642807375659C6043A9675C9CDCD670C2A29,30
com.fungames.bike.theft.police.chase,853EB575B57617D5269EB71B5AA83370F490D5EB3A9CDAC151ECB2864C88CB2A,7
com.artursfer.silviosounds,B914ABA3FFF704097B1332E866F809DA1023553A84C33C6E17A88F6FA6F9AE1A,8
com.n3t0l0b0.blogspot.pe.activitys,86973FB66F36D8B03F031809CDCC94BA2BDE4F8B1831D492D63A4D7688C5D3A5,15
air.com.touchmultimedia.comicpuppetsfree,88166DC5785FF8BB04524C8ED3573878431CAC74186F8558B618407A722E162D,1000005
spider.games.superhero.spider.power,8B67A30D727AE8EB7721A92DD6B644883BFC1700B0A8908D2000F0CED98429BF,2
com.eg.taxi.city.car.driving,8B9941B4A6E0F6FA26CE5C47B23AF44DB6332D44821A1C6FCB0EDB0075212038,1
com.vkstickers,8E4AEEC9DBC8BD9A2318BE591222C2E8EBB8BE0415B92CA9369FB89BEC3AF840,6
example.hikmatlarxazinasi,91E3A919D201A8CF28A850616E0B27B40180478EDB9D8FC33232979C497498C7,5
com.istudios.akbarbirbal,9263F9E9EC67AC26B40333759A126417283F85F049227D88B0B57B3213B9656B,3
com.tigs.horseracing.horsejumping.horsegames.horserival.horsestunts.horseworld.showjumping.myhorse.horsehotel.horsestable,93C9781285C6F4E6649B9F669E340E2482A2705C28FB776314472AD5FA96DA2D,2
com.zzangcartoon8,93F9C6B144C14FB1EAE4102B3C18E83A87EFFA1F8B85659BE88FF3992AA39F8F,2
com.zzangcartoon16,A0EF3974F2B4D0AFA1CAAFCB56128AC38AF61802343743B68E72B694B6152F58,40
com.ahijazi.juhaa,9C32AA76F4F42AB26C0AF4ED081A5D90F73336D1E54FCBA80BEE06CA868C4A6C,1
miga.town.game.cake,9C77956D7444AA2183280AC5F5950BEDB7B7731CA1125190D01D510F51926E38,1
com.impp.police.towtruck.trailer,D4D7C8679101E15C11CBFC9201A595B023B7823568A9C5421CE63C92FD29ABE9,5
com.twgs.real.bus.builder.mechanic.simulator,A00C977AA88DBC39FE4EE00E3B05347467620E9A28E3AEF0F11C830FB3D2F8DC,7
com.annabluecomicreader,D1EC69DF0ACAEBF58504C42ADB5A1EECA4597581FD1D5594C60130880695DDA1,6
com.alpha.comic.games.topfreesimulatorgames.angry.police.dog.army.trainig.criminal.attack.chase.car.games,B4E954C6A6B41775A737D742A9F0329BA963B4F1549239F508EDD5191F38AB25,6
com.zzangpenguin4,A0EF61E81AECAEC0571FB3AA25628FCAFC3AD5740CBCF294295C9DD5AC713986,33
com.zzangcartoon21,A3E84017FE6626BCF04411DB7090F629E1DA4404A1FC22F428EC25F809F6B85C,11
com.fresteainc.skinsfree,A42CFDEDA526295BA35D7D8B581A8A5C86906DC427F0C4752812C37C9E98C0BE,1
com.cyou.cma.clauncher.theme.v541937212ae8970a2fdd8d7a,D121501194940568B118C1DCFB6865F2D6D449431510A130662FE795CED7D0DD,40
com.epicgame.battleroyaleseason6,A6C7664EFD7D0BE9976E20CE504E275CCFDC772994130ACD4909B27CF8F70C0F,18
com.hutapp.animalstickers,CC3C2C2F6C02B212C945AAA335EEA62766144AFFE8F13C32153049BB80AB67DC,6
net.bytten.xkcdviewer,AF60B5DF19D7356AE0A070C7A5A108D2F4930CCCC40A95440F784FFF2B0212DB,34
com.Pygmies.superhero.flash.rescue.free,AF66C88342CA1D2D15769B4C19A127E3F8B2C9CB7EC458AC6D186D54DD5AE797,8
com.musawargames.ninja.fight.kung.fu.shadow.assassin.samurai,B22B51DB02B8FA0159D2A98212000F0A27B023DFF956C205D6AB581C1938BC78,3
com.imanga.manga,B234D150CBF614F5D635412EE3DD5C8C3D97D177A76C330903650BFB8D6EC615,6
com.fire.battle.royale.battleground.survival,B2ADF53625AC81A8E2E7389419E2526472CEF642DBF8D2BE8313AA0E5544597C,5
com.mtech.beatem.up.women.wrestling.rumble,B7053B28F3D554BE8C19E5862A5788A8A0D5516FEB23E41076F50768D02E3475,2
com.conceptapps.busuiocapp,B9608C7BFBB7443C00CDE6F49B02C9C76276F16A23B9E544205A6493894F7B69,4
com.newnokatasa7by,BA9F3D465D56B06E8A13DE6378B45040A2272AF52635039D8BC7F243569FD703,8
com.professionalgamingart.armycartransportertruckdriver,BBB3150C4D2D6B2B434A1080CB0A43ABBDF709F78137E74BF65B111B92D7F5F1,3
com.flyingbusstudio.cartoonistfree,C0A365E2B120BCFEE546A5CCF558C34574957BB3525E3B64F03FF73C6B88D8DA,8
com.avatarmaker.ninja,BD9F315B7C88AD1B861E1696D51A26AD68F7BA30EB7BF8CECE98B639B1CAB047,1
com.cgs.rulesofworldwar.wwII.modern.commando.shooting.fps,C66E337E6D34B61D41532D4AA347FD682C014C53F16C49A972B474B539C0C362,107
com.spider.rope.hero.gangster.crime.city.simulator,C888A902D3136607121839EE0D6B3798EE5AB1C888236ED7AD6523073C8E402F,2
com.domobile.aut.cchalkdoodle,C9445497A4C3192FDD33D18F719155246929A65442EA043C8C850AB854BF2E1C,20160419
com.threedbrains.scary.eye.the.horror.house.games,CB7C98ED3D4BE63A1E16A3996A258F784E7AFAFD879FC1ECE68B8929921A747A,3
air.com.designersofcode.lovecraftcollectionvol1,CF0E0324D3D87C215F750919E0EA83674A92B77B67B921744C1333AC76761810,1000025
com.kauf.weapons.gunsanddestruction,D41753419A63C4FB3C971861602DFA0218FC4E4ADD998D292B1A10A9BD91416F,152
com.appybuilder.khongtulinh113.ThanDongDatViet,D16ADAC0E9E53CC6E5557AB2AC063C837DEDC560A1D20B656FDB897AB857580D,12
com.obikecoco.jewelstarlegend.MyGardenFarmTime,D349AA49DBAA41B91F1B47510E28CC916FECBA9F958915AEDCB9ED57C22B1E92,4
com.zzangcartoon28,D72FC528C80795892ADA9BDD6543820728436680D3693B2F27A68F99B4234FEF,9
malayalam.kerala.likhil.chalikal,DC61846117B1DF6BBD7127E4265FA57CD8C569974E33F7796F58093629FD8DB4,900
br.com.alaskapps.tiradasmalcriadas,DE4A63A3F38E198943483D0BC03A4A1A7818F30FD4D929C0AB04C1BDBEA0483B,14
net.kaleidos.comicsmagic,F51ABE9FE31DD269814297CFD05A88152E0191A313C6C3A516758A97AEEA831D,5
com.vittarstickers,E576AEDE959EA80A89DCD28D6AFF30F468F9197C1BA9E2B92EB7497709B591F7,1
com.pygmies.fighting.rescue.hero.extreme.city,E6DA7D206F5AC25FC850E35433B6F23C90040E0DB4C9399AE7A5E4B266726601,3
com.sfgs.free.fire.war.squad.survival.battlegrounds,E89FC949CB1ABA161E65D3AF73E2B66D0899316A440FDEB3C14406A779DA3457,2
com.hakusensha.mangapark.w,EA865FFFCFBCEF14E57F0071D643C3258F46551E0C9163ECE379265A6133944D,20010
fire.games.strange.spider.rope.hero,F0825140B914219F3B3B740BCEA47427D232742EB92F889471A032E437A4E763,2
com.gmail.geovanneb.O_que_e_o_que_e,F7C44110117A073047AE8169BD74DD88CD49E01F5B539FC35CBDBABF7AC790D4,2
com.ehraman.anime.girl.live.Wallpaper,F891C694C9D428363EDCC12288F49790D4CD4EC6605E74655CCB06DE62EF20BB,2
com.epic_games.wrestling.superstars.tag.team.ring.fighitng,F95AB5CE2AF2BEF5327B61A5A6DADF348F98A80A861435D3A2C61161E64161AE,1
com.eg.border.police.dog.duty.game,FA0E4EC6930853724883656780668FBC7C9097B6C9045FE26E74C8B616AAD14B,1
com.zzangcartoon19,FB17CDEE67776F84ADD69F170A8F4317A25F0D38025F6BA7AEF28B7981576490,6
com.zzangpenguin2,FCAD6F77CB530C1047668EE353970905D0753F0AE6484BAA832961B0418F9D62,33
com.western.cowboy.gun.fight.newfight.gunfighter.game,FCC0C99E26EE4A835B860C143AB5B47912E129925251A747225A8D05BC303A65,2
com.zzangpenguin3,FD0F8C533BDE5902C862F51FE87210AFEEB26E6C3CB294668F0D09F5289E7C46,33
com.bat.rope.hero.stickman.gangstar.crime.game,FD14940352309EBB132FE682C61CD1723EB0B7C4124B197AC9631D3F7E5A4192,2
