package,sha256,vercodecom.koramgame.bleach.global,5A141BF8A4B576EFF2BB33B9CE5D766AE99A1FE71DCAAE885ADAC207357B84DB,25
com.d3p.olympic,C6F4D36FA12B91B53D36FD13692512728ED79619664AE19016309AC46F407346,433640
com.bubadu.mechanicmax,128294F5E0F482097593BFA04B8215F03B72C9D1E40D3D0A60D6F7D195EE1CEF,32
com.werewolfapps.online,4A0FD96F1AE558F3044F0EAEE6010DA575E5DA33F385C354CF486BDC55F60DB5,4194645
com.soulcastry.virtualdroid2,0A7CC186874E26313A0EFB795D3718F5036C37F57FCBE57702651BF4E3D33BE8,200220
com.gameimax.naildoctor,0DF353BEA74D87B4A24870B4AEA29F9C745B94060EECF9683EDB4E02F6616EAD,71
org.herozero,58B1665B49ADFBF0EBC1B8451355975CCEC9785DB836C445C9118BB6646F4E46,2066001
com.swiftappskom.thewolfrpg,AC0FF48A001F881F4B1D3E873A90A1809D5E2416619F3A63E7F8CB65CE140DF0,200133
com.bewgames.templeruins,2D8FCB27C76C4C9679B780F2BDF4C360A9A0D4747B27017882FF65389597B116,40060070
com.droidhen.dungeon,65730729EA1FB49B02E4673B86CEA9C74E6BCBFDE0D6851BCD94CDD1D1BFB62D,125
com.prettyteengames.love.story.games.home.romance,1675FA7F98DAD4627A3B5ED0550B81E509CF7275406CCD691F0455F9474B994A,200068
com.tgc.sky.android,BFAF9375E2ECFF0DF58A864A495E65E72B6523C9ABF0D92F17CD2EEA0CA972A3,177980
com.cb.pregnant.mom.baby.newborn.care.games,AF490F7024436D9F2D5BDCD3F3C55BB64BE32856C8FD0A47FB46E1A7E7259821,27
com.maf.moneyhero,DF0D9C6CD77562ADA4528E1BE2D3152B106FA4F475C74E67F8264F80361CCF56,468
com.moonton.mobilehero,1426D465D276E3880BBA62E46AC2F35F1B2980ECA2E13A72AB07C7872AA2152E,439
com.lilithgame.sgame.gp.oss,912736D11BD59222EA79FD70BCEC877731011897BF73E71C9F7D366B3DCF6FDF,20210906
com.juiceboxgames.honorbound,B8C4989EED1DD0BA07B4346259E7E8E899183EE83B5E7708879556DD15CFC626,43127
com.tutotoons.app.hannahshighschoolsummercrush.free,241D654D0A6225ACD07A0A705111787F3D594C1ECB61780A9B87077831936193,400010013
com.nhnent.SKQUEST,3DAD43A1E86D6F5C5E88CC3E02CCF62F5631201471303BEBD87AD3A69FC907B2,1396
com.hg.takashi.ninjagames,FA080FD7AA544F249D9BF81D76BB6BE1261BE87454B13636B38CBBAEA309DBDE,123
com.goplaytoday.guildofheroes,A7D6C722AC088CA13681A7A6B6AA5D0441AEC1A4DC9A5CE78ABEAD54ACEAEC54,112123160
com.indigokids.mashakasha,8973F6021416933107B957FAFF93260ED0EA36DA5F66A649EB9C2580AADD3922,315
com.d3p.mpq,7A4BE154DF25571A7651102588E58EBF7EF3AED4536462A3EF2DF0B81A471F22,237583590
com.kog.grandchaseglobal,8FD9DF93A7863F60F01FCAE3185E73801CE3EAC63BC950604A60330F4A5E23ED,145062
com.superprism.illusion,FE2BD177724052E15C1C5A598B927D398A10C511B555EB01F4277F9718FB3F4F,38
com.joynow.monster.gp,DF6F41DE8490198A53914BEC1DDA16237D7AF6AB91057BEFB62C4237FAC01824,234
com.hippo.CousinWedding,99459B1E594B1B515F5D375C89C12DE32655B3D9EEE324D5BA7C93DD60727AB2,50
jp.co.happyelements.toto,2807851DEAAFE4CDE3938278CD73976CF41465E24C551DB51C29AC97FDE15255,307000
com.tappocket.dinozoostar,175C944DAE0261C136010F9B7296BC3B514FD28A63205C7FDC13DDBDE86CC191,1604125002
com.playagames.shakesfidget,A77CEB400432300B6A3E2BB09C6D26A1308EDE1C0B3BE4F34B09C24A62ECEADB,10000006
com.superplanet.swordmaster,5BED37C1F6E6C958768BD3DFF6F2804EC4DE3FD5EEACAB0414EA45EBA88A78C3,317
com.ucool.herohd,901D385014FCBA90A516F3AFE6AE130EF45F8B828556679C043AEEFB8C31779E,322
games.wfs.anothereden,A389FF8BF274E0EB1AF69B8A063BCFAB4FD6E6D29FA0F72219599340A798D5A1,305
com.sonypicturestelevision.zombieland,073D5F8F4D219DBF61FB4A26B5ABA82F44B81297B3131F9CC09A1F80418F3D61,3985
com.everbytestudio.interactive.text.chat.story.rpg.cyoa.duskwood,FBA75A53491AA17E1F56A0D0D215CF06D692693DD7A65AA218F530EAC9C191CA,66
com.frp.highway.car.race.stunts,DC0A588B2DF22C7A73F7E22055EB65D621FB1ACFBC56D25D91FCC87175C478E9,134
com.ubisoft.accovenant,E930FD5CFCC169902EDE639E42CD278ABE4305014659ABBE44E3CF97A45A506C,98881
us.kick9.k3000000013.c3101000001,DB1DF144450B62068AFCB61AA74D6CB2F0D87D27F95688CB9093C3001F93CC59,47894
com.taphappy.gardendressup.free,040D1E41380196A97B996B0FAE6EAC1CD6762971E6C1BDAF7F4B940F984D2F75,765066
air.MSPMobile,23456F48322BB2A30CA4C27F189E0C5E214CC641B5869841F2C1A28973C9B488,44009000
com.nekki.shadowfightarena,3ECC001A3D8E7C47819555F3B1E0DF97BEE6C4BD1885425A457A1C5C9586942D,3996
com.jockeygames.rampcar.stuntsfree.impossibletracks.stuntdriving.simulator2,585F218282291C0C29C0832E3A4609BC32778FC080D23E6F94299C9BDB4D6A09,31
com.gamevil.dragonblaze1.android.google.global.normal,6C6DF4EC013017C614221CD207166B3D8F5A01F2A92FA6678F74C5FBA4282C4C,771
im.maya.legendaryheroes,C073E0615A97933D52B29D4AA7FED67867D3A00A1369BFDD8CACF09F7AB8B18D,256
com.FoxieGames.WolfEvolution,BFECB4546B01A20B460DE6E41C70EF785CAA8904602607B162F3D49DA54B4C31,312
com.nexters.herowars,7EB7415EC8D3C9C1BF0F76EE90AC3BF3F29F3BF6CDE905912E73A766F5817D9B,112100022
com.igg.android.dressuptimeprincess,4879FE143EDAF8E0B233A726608FEC6CA55859275E6C2841A8BCDCDC14EC26ED,100
com.emagroups.ic2,C2CD05D40D13A1F6F2B761D8483BA29F921990E9560DB0719AAD66E85F5C3CB0,417
com.shatteredpixel.shatteredpixeldungeon,4163804E348A9F3201CE78955AB08A3C5D75EA015F22ADFEA96DF3BB3308BA01,574
com.tutotoons.app.hannahshighschoolcrush.free,0EB00FAEBEDA1D49D751AC86B32EBE32A01D623E3D0EB484B0AD3B521397404C,800000020
com.bigfishgames.dungeonbossf2pgoogle,80DA41649EC10924C742B55332862B51AAAF240C9B8A74FED66BAEF5C1DA5CFA,342948
com.westbund.heros.en,8B7147DD6EB4750F8E7FBC97D2970E008A6014A3B69D81FC82EB22DF3D600D11,100308
com.moonton.magicrush,FF461DA90D522D62F31B87E559CA10CE660E987B579BB5EF563CFD125701253F,388
com.snailgameusa.tp,0E3033BFD933EC2DB93E448E6C3DA954F309A1F3FD87E8FBE93B4217ACF5C83A,79
com.asobimo.avabel_gp_b3,08924C6D8298A8A2F2F93190A74F9038EEBFFA04B09BA32B975A7805B1569F98,491
com.nhnent.SK10360,484C9B7DF26AC1B812100066E1B8CBBF72D91E0FD8351B411FB77AED2F03C25C,155303
com.netease.idv.googleplay,1A5356ECFE8ED7EB50762C45014AA858F9270BA2147022B569584EB1BB34BF58,74
com.vg.drive.army.offroad.mountain.truck,E891675C8E72B994EE9E01BAB5694A9E1F62537E7F3CA3E6DCC303E9BD38C68B,29
com.las.crazy.traffic.police.car.parking.modern.simulator,BEDBCC4264EFBB66F4322F8D60D06A102E37EFB0760BC3DB155952E13B46CB95,47
car.parking.glory,486DE9AA29C293B380357EB574F7F458A6F0795572B89F253520F3FF9AC48A01,14
com.lilithgame.hgame.gp,3C3D812AB8772C8FEA9EF0DA561CD4C844653C3509DA05532B916963985A1100,414278
com.te.virtual.mother.family.simulator,35D5F4B3773EF03A37904D7C6A1E2718F9432CE0529202980F052D2208E4AA85,48
com.devsisters.ck,A9B1126BB076B2ACD134EC29AA51D8F1E6DBFF87A983E10174F94E252501C462,50905
com.piispanen.hotelhideaway,0133417D93DC792DE8BC971D4AA333C3E4774C69F5BB92E7D39077264CAF3644,147770662
com.com2us.smon.normal.freefull.google.kr.android.common,55E642769EA42340D986831C1E0173A358A29C1CC2FB86815EF48CA545BA24DF,64200
com.linegames.dcglobal,7B6D06207E9AA1B63D3186DCA7A9D420D51C5EFF7F2C7005158370A46D7F2BE6,120018
com.fun.games.real.dream.football.league,013E0991A6DF6FF82820FA312B674D40988EC8799DA6EF20E684E937800DD9C9,61
com.asobimo.toramonline,DB7E0172E47EAD4D4D9BB634E446B25027704E90CF50F80E078DD5796B9445B9,386
com.vespainteractive.KingsRaid,AA5EB11670A5BB9A1BABD72E13C32EE22856701E842C5E50F497B50D2EC52725,4053005
com.artifexmundi.balefire,96EC4D280485138A5C2CE2BF23CABC28E83BD4502E58DF5FE43C70215B6BC4FE,13744
com.animocabrands.android.beastquest,B82D3E01D4DEBD8D551E9813DF42D04AC5698F600E749A044B0A60E7D3652F35,55
com.square_enix.android_googleplay.FFBEWW,3C9EDFD2D9D0A1F2FD3A9F531848EDDCCF4DD28BA229A2D690804AD286EAB20F,6501
com.beesquare.almostahero,AAD87604DB4C5B7DAA79DB31EE4B6A840D8EF396F3C0CAE3C88E1DB97A31A48B,40800000
com.cjenm.monster,E613B196FD0124784A5566BAC90F151DDE0A5DA7A22CA6AB6AEB5E202F1FECA1,100200
com.asobimo.iruna_en,234A035A783D447AABB19C40B9F770A90A23AD261A838E46857E0354135C8469,484
com.ekkorr.endlessfrontier.global,EA3D7178F4D2E48FDCA2AB011FDE39496FDBA8985D86FA1283EC3EA36F401ED2,3003001
com.animocacollective.google.superstarFashionGirl,448FE36C26BE1FA4FE0F817E8904319285D758678E901B7662BC83B34CED3D7E,57
com.libii.dressupworld,CF62461C0F62D6EDF6B0D9C89C08474E24977C415BD3601E9139E4F1EBC539FB,13400
com.KnowledgeAdventure.SchoolOfDragons,AD3BE57930233E910B5AA5193465D318BCEEB71A520360CDCF120D305C89237B,135
com.gameloft.android.ANMP.Gloft5DHM,6E7D4FEE74131F7EFD6B3B631E461E0BA348749C78ABD4238F72182494F98400,59220
com.panoramik.mightyparty,B3A56E23C567D18B993BA346B7316F3B17517D8A6165378AD2B8CB8F8C82CC85,17409220
com.king.solgard,2B8AA6D24ABF89B4F3D9FE86150797E37EE91B54B95480BAC1C778D73CA3D647,865
com.sandboxol.indiegame.herotycoon,82270DE60578C747EC3C57E230F6AEC0ACEAE0A6612ECFD65F2035E82A6415E5,4072
com.scopely.whiplash,A3047F1052BAF5611A45894948AC92CDE8CB7D49D924A6F374211B41F896FEE0,21093099
com.droidhang.ad2.official.android,1ECEE46CF0A464110539BE8FB8AE12D805FFDFBD050355B9A68040949A805EF3,132
fantasy.survival.game.rpg,F3EDE9F088928C95F6D6134C201BC566EBCFA0917D75A6369425ABACB2EB4360,304010382
com.lx.HeroesOfAtlan,5FEB939A30DE90455F5CF23C24B642F0F492A4382E61FACF02450C7C3FAC800B,191
com.Hippo.GoodMorning,984D4B157875DFBB57F548A6EF7A1CF0877511A27C6C2D9717485346EB31FCE8,34
com.stac.empire.main,98AE8C2B446B2A8A7BFC5DFF2F5E99244D573F62CFACC44C33698D40E7523F95,700
com.an.bravedungeon.roguelite.idle.rpg,96157F6738F9B180913872F584BA0C1990860ED2E574BBB26221F7D5D79A20F4,1047
com.nekki.shadowfight3,58724244F6729147552C941FB152AEC1CA98794153CB4EAB8ACEE99F4549F770,18951
com.mustardgames.impossiblecarstunts.taxi.car.driving,1204600E25CA8EDBC53396129A5A71D88955FF7C8CD5513E49704BD3DE06AE8C,40
com.kidgamestudio.keepyourhouseclean,523206535B66D3C0D18F50DEA941E4E4C469E87A777B033433FA5D5AA9AD05AC,83
com.elex.nikkigp,64D36482548376F6E3C1E68518FC593E65F820E7E0D42EFC514AFC4DBA94E1C9,69003
com.wb.goog.dc.legends,796C5586C2A406BEA57E9A992CE730DCBB22587E96430D78DC16D1A651D94E4C,259716
com.duige.hzw.multilingual,F9FDEFB26B1BD0FCF9E0E3A7AE824E190792E5011F4F4832DB4C48709454E8EB,65
com.game.idle.fantasy,1B0E2141AA87592B03D3C35DDF11178446C2186D636589DED7E333F7AFA11AE6,199
com.fps.mayhem.shooting.strike.commando.game,DED3358DB3E7D27E75C178255A99583A7FE83056B3CEEF0CF5316DAA5FF740B8,53
com.steelcloudstudio.luxury.prado.car.parking.challenge,EAB7C8A01FB560E9373DBA597013EA173669E3E651E55A56E2A2681E55194D9C,26
com.nexon.maplem.global,63C31E678DE5996C161A291B09F7E72038F213F253506D715A2346FCC49C83AB,2796
com.citystreetfightinggames.ninjabattles,29541AB993D0273ABE3956EC0C6B8897303FEB5A75CFD209537E3279C4951728,80
com.asanteegames.magicrampage,B05F8E357074092AA64013765BA3E6A58EE3465A319C48C6F379AA15EA23CCB5,546
com.gameloft.android.ANMP.GloftMVHM,99C4F70F93E6FC4F172FF6DCE8FCA44D42C18A564757258E237454C61638028B,1173200
com.netmarble.mherosgb,CA21EB417C9966C3FA23A56D45477A58D036528058759F19E37F6A3BF5918774,179228
com.bs.dr.multistorey.parking.car.street.master.apps,8215A1C54E82D6433EAEE15ADA02EBCF3B4DF05C560EF82EC913499861469ED7,80
com.ikanasinproduction.cintadicitampi,682CC68F08AE636D03EBBCEC5440D6D547CC7022BD914E04FE89040992BA8224,93
com.netmarble.lin2ws,A4B899D404172061CD132EFA71633A9EBD6A9262886C24E1F302231F6EE137DB,130122
com.nexon.fwar,7D0FDD243A43872F46D1B9904557984B2F5FA9B80C826061890B5E018E5DB45E,160
com.babloo.commando.adventure.shooting,C99B16188E92B955FC209CBCEEDED1922E97D77A901410F592D7D9BE9C53CD09,133
com.playkot.ageofmagic,E6B25B5515D670387432EF2D0A742E653832BFCF5E78A54B755D539916CFC58F,149
com.neowizgames.game.browndust.srpg.global,6CF9DFCE7DC040C410C17134D8E8F90AD6C318967739C33772267C4752F06588,3608
com.appstrend.dragon.robot.formula.car,028BB088C378C3780FA5739580072DB0D6844E1DB5A4E3041EFCD10477FBF7DC,59
sts.pl,A273568A1C5E06A0AA50A253604885944E054689C9E5D2A8E71E7F29AB045239,286902
com.devgame.cats.sea.adventure.kids.treasure.hunt.quest,8D76179C29494B546259242552F11FD91F95730254700647710DB335B0DE2904,206
com.vnlentertainment.mmoproject,BB9BF3F162A13B8676BCB9FE5FE42DBBED8A91A0619839F47EC7A10B8CAC0E39,18340000
com.glu.disneygame,0936D20D9B936645745CB5C9D5D67E6E0860CF693DFD88DD5ADC3E738A42C563,1541559
com.netmarble.sknightsgb,79C33401DDE734158A235C1DD1433198C4C93A9B01208F624D6518C4128ADD3E,7500
air.com.games2win.internationalfashionstylist,A7884C5C8E2292C49F638FEA43D908C48FFC4F0DC2B70E159B8E80FC857956BB,9000244
com.bettergames.real.drivingschool.simulator,A3CFB18F07D473655DF295BDDA9D5F27517AA449F037CA0347C926149E290016,68
com.ksrgland.goat,BFE966F194BD90416BB57B8E5126614AA1E43088A3F23F48F691D5E9294FAD0A,114
com.ftt.msleague_gl,903A7920A68621ABD3318FBD6E72CF4EBA1B7085E72925CEC7C7E5215CDDA240,300165
com.iabuzz.Doctor,5377C6E4E51A1BE52A3D540E594EA12A56ECB536FEA99B3D65E3D6FC10EE79F3,310
com.cocoplay.first.kiss,463C84F0692F090E211CA941D29C9614466F1105CE798A4192FC6E46619F2D16,118
com.my.ffs.simulator.americandad,7080DAA84FBC0B073D5F8887C9722787435F6D7ADE4B90FEAD46CC220D2FF905,3152
com.highbrow.games.dragonvillage,5B8EE8861EBF4819274F2834C9FDF54BF48517E3B232E905CB9C143827FE2BCA,511
com.gamesture.questland,11815722832D29423AB95749FB2337BFBF97562AF0F3C67B958C50F2978592C1,2418
com.pearlabyss.blackdesertm.gl,9037F7A550291D4C627D384C4BAD9289BD31D941A668D36660DB80165520E786,30447
com.earlymorningstudio.vampiresfall2,B90B5DE9033F2BDB4E795F0687EBA1D8B72534B797DD78B8DA04EC8DEC837D7D,1115616
com.aps.police.spooky.crazy.stunt.parking,2387544C2197BD952D7D2FADD680EDEF4E6E3B37CD8CB8DB7BF061CDE5C87B11,33
com.carolgames.moemoegirls,12D9CD6FCF381D10AEF3B26E4F52F64E93A48558461202A00E207790A4C52190,2300089
com.solou.catendless.run,E01BC459863497150C25BBEA157EDBFE73705C02AF2321B972861B8F0676EF0F,333
com.lockwoodpublishing.avakinlife,DA37D323E43F0ECFA855BD3208182F0739EBA40745DBF26A7BF16186671AD7D6,1055000005
com.gamevil.talion.android.google.global.normal,F81D914B91D0E381CF104B3B32D9D255C1CEE03A1923A81F4FF3F36615626BC2,421
tr.com.apps.fashion.battle,E4B5ED427D3C302356051FC8D4F8575BB0DEDAD71B52665E9FF8B03272DE4147,10821
com.brokendiamond.car.parking.games.offroad.glory,7DE4FBCE3BCA42F3FE71042772C7C3ED1732E2B9CD5336C243A1D19BBEE09C32,28
com.glamdiva.dressup.fashion.game,0B7EB8BCE3DCD83E8153FE68A1ADF24BB49FBF48384D769DDE93D479CB431D84,37016
en.co.atm.unison,B5A599F62ABD2036686D3C51157CF32FD0DD27550108FA3903288CD1849917E9,206000
air.infurerpgkuesuto,B0C8FAB298E65ECC2AC9675E810CE281A82A2BA6220FC80BB7063CCE853EB768,1007000
com.Tatsuki.Tower,0343D09BD31A56AFD179C264681DF7AE6297D8377F54E41ECD6F6DC1ABC24663,207
com.mouseduck.boomerang,E04621DE74A304DD1269F18340FD7E6F982DC1E36C8CA8E9D9330F248AEE0997,326
com.ucool.hero,DFCBEC8EF911187E43E6A640BD604CC88ECFCE2E936843159A5567B80A18B4FB,322
com.namcobandaigames.spmoja010E,27F61C9509682223BD9EC8C9B5048237DBFD42196ED4F2006EDF612A255D3AB7,1101
com.cocoplay.roller.girl,8CDF884E2C249E85A05E23CF2948C4419279598B518EDB0FD0B15E1C1EEEB92E,116
com.right.to.develop.jungle.commando.Shooter.game,BF80321A722ECC90F3EC5C4B6164A91B3B020216F7669411F20CBAF98B8AB387,36
air.fizizi.PrincessMakeupNewYearstyle,E12FC0579DAC768D2AE6938D3AF9CF57729C38394C150F3521F5E7BA83549B39,2003005
com.bandainamcoent.saomdeu,2C9D6DA7BE4993AA8F13745402F82D77E32B4F6B94C82EF0F137355A02D3BCDA,555
com.dc.hwsj,14D1BC16D16E50D9235B81045A97F6FD280ABA28D7F5B3EF410A086430C98E86,66340101
com.openworldactiongames.ropehero.crime.city,FF1E529543039091D64AAA2A3B31FB41ED236A22551C22BF2FE562C75B2E8603,31
air.com.r2gamesusa.clickerheroes,0EAEC2A9C080D6DA69B0E86F1D1D1ABB57A5D0F4D74449A6E3D02A8C67C31DC7,2007001
com.fungames.flightpilot,BAD56B174F865132A7BC2AD8104C8436753494EB38571EE858B66ADA895007B6,1609
com.games2win.weddingdressup,53A292BF84351ED87A14C060136A680E5B63E14962D797F31973D09AEC0E5C52,1000131
com.kiwigo.cottoncandyshop.free,06A1C98FDB33C0357E163E3560BDF031B3787D66E337A2A89014670F3436325D,655052
com.hmg.wedding.day.stylist.girls.fashion.games,98A45F167805BD41F69A14929715C2387A7DC1958082465FE6EA86AE7D8C5333,28
beemoov.amoursucre.android,834CD118D4723A0885FE0EB12D8F21F687BA1431200033F5D36874362A41DCC9,1998
com.nttsolmare.game.android.obeyme,A860034761D61190A18470453CEC61388801707A9DF720F2EB6A8BD52DB6BA51,111
com.brokendiamond.advance.car.parking.car.driver.simulator,3AD627A8C3027A77EA569E5D6FBFE106FD6F6B0BB34A64EC4AD73C4B8FB71801,36
com.JohnWright.ThriveIslandFree,4F69BC66590B32F7647916A1B1EAB2A3AC881153C920ABE4CA5F03C8063D4D7D,297
com.nkm.kp.hh,4ECDFAE9EAC99BA8E85EFE49E1F0DB4A89B2925084B425A4D064B3082EB4E49E,2011241425
com.droidhang.ad,505B9566C8730BF22229F29F73232A7A2D9C53FEC8642A7EF56878561AD0C266,500
com.gamehivecorp.taptitans2,FF1362F532E7DCF625B9FF350A316A61FD0240C6295128ED5F794A04294751C5,509010
com.makingfun.mageandminions,42C6A62562ACA1BCB70979DC2CB7829FBB8A5F369350C55FEC03E2C08E5CBFBF,1005073
com.ziau.sharkworld,9091D5986276CDD991D972379160C7BFB95A2F0DE0333FACA38B576B55337499,1604127801
com.roadhousegames.lotb,3C25AEE5E33359D5574B4F5E8C17DAF9B7D9DB374AC8B9325EEA09F141C11CC1,341247
com.carolgames.gxb,2634ACADC546FB6BA00CCB3E5276DBF2F8AE973301396199347806D17AF7EAED,40
com.vx.uphill.cargo.truck.driving.simulator,03E86D34E6C5F9AD7E77AEC018D2E2A46BD4448C6F864417CC6E362F3A20CD27,9
com.akpublish.Gunspell,BF0CFF83CBE3AF8D6A9FE7D2DFDBB9250FA3712B8D2B7E1616ACF24E5EA833E4,550
com.dena.a12026418,4434D059A69B36809E2D3E474261C93DD6A9979FB24BF352F37F02656843E34C,74983090
com.karma.mythwarspuzzles,75E92F1E73943ED72507E7B9C0425C2C9C8015E67774A7D531846AE11A1516A9,135
com.delightgames.medievalfantasy,34D0A822BE6D8C9A48B8108E32E082FE0996331A52A4F44D3CD1A8F26D415EDE,135
com.Oryugen.WorldOfPrandisBeta,77EEC49462A864A18AA20B3FF240FE621D6C8E75DC775C7D18AE4A1E967D9D1A,152
com.vg.offroad.cargo.truck.driver,04180E60A2E37E650094140C030E00B65854FB7DB905C10C78166556D659A7F8,200039
com.prettyteengames.royal.princess.island.run,A59CB05439BD2D1F2C23E1285AE23EE1582E88C88564CC94DD8533F86171C3DA,200035
jp.co.atm.vcon.ww,042352E37B1DFE4B9C537B20A2E17A427061708C5F9173B349612FA80E623486,841
com.tutotoons.app.kikififipetbeautysalon.free,188C3EB9DB9D2D58D2E55D7A2F6E786529EE356AA42A01CD300190851C8EBEDC,500040019
com.woozworld.woozworld.app,9A2F8496807C5F1E5D4462B5081DB93EB306266CF1EFEE72C5EFA8ACA0986555,22880
com.qjzj4399kr.google,C5F2C0A567D92D4FA9BE2E287FB76DFB42392CEC4F911EBC71E97F977B4EDCC6,201
com.magicyang.doodle,9D8C795512AAC8746AE925CB5C6372782920D45E4951F02487B52BBD7626B983,9
com.fs.karate.king.fighting,46138D3E692D066AA1E15F4F568FC8EC08CE3421C4DF86BD7A3A9139BC5E4C84,3000097
com.gzl.stickman.adventure.game,8E92BFB93934BF9C47C8D9F0B953E34159146457FE4663ED7F8C3FE075DD1BD2,62
com.towardsmars.dungeoncrusher,AF6ABB19D6B4CAC89F05DB489D9EC524D6CB298E23112D5952836CB612F1EBC5,715
com.n3twork.legendary,A7BCD031512FD02D3BD71C5DD40D0D390E58DC5FEAB1FEF1D371EC501C00E6D6,3338
com.my.juggernautwars,6CC8592ECDD31CF9634BA2FC0424E44945BAC70FEADD6BFEFDC8B4E942CC7F22,10002562
com.rayark.sdorica,E4BB5C7664793C88550427DB3ED60D29395867FC7F02A130DDA066A526A7B180,226039
com.percent.wildtamer,DA60C8F2BEA3AED52507823E36BA16DA2463963C6893016133299F3C9EB5C749,72
com.taptics.marmokIdle,2F152E83B2A1FBC6CA763FB177442E60C3D6EC9EFC462F243DD32EB517CA0313,80
com.fincon.angelstone,2D2CD89DB551C814803B802E707922AFF425E910470AE07054E4A732689AB34D,82
com.hidea.manorvampire,454A389F7E1028CBA5C53A50B497B744002666239DA447C82C4681D987689256,118
com.kabam.newcnhoc,7872CEFA0E1F01B33ABDC2A4EE0F7931CEF5952F458D02FFD6FFB7EB95784FCB,49462260
co.tamatem.fashionqueen,889E625644FBCCE30F5C867E5C639214001F1961A50F4F8B41C6190FEA86C083,332
com.sigmagame.imonster,254669D4BBB209C64F5F6D07106C90BB2DEAF5CDBD68C84958D4171C8D34E351,170008002
com.quickturtle.EmployeeSurvival3,A08372F3034F5051AAE3A8706EA800D512E818E60900FEA8ACA3BBAF62A11082,73
com.quickturtle.EmployeeSurvival_en,7AF05F8C73B8C92E3B60ABBE5829C345BDB88B6E7AAFDA762145490590DD4EF3,43
com.ourpalm.kof98.us,04935D6AC9FD12B75E1842CCDDED5F5840AC6BBA9E691B323749CE0545D800D0,31
com.cocoplay.fashion.style,2C83EC267132F09237EDD59985C99DFD71D5B771030801C492B3FAA6428A7E9F,2300
bwebmedia.vetpatrol,C7816B26C2AAF9F846CF0E2FA681B60D9FCD5634D5FAC7D45F9198D137111CFF,4064000
com.fivebits.emeregencydispatch,475DED17FC772B045824026D6BDEA21E6189193FC4B932886B06C4034AA8A3AF,200037
com.aigrind.warspear,86522D7279BA55702E8447B2CAC626BC64BDDF947A6BCA819088D2E52BE0E8AB,10000002
com.mtsfreegames.unicorn.runner.magical.little.ponyrun,3F98F40624DD1FC37C30C706D6B342812979E667C9CCAFDCC8F3091DE62D1E1A,24
com.thumbspire.weedfirmRP,5C2282E1D76EE2DF349B8B898E25F13B92385A995E9CFBDBB760D1090EA9E7D9,1738
sg.gumi.alchemistww,51899FC8AF68E4DD29387BFFC11C2FB69374455E3954ADD081DBEAAC217F0907,210010001
com.gp.euro.offroad.hilldrive.truckcargo,C7F6B6681B0391E1044BD30E192AA64A9580167D2BA8B14B1F6BE1B7725AAF82,44
com.kabam.underworldandroid,DC6F53A3B6202D90F794595FF568E99F3BE59E57CAE815D9AE1E7F6B12E37825,1619197949
air.fizizi.PrincessPromDressUpGames,47A32D4E14B98211FEFEB241C6AEDE4B0D6C03AD0F19154375A7BE0C2CB03A14,9009061
com.gameimake.mermaidrescuelovestory,EF943929F83927E3BB56B48F38C2F379ECFAC527F37CECCF049E258FB8245317,22
com.perblue.portalquest,73B6E1D3A629CD27289C23FB38657B8251656E0A7F6051D86D26AECA17457B51,103187
com.bewgames.survivaladventure,6FC43995DAA04ACFE9DF1C9CC13568FA028308E5CB77CF2BD8B8F98AD0183B34,6006006
com.nexon.sinoalice,6CED25628FB70AE4EF18ACC7766AC23471302A4ED4C58B000ED1423E65AC941E,109
de.mobilebits.soulcraft2,E13853CF1A8AA750F9E7801CEB1B6A96296383FC418EC0A1A63CC5F2C4262B3A,57
com.games2win.decisions,38CD5E383483339960CBD5613E2641FB00FE05718BB2CB7EDEED83950B9CC839,1100289
com.bandainamcoent.saoars,B312AD8398E255262A49B0FE6E04C3766C1ADA342A40A1A5DC3D4A8FF966F6A9,4491
com.ubisoft.might.magic.heroes.fantasy.rpg,40D0CFDA87F6CB033A0623921B693688067915E97F15CFE4846AF62466E8A23C,163
com.FoxieGames.WildWolfAnimalSim,3254C09A3B0888619496918E48035F391CE841DAB15A871A662B35210234AE11,200242
com.aqupepgames.projectpepe,197C0E3ADA9EF7D9B9AEEB3273ABD6875C461910B5B90C21B73436132AAFA793,42039
com.plattuo.sniper.shooting.counterterrorist,A05800820D10E617E9E2AD08D2A7016404E09AB689C27A89F93F22E0A0499001,200051
sg.gumi.bravefrontier,4ED295446D14DE64C7D666C4C2CE2F4CA6D61A8FC253D2E4134B88B358CA43A8,11014178
com.bladewings.poppace,AE8BF86F3B9F4D2574D325D03344A782C71271174A0E1722C3D6E1CD43BC77EC,74
net.fdgames.ek.android,38150B9DF29E02FEB1CDB7FA44585713E53BB09C021DFE7DCB401D9AE578C355,1182
com.nexon.pr,B29546D659E86BBCDF314FD237D9C8862B86732B956B2C8875D3534A6017D019,64
com.crazylabs.dance.school,1D6DDB57713A50AE338ED0A5DD04F8A3A7E2C870B632C8D48BBF2AF3A5836F48,1128
com.frenzoo.FashionEmpireBoutiqueGirlGame,751B0DBEB24E912E4154DFE112183E9B6A0A8BCBF47788261E216FC861A537E9,208
com.frp.impossible.car.stunts.racing,862FA251B496DD303FD98D8BC9FCD920C05D4C9EA360E629F65C58E38CC87965,207
com.zjcgame.icingonthedress,7B696FFBDBB627ABC2E1F68757A8CA78EAC9226D288DC1082BC23F8A6D91ACFF,18
com.bandainamcoent.digimon_rearise_ww,8E51812D6775FA44E6C152F1BF7FFB31FD3B3CB72C74702C4B3601C3D29A3326,300032
com.wb.goog.got.conquest,D43A3D83DC8192211E5E382C6CB9969F7DACB6D523D7CDA8612016C5B38C2C67,1656
com.tractor.farming.drone,52AD5DCB533A75493C24C5FCAD5A427BDF91192C560D1EF71DF3210B44AD66A2,36
com.highbrow.game,9DAF4F97B6C4C7698D4C3A38E78DBCEA9DC9FE80C0CD17F0B7C03EBD3D99B9A1,913
com.clovergames.lordofheroes,63E574BBE00F02DBB5F2ACE36F8AF843E5E52A5D79978E1E9AA902724CF6075C,103
com.bl.cod.black.ops,4B14F190A27B877AE4263CC766471C40FAEA3BE0AAD372AE968346BFC4599F7B,607
com.alpha.mpsen.android,A1F225A645EB5A88936B4162FF3A7294B98FE65458CA98ECD461DCE6A59F5561,1204
com.nexon.axe.global,7DC0C64D8E9138CBC9620A6210B74D3DCC3106749EC67E0377112EB3555858A1,144
com.bandainamcoent.saoifww,AE1EEA1DB5A14DA3D3D099C04A8D46548AAB5C7C8539964E6FF5DFCB28651F05,91
com.feelingtouch.idl,ED5456133FEE5539179779310B56209DD8A4C15F5A961C7176A0528236FEB182,256
com.foxnextgames.m3,3A2F511B7F58F8C7EBF39EC08961DAD3FB7040B8855306E3F37E5BDF72517A62,1332041
com.YovoGames.doctorVet,3EC5F56F4587450C1371FF63C8DEBD11A9B8EC3CA37419C39F180C0FF296DE65,27
com.gameswing.impossiblecarstunts.monstertrucks.cardriving.simulator,CC8885B38A38BCE6EE4ECD05BFAC51A0452E79122866471F23892713BD03C408,49
sts.al,FC86F3F15B20B11B57E217DB13D442AA5C5B35EBEE3090873DCDCB1D3DA0954E,286902
com.hogames.bussimulator,D4780E62AB0CB959D363977CCA850412DAE21C2EF867C607C1067D2F79336024,22
com.happymelongames.Wedding.fashion.designer.stylist,D36C76CDEEB2E0AA2EAD11D79069FC265B0D159F60AEBC5A2F123C56B4F98D4B,24
com.godzilab.idlerpg,06C54A9AB12343632CC0A4D1D52D84324C211123167CFD2C71F884A7695B1AE3,170002
com.spilgames.OperateNow2,B63F41CFA2D962E45075FFD73BAF3D27EE30FF01CE51C9AD348052E8B430D9D7,511
de.mobilebits.soulcraftdefault,4CBBC6BAEA7519F06D98BC3126DBD8FE58A65E76735730BB8164175C8E50F9F2,207200301
com.kakaogames.gdts,06DFC48073A9D87B643B59D251A87B81ABA3C5573E09B25ECE5D74A1D4B88F79,127
asd.kids_games.abstract_game.princess_wings,0BA256F62D9286DB2E084BEA17792AD103E5716B24329453D671444DF015C1F8,14
com.rovio.tnt,07589CD6EE9C23D8436D7282B0C2B7E8C43BC0D05F76DAEA11C09FD815B124CB,203885
com.hmg.princess,B0272CBC0E68B52990E4C4F77FE9F8DC50E751059CD7E1BCC5840250A3974A3D,25
com.jimaapps.city.coach.bus.simulator.driving,84BE8D50FBFA082F4F8302B913D8B5FAB2D346E8B13F1CBCE7DABDEC677F269E,84
com.kongregate.mobile.bitheroes.google,3E1708DD0C3D94298933F5FCEDEF9DBD2046E7799A3E8DA392AF45816A600D63,2000136
com.ktv.weedfactory,9CBE8079DDA571CA0C3B746845FA59DF80A1E2A656E087B49F571CF696F9FAF3,73
com.cocoplay.gymnastic.star,AB84C9691486976049B0AE1C5686E20E8AE5738864509DA9754153BF7F5E549B,148
com.kauf.talking.princess,3EA22091D6C61A672951C929E74A65B45CA3EDB581F7B9E73ADC3F5163467609,147
com.scopely.headshot,4DD8016389CAE51F57CD9668A4AF922BAF463A6C669D964E29C50ADA7A0B66AB,497432410
com.smallgiantgames.combat,10F142FEC4F87E3CA64154342C9D75BA298D421589A7F00E305414CA521577B6,648
br.com.tapps.fashionfever,57F34681DAF85206354164B115D57F4F6205A14F16F281521CC1995820EC0871,135
com.gamevil.kritikamobile.android.google.global.normal,BA44483A1C2A57E004C09F9F939ECFD885213E771ED0A5C3CEF6064F07285D75,155
com.tabtale.baby.sitter,E90DAA38F5879BB64DA0D94DC093C2A4E75895A53504934FEE82A803FE69AB7C,110
com.cocoplay.wedding.dance,30C4A80B7FA9B41D26337B0ED3DFB0E5F480FB7EB0AB81830D2C07AC7EF0E3B2,116
com.plarium.raidlegends,E815A9F6117A460728E5649AEFA6BE97064BF0373395782C4A8D4D1D3CD41CCA,37689
com.netmarble.survivalgb,ECF5563A11E373B298C005069CC6F1E1693EA23CBA9933430D84A60AEDB0038F,1321
com.ea.game.starwarscapital_row,B25398492A742F5D9E37CFC8B3DD91A95740A43B579BD4A20A3CFF4C48181679,90
com.Heyworks.PocketTroopsVK,D057D7EDEEC73287A9738130D27F7EC312FA57B3BD899F799133FDC2389BFD7B,200864
com.zams.police.parking.car.games,DAAB370AF76B22C33E07F6614CF74DD3C078162598D3538ACFB0DB0C6295899D,21
com.oddyarts.StoneOfLifeEXNative,08527DB95BD5BBBF1E73107D2667BE2F19D2D8ED5807E8F10348C55F73D4AFB4,27
com.gtarcade.eoa,99F3DE94F9AEF4D4434C3B07FDD710E344706CD6C97962F9C244A177FAE7C6B1,80
com.cjenm.sknights,BC7751011C2732B129D2BCDB8E527A0811CCE234D3DA156AC0BEDE809C909000,5741
com.mustardgames.police.bike.stunt.mega.ramp.impossibletracks,8350928A6B617E151913B36648AB6B3C7C7E3D61C5C41D01FC4AE1C3892B9582,31
com.DutyToCraftGames.OffroadMulti.CargoTruck,B613540BFD458DD983606758FB55449CD7BFF338D3AC77B0DDFB497223AB89A6,67
com.devgame.robocar.poli.city.game.amber.kids.free,8B4A20D09087EE6ADD7089A2836A05714DCDB92E0C98E4BE3D78F78F018D219A,137
com.com2us.imo.normal.freefull.google.global.android.common,08CBEBEB88A2D1AE5E7B00D594533509553A92708A17C8FBACE2BC93471DA439,120
com.nexon.da3.global,3912A016C958B6031538282D1FD551182A6D425445A4C0C1FCD90E8A5A3EC9A0,2054
com.stove.epic7.google,9912DA1B7201175F702C2B8154EF1D588BC5DB46BFD913F90A2FAA1D02D501D7,171000406
com.bethsoft.blade,392D1599C27D743A8008E65BF721C6D1292F83C99FAC56B16DC707706F4FDFB6,81
com.playtrends.citypassenger.coachbus.simulatorbus.driving3d,1BC432EF9A4B234B8ABBB2DC879E4E0D7DD31C7C8EEDA0FD205A2946B33B0BF9,49
com.mmo.android,CDF66B62591385283CD0F43E76ECC96A976F0C4EBFF8BE40D6F929E467BFF80B,186
com.netmarble.knightsgb,AE0B9BB862ABCE213F481F645275F1E10BFC788E0C92F5719EA649FDA12C2CFB,58
com.ExiliumGames.Anima,DB3567A3C6756088C3E33189FF31DBE7CB91F4AF84F022AE7BC3D21317A6A6D3,149
com.xdg.and.wll,50556F6E11D5E52D7FE5F741FAA5F2B53CE6EE6C762349099F14CE1E56C1871E,147
com.goxo.doctor.heart.surgery.game,DFFFADC0832D12EA7E126D425A8A30199282D9074ED589086503FCD6F18C25E0,118
com.szckhd.jwgly.azyw,4ACA2FC17D65798DBAEC1478855CC4FC2C5901EA1A19CE867FBA88D10D812B90,2012312017
com.bigshotgames.hero_manager,48B03F44D99D31140517D9F0C089F4DC7887D6DD5C7314842CFA681108A100B8,177
com.bubadu.doctorkids,EB7B58B07390CA8DC9E489C7C79015E3C4FF41D056C295E75D1D69B47DD73679,52
com.crazylabs.hair.dye.challenge,E63AA2C890529B0BC87104DB62DAA156C2777D73ED4E423B38663C815A37DA5C,134
com.tutotoons.app.sweetbabygirlsummercamp.free,7981E1655FD88B310648BE15E50693B1FB38AE5DB7D3B60C17F120267783F01D,700030015
com.mystylinglounge.android_highschool,E0B5D0F49547BA5E3F184F044917C0E601F25B81E552C7412CB7D33292A4F83F,202106020
com.cocoplay.black.friday,0A566A28F6BB8FD8B9F9D89C290C1E26ADD58FA735FD1B784B591E1FDDF612EB,106
com.sandboxol.indiegame.jailbreak,1324B240679E6BE9538A68616AAD088B6E2BF9A5A8C3294BF2016AC4BD1C101C,4072
com.dena.west.FFRK,2EA97D3529E771C14BDC3F0ECC7F857DEBBBE27BEBD38955C4EE7BBDC8C09020,800
com.noob.vs.pro.hacker.mine.jailbreak.escape.prison.craft,2F3B79B4CC57942702AD0A9DCA15E0700CB5F2B1F6F4F0AE669335EE525C29C7,2090900
com.dn.games.dtmafia,52B7D5B0020915E9712229BA7AF7DACB150AE76F01345F53510670C389A9BFEB,730
com.linegames.exos,40141E9EF22788029117D564BED0E771E0105CC6C1EDBAD9EE1E0D4E1429C021,109
com.mindblocks.blocks_light,C1EC742147C55885F43176752C8A4F545D32314EE79765512A0A118DA5D49AE6,16626
com.bandainamcoent.saomdna,EE330418421B9B5838D465D74FBD278DC979406286F4C2D6EA861DD71CB104E6,553
com.studiodrill.bladecrafter,A210D994E42E1A044AA7DDC6EC7932DDAA2B28CCEE9170A5FDDB274B13537F1F,420
com.crazylabs.foot.doctor,D31EE61709470F3615A8554939BFA38B8D3CE6C3948BA80264ACD0F84B1CCC7E,161
com.devgame.catspicnic,8FDA5006A4ECF928BC66F0BD73B6F9165041461D0DE1F6148C67DACB2BC82659,131
com.king.knightsrage,33D6A259CEB409223D22679C96145D611CAFFC9A42DC804E51EEEBD9C17F7BB5,243
com.gameswing.farmingsimulator.offroaddriving.tractortrolleygame,38DD64A0789D547440E5FFAE92C97994DB136C1356014AADE2A2711D36E20121,12
com.YovoGames.dentist,32E8850AA1B75D5A7C8F069910A662A23FEF480D1470D659C40E81279AA83C08,28
com.edutainment.mashadentist,150F7D63EC33DB184EAEE63D94889D59FB6F1BD1E183AA74DFAF03A074ED661C,138
com.gacogames.epiccon,6F5EDD9160696A74D643621F7F57EA6FDA24EAED88582F5C01461A05553031A3,97
com.motioningames.run.temple.endless,3E70BAAAD15637B7ECC7963BFB5E065BAD1AB08F938886C94A86B181DF3BBFF3,200050
com.ibm.advance.carzy.car.parking.games,0CC0A52AA10345EEA8C3847379A326AEE2CBCA3D9DF66FF61B528BC38DCE0282,10
com.netmarble.nanagb,B1CC7E78CAE73D6692270F2ECBD738D8A7B86BF5A8F4169688DE699F68ABB5FD,65010300
com.fashiongamesforgirls.fashionx,49D9D38855308C8AE2C94AB9A935F1895B2AD80AD6B9C32F5F84CF227B8821AF,500016
com.bleedingedge.bussimulator.proparking,57B0937B77D8AEA72FA44E20B3B34F34818345A2A69F09A5E1B926B8077701FA,62
games.mini.sports.tag.team.wrestling.world,77C2E8ABAA2D88A4A04593762982FCB6CE97350FA95CDDF3CB8E8CF840546726,200076
net.supercat.stone,C2F54C0F4B4CF10A3B7F49FEDF53D9FC4C1BB7DF775DA749A25D970AA2EC9A40,1458
com.gt.bikestunt.racinggames.real,3B8384B3F39EDEF70A83FEAA79CF6863A2549A5911E0825D6169D9E1956C0FAD,25
kemco.hitpoint.machine,123D08719F32970A94A1001D2EA6CD29847E4D190CBFF57C167575A21120F80F,124
com.rovio.gold,314C9F10BF8AFC18FF1A384AA5598BE3986103F3E0C5A7F5F5FCD21580B74586,4821
sts.dl,4001330BEF54BDF37752862CCE0C09F00E9C0E3C5A478649E579AE6B8E4899A7,286901
com.cocoplay.my.fashion.empire,328385E5C5BD6E2172C1DA7B87AEE8311C460A3E863FDEC85359E52C2771D74B,114
com.cocoplay.iceskater,F2FAC5DCA02A5A0657A4C535FD1C964AEE1F2A2363391953E85B1D7AFE2A29C3,140
com.zjcgame.superdress,86F522DABF5ED8E8A5E0454A03149DF0526C8F3A95358BE7B791D8A2158FAF62,23
com.ss.fps.gun.action.battleground,24EBFD5AE6F6911C1FC0B935AF28ABCB179C5DA6527703B3FB988491CF3B5299,20
wedding.games,B60D2E83E3D8D6E8853FFF1354FE3E06C9A6BBFDCF9DC56FE92185835BF986EA,20210622
com.snailteam.battlepixelmon,761ECF2240B207924D142243D95F9E8F8AC3E5D071B98A8CCD4DA90E3A1B06AD,17
com.PSVStudio.BarboskinsInTheSupermarket,904E581DB556C10C089FD7FD6C7EA2D7A8871413F66B2805A8D207EA2E8984C0,51
com.gm_shaber.dayr,225EA231A0C4F8CE9A82BD5023255B51EA204F0ED49B645153E44D50E597F45F,693
com.tutotoons.app.sweetbabygirlbeautysalon3.free,257C2A0263387DEE41BE2C7CCBBF4D24ADF591E86B91457EEC11E9F323EF161C,400020005
com.cocoplay.diy.fashion,7733BF6A366E371D79E56F4D0D6F31C5CABAB6589620F4929C5A48F6AFC587C7,129
com.pennypop.monsters.live,69BF961CE28C34A3FA861A2FC9A73CF6DC0081FE5939BEF4B5452939681FE503,3000359
com.zeptolab.bulletecho.google,2D0A4F758659A0B6128A1BEE87E7A2439B78CD8CEE5E7CA6A6CF6226F547F0F2,2330312
com.zams.car.parking.game,C6D104A7504C90DE1837E01E428A965FB9EF07B69BEDCC9AAD7202BB25E397AD,26
air.com.lunime.gachaworld,0F67C5F758ECA6BF429551AFD39F425925697EC69391EBC93DC84358FF16D1F8,1003006
jp.pokemon.pokemonquest,8A5111BCD9AD8D8FC8A813BDDA93F917021FBE87050F636084B9D135A85652C3,24
com.cocoplay.richgirl,8567E4267784CCEBEFA6C70B5AE3CC8F506BD0C6BF1D896B34D17D7A3B012BC4,124
com.play.io.flying.bike.taxi.games,FBBCBB1870943A406990349569BBA9BF631909CC00EEC10FF3415F4FEA864732,200044
com.my.hc.rpg.kingdom.simulator,834C9693F6E6F2FE9E0548056B2D641FA8BD0CE768B434DADD74F1BDB49B6882,425
com.shinybox.smash,C654EED4A0695CCEF6AB65C252396F8BDDE38FAE51E0FD7875FC11A724B67445,1423431210
com.backstreet.police.panda.robot.transform.robotwar,6365467D49B9620E883E1DC13268C6A83E106F104B34C7574E409A4FD8FD1E97,60
com.dgame.zombies,5842F60B56D901D48EC47C03F905F7FB588DC4F776C383D9D9EF5948E37751B8,1105
com.cocoplay.sweet.bakery,7BE14CB6D84BBCF7FD9D373D41A1AE0795A85AB8AAE50648A6D19045414CD1E4,125
com.devgame.masha.and.bear.pizzeria.games,9E435B3F3EE0A32576FACE8AF901A4901482A57D64070FACABC89B1925F1A2AE,162
com.heroesofchaos.ggplay.koramgame.sa,E77FFF4B295AB1CAE0CEB5CE95EE5954198B36786CFE61FBE2C6BB028CCDE1EF,1601279978
com.games2win.fashiondiva,D63537F7907FDCB1F16251B0C49B58E20BDEC2469F6BD38359F954952B192294,2100102
com.gun.fun.anti.shoot,8CE602FA516DD629752930EC015BAF58707677CA9E129D753E3139E15AC19F3E,64123
com.indigokids.mashamakeup,96068F9C93C406E8C43340EF9563137908F743FA9FFD8B86BB6AAB3A9E86B554,254
com.gp.stickmangames.cityconstruction.buildingmaker,214A73721D197DEDD41334B1510EA5DDFD49FD1676A188C6FDA3E1BF7F6D42F2,37
com.crazylabs.monster.high,C687D46C4DD5004DCF184E3BDCCF9C2C92C41C5CF9AEBB450DEC8936C3FE9DE0,4115
com.indigokids.mimdoctor,30E327891CA246782BB4E7F51A282744C873B817FB4A094B4AF6D1459210F7FC,408
com.pwgames.lovediana.dressup,11D63D3EC675C6A378F76D2B80F24463395E06B99B742DFD7931F61E76EAFBF8,91
com.libii.frozenballerinaqueena,46E2C1F02085AB08E19D6BD1F4657B6A52F98CD86879E1FE4E702C6982F2C66A,18
com.APPATRIX.market.black.store.sim,2654ACF216FD080D4F8B036AFF5A9DDE2ECA7E8124887E1ACB535FDF8DDDF86F,353
com.cb.salonfashion,9A23491AD567B32120122AF289E8A6E997F565943E0109A6A5567D82279D14CC,22
com.spilgames.operatenow.animal.hospital,E3FFD937288892414CBD1A2E6469CC4D5684BD3DD6B5384E767E650A2807CA47,11200
net.hexage.reaper,F0C90D3239A51FCF025BBCBBFB48D663A1BB8AF90999DA477285526F43574783,210708
com.monstergamesproductions.extreme.power.boat.racing,79B21F2692352DF8EB07A05B1983690FC6658BD404DE0A6A7895A529B03E0CEE,29
com.disruptorbeam.StarTrekTimelines,8115D6D4A98781778836D4B5B6065A77776AD0B61670FFE2AB1BA3B1121EA465,1288
com.mechanist.gok,FF4E5CF208CE490FFD182B084DD56980626C52B89A2D7612BAA9ABFEF701AB4F,1051102
com.herocraft.game.free.deadshell,EBAE6CB3957A283A7E02F0DEF787A76D23F4EF85460C8152B0356D169CBAF2FF,1285708
com.PSVStudio.Pooches.dentist,1A4048FF8E31AD3D23B9D54189B5F459D197EF2157945FACE7DC3522116960B6,20
com.thg.battleops.shooting.game,8FA768AF6402A450D2537AFC85BE4FF4BA4E8E0FD60AE7F7B2B0CB1A81AF8CF3,36
com.ragequitgames.evillands,34271B5F8CA22CB8EDA29F4F03774A3762B3C02D9FAD8A85FF0ADB2FF8FCA553,184
com.gravity.romNAg,8DBACC8DF851220F2465889EB10BFB58F4E3DE796B31D491589D759B7C1B33CA,600
com.zloong.eu.dr.gp,CA47B9296F23981463451144A0202DC522B0E87967C62EF295F9B146BE5235DC,158
com.e1cog.spacerangerslegacy,A446EC2F0B0767997B39CE1F385D28A85F52D0BC5667334990D5B3B095680BED,235
games.mini.sports.mix.martial.arts.fighting,A7AC2469FC5DD5D54982D43A1041F99168CB4B66A5654CBB3F230CF8D975A97D,200018
com.rs.indian.mountain.heavy.cargo.truck,FCD581933A5D4A973545DD78C1C6631E05CF00C899A82D1DAA99E43D56F963C3,106
com.koplagames.kopla01,756C6BFCCA408F880ACBB1877604AF1F9B8A01318C02B4C6C1E51E6B39789AD1,3246
com.ludia.tmnt,736406B39794A95F5352E9BDB70A092A8E60583F8B0CDBEC3931412E1AEFEFE4,119001
com.gamevil.cartoonwars3.android.google.global.normal,166A9B68EE264AD74FF7977A146F6A84E3B165A864DDF59A4E71277CE35298E2,209
com.gta.nslm2,A67E64C4C821808D74E12989817AA0E9BF67C1818F2FEB5159F2779C8B763A82,209000504
com.imult.mybear,A1ECC284A9BF63F821532B612E256EFEF3B12EE827D18BC65B14A49B9E62E084,200100
com.kongregate.mobile.tinydicedungeon.google,1857CA95E9BC2E4995564C67FA070F977A6F4B4FA944A18A3919381BCE4A92DA,400092
com.indigokids.mashacleanup,45313B731F59102C71A55E9BA04D79EE08698B0E32A218643B8525A19BDBDF2F,202
com.jimaapps.tricky.stuntbike.racing.trails.games,F8EF9D3EE6599E612B41998CB6C06DCD0729477F715499EA807F89A3CA634424,11
com.playmobil.reiterhof,18CA191AED14C85EB101A76C5F2302F39EF89A44E26F25CB9DEFD788CEE859F5,77668
com.shoot.hotheadgame.anti,80EBA4F558FE2DEA22F89BF49777625EA19E5602927DA4B485CB64070493725E,641119
com.fincon.globalHH,26B033DB6030912A9C10FE241A862C5F66349BCC4574D2D851AD8077419513AC,53
com.nintendo.zaga,6E6D9D3BD6E03D29BA712A43AA01C99D9C61863154C5F8EDFC689D1C05D8DB5E,139
com.ludia.dnd,6C4AC617696A0ECCB21774EE030BA3869660E519239A68CD601316FB0CB9CC20,42813
com.frenzygames.fgs.vehicle.car.transporter.trailer.truck,1B7FF8C9E74F36747D048C054635D081B7FCC0FCA909BDEE358C93B119D8D2F7,200011
com.GFLabs.BraidSalon,AD455B7858D029ECF4A0C4936A5C2DF4B501289E4E53D07873E2BBE4E6B9C5E5,52
com.cocoplay.cheerleaders,1C1F15658FA4A33CC275E0EEA656F08E30CF2987E1A86B4F4C71E392507DC0C7,120
com.ibm.multistory.car.crazy.parking.adventure,97A05451ECB828A4A299EDAC5099DC71ABC73E77448D75E3EF3A3417440CF1B2,18
com.cocoplay.dance.clash.two,20038C7DC3E089D3E182FF5A963FEE83BD0EF0334760EB4DEEE659B421791260,114
com.com2us.inotia4.normal.freefull.google.global.android.common,E6872D3D74DBDCB37C486F8C46F584285DCC676E81FC6E3077669FC2162FC4F3,32
com.kurechii.postknight,DF5892E51EF45DB3F1C97859271CA057E80846C74414F345699573E4A9B9573C,486
com.cats.hospital_injections,6C2041C1B1D781E8F39A53F1A75D5A1E95705E7E2A75765114951C688F8E26B1,11
com.tutotoons.app.cathairsalonbirthdayparty.free,A333ACAE30D4E900B0C17455B011A20E2CE3AE1B08F1C46936AEF2798FCBE7F8,800080020
com.aps.modern.bus.parking.game,65A0C66FA85F46B81914C9227C9A7E1FE0110908E29F77C08D494C8F39A41D15,14
com.funtomic.dynamons3,630DA48C53A5A500819340DD3CA3628F195293C8F0567B3E910F4651599CBD3A,10509
com.tap4fun.galaxyempire2_android,FD5570DBD06934E9ED3E5D4BE90FA622015DBB61405EF12A94965ABC6944774F,2001500
com.gameimake.babyavadailyactivities,591DD2F8E25E2CD5A5A531B2F150F0623EFAC10EF4C0663537B42E91F6593252,10
com.dynasty.hero.an,D94224A9D0E2043BE7C65057C581A513848248BACE71448FB4B6F3B3D0C38A19,21685
br.com.tapps.minequest2,E34540A155152EEC2FD3CB0D076BA226AC5FF05B41C97AFD2C3A759616673523,154
spa.games,5B8550E90D28595CC399E710B1D91BF357AB26AE80CBB936153D115F3816D6FB,20210622
com.mystylinglounge.android_messyprincess,C1F1DC7166587766E8F5CD35FF0F25C6AFEA7680B6F6AD0E5D9C5639341648B5,20190321
com.gts.Ambulance.Rescue.Driving2017.simulator,F5C9FC7897A329D0B3B6B3B02FB5B1D328E98433BDFFC70CB8D29A2F79C76B2D,19
com.mindstormstudios.tinyminers,DCDEE751A2B7B8990D7DF8D1C96854887FF0CEB24D02BA0D72D7A29675B1225B,42
com.devgame.kidecatssupermarket,229A26B53B80DE8E3DAAA26EDD0D4421C1A43812ADD1051C7E53F218DE228340,131
com.tabtale.newbaby,963D0F38D2125BBF324D54E8D21B8D4562080272390D31234D269F94BB6CD9B8,116
com.tabtale.daddy.daycare,22EAC962A0A480B05955D582C0CD65FC437462D78B50380D64D23384819D8061,105
com.freeshooting.specialforces.war3d,50D80592DA39860826C6E5B6AE9112B6C1B0925B1CC1F611759E4770B03B6622,118
com.car.racing.asphaltairborne,23BD1291701D23B736F5D644D4C76935F841FD42B3E739734354560C41DE90E2,11
com.libii.fashioncelebrity,23FA09D0A9B284580BA5EDE35C47E9B73E2B3D5CE1E8FF07AE827AACF9E13607,17
com.gameloft.android.ANMP.GloftOLHM,BAA3F32A0D6C3E1D4DB566CFCEDCCD7FD7149B806C96E8F7CDA0D5588C0C6064,21100
com.pockettrend.neomonsters,593A831BA545341D52617E3A7727BDDB93BDEE1988722CAF08A970B89A73B652,84
com.channel4.eden,6B926E80447A6D5D5C47E489E6B326DD3369A8F2831BF65219A263D2B4F681AB,54
com.cocoplay.girlssquad,E03448B45C24AF3BA05D5BD5687EFB333944423AC5BE28A0863D8562D668695F,105
com.ggv.grand.city.gangester.automafia,9F9D8B7F7418C4041AC995125DAA0C3BFAF229651CD64208B6EBC735E5CD1FD3,10
com.mrxw.android.ltgames,E4D345A621D03DB06A286115AC8428EE6DBE16B135FE909DF09D1F6A23A477E7,65
com.iabuzz.minigames.dino,D9FF80403854C4F87A44AAA998A6EFB610C2A2C7BD491109818BF79FD10664E2,330
com.square_enix.android_googleplay.khuxww,DC04601185588A9727D10BD2E98E0A5C31A78EDBF2AA894B7FDB638F9FC9858C,76
com.emagroups.cs,660E56FF64A562FBCD3C620ECE122E8073856A99B9991848F3C534CB0C7699B4,138
com.cgs.gas.station.car.parking.simulator.games,904BEB8FC0E9931E055E599C9B2089318FCFDBDEE214EF54E4A268A0091EB578,33
com.tencent.tmgp.sskeus,E43A0EBDD81D1387279BD64B8BD605F338C98ED1457FC57E27F3E52C920EE794,472327
com.vg.prisonerbreakout.HardTime,3062B93A9638CC7E33D1725A1178426B5BED636C33663DE3998FE5CDF2A360AF,200023
air.com.sulake.habboair,DD7E934CA2A38076BBE9DA42AA9C18216F329EA61D0BC0E3C12DF0373AF45C88,2032129
com.gun.war.strike,2DABFB39007745BFC57E5EC797C0090E8EB3526AA06A5796F5FC5B73F3F79BD5,200362
com.citytruckgame.transportation.gt,8D18791C29773A2D318A1DC765FC8D9A291B709447119DA84FF938EFE698C967,25
com.tutotoons.app.hannahsfashionworld.free,CA732B7E244E8798CF9EC46DC38A91E5EAC44134F2F118391A36256B6E61D406,400011008
com.master.cooking,3013025D217B00AFE80EE724DA351B4F5E1AF81F6FA61A74F8EEE9D87358B603,8
com.chinzilla.littlealchemist.google,305E51BFC1CC9E09160B7DB55E238C57E75A9DD7AF347BD41C3BB6F5418F3816,2001382000
com.nexon.konosuba,5FDF3D48CE7C0D3C1B42D322354EB3B4C888C0E45D0A2EB652354D9175B7D73E,221
com.dsfgland.goat,F7FEA60746E61EFC50D67E6DD60DBB504CE4DADDDA226964CE2E0AA32E343C66,280
com.modern.bus.simulation,A1866710CED793D938762B889EEC498D4A8E9B94D371B088B646A8A6D4DD529B,54
com.doraemon.doraemonRepairShopSeasons,CDF45F4FEAE2D280C84D1117352D84514369C187004C6B7F3FB422919409B791,22
com.cocoplay.stylist.girl,396EFE07D22F2A27FC6D5716BAE1649EBD94B0061772531684A33FB7AE2C2089,114
com.pwrd.pwm,B6EC44FE2AD8B7FF45A3D47E853AF8B3446E18924CCEBF917119F22EC91999A5,86
com.rebelbinary.onlyone,37A28258BFB9A4166367DAF28776DB1396C128BD71BE82E2ADCA25BFA96DF2F0,67
com.legacy.titans.diacord.mu.eternal.origin.blade,4114139C21519DB061EAFE54CAC94DE1DCAD4578F9451BC966059A1306ED686D,16
com.codigames.dungeon,38266091034750E3067581E57611829442FF5D5287D00459434DD0B6452D3BB9,167
com.funtomic.dynamons2,6D395D8256C667E54601BF2C43E491233CE1A827CEA1A5D061C8548B06A9F79F,12
com.tabtale.karate.girl,3D4FE54B67536F46FB0CFBDCA8035BE849A7D04CB5342FFCA0B0FEBF2A64EBEE,106
com.cocoplay.outfit.day,3D77E00CFF66A59BD7F01CC428E431BE1737F22672E9252DB77FCAD8D19AD80F,109
com.frenzygames.fgs.fearless.BMX.bicycle.stunt.rider,B710398B2DC63DD7409F014AA4518F49B548AD9AE46FA7998D4356D665C41F62,200017
com.se.zsj,D79A99D0973E4C65E423ED203389AD94EFBDC140DBEE342F8777400ED674D200,80
com.cocoplay.cocorockstar,AA67A1DCBE67507C19CD036AEA4565E8891FFA1A8B29395A10C39B290E78F524,106
com.swiftappskom.thetigerrpg,CC902599128CACE3290C59965B0CF863D756C6E655A891903EC5B834B02B6E84,200070
com.tencent.baiyeint,B9FA0701A9661897440EF203FC2E7D6692C503A6328FBF9F5C4A9F45422F356D,1809074
com.springloaded.thelastvikings,E0C6EB37BAEA417C987D4D7E3E8BB40F90F6290D5CD3A60AAF9E63D47DC37AAE,400097
com.gamehivecorp.taptitans,4920057BF8F84B7CC4A51D6D241203D439C33567FB06F544AC136E9C8729F202,90
com.nanoo.darksword,556565F7738E21426A70378993DEA5A826AD6DAE4982CBBDA40254DC8016DFC9,96
com.quattroplay.GraalClassic,A4FDC4B39C5B5473C292EA1E3DA60B366E625B6AE2440BC760A77BFBDA588489,6196
com.tabtale.teacher,75ADA9F7DEC537F5B0E37DEFDD04951B27133E38AF398E18B145EAF6C512A764,118
com.kongregate.mobile.spellstone.google,961B2B4686CE1F9DD9CE57E43CACB6881466A7F3F584E1D3A66D8AC6338E6FD1,15648
com.buffstudio.ontheherofree,557F0A2377DF1941776F14293C49481A1FCCA661F5A08C75706A4B9DCB5445E5,111
exize.tapas.girlAdrift,EE54B5442FCFAEC8B1B8359A39212605B67D8FE16A99F219FAB6C22B4E861A66,192
com.gameloft.android.ANMP.GloftMMHM,7F6C9BBC054A1B77A947E4F817DD741F15C40C68C7CDCC561224898F1000F067,42421
com.ubisoft.adventure.valiant_hearts_trial,5D357987538A1BD59934868CE6A1E9CCB9D5B64FCD06B9ADB4766DD94F7852A3,114
com.netease.mrzhna,8E213F8EFE82D0578069073CC7D26A5B9EA73930AEB236BB7864D3B8AB1E8F7B,201
com.zephyo.LivePortraitMaker,E96AB9ABC3042DC531E23D1CCC0C4DC631BA1DA72AFD6C897AF4F9B973C4EB73,225
com.playmobil.hospital,677E77A2D2D8081BEF8A1682E9A075DA2BB0FC9DDB51B206CDCAE72AEFE5C515,1
com.paradoxplaza.kopp2,E2C9DF30A55B5489E191335CD47961952CA99ED78778ECDA448109E6A9413798,109
com.FDGEntertainment.Oceanhorn.gp,E53C6F684F4A01037238E9EBC9C79AA028291CD3D4007DFEDF8D90F222BE09A5,34
com.cocoplay.gymnastics.simulator,7A62CAFA71DA9403BD0697B71E774622A1224C730D5715BD04A8D5A23A6ECD76,106
com.happiigamerstudio.gladiatorrising,7AD8347E3B383FB6DB0CB45CC906506BDDFBAF03BD1DD5DA9D876F8C85747071,33
com.netmarble.marvelfr,91586397ABDF26DE45ED80C4E71DB76D56B75D49DA84BD2FFC291BCA773D8CB2,181768
by.RTHC.a4hideseek,A7FECDC56EE0A24EED0FFBE75EFFB31A3D73601FBF2013297CB5B089FAE4EF67,23
air.com.games2win.indianfashionstylist,9FC4091EB75BB5EF1DA86A8043D0A35D1E05B4F3DC3AFA3187D19A58E50B8A08,60000018
com.dragonnestm.ggplay.koramgame.global,9FD700C816AC759813E0F029204E2C790D4512C0CB1031DD1BD2DEA5432084F0,20111613
air.com.lunime.gachaverse,9F3ACE0859AB5ABAA40F8FE14F81070DB1B13BF4DCCCDAF721B1DEC75A07221E,7008
com.gamevil.zenonia5.global,EB13688449CFF6F03E093117314740C86ED4C5938F6FD7348AAB00FFB17C9D64,129
