package,sha256,vercodecom.king.candycrushsaga,F8B529AE384F85B298FD7316E3CBD373247E6FF1279815806B304499B2D2D19C,12120011
com.gspl.gamer,FE7B6A894F4B64A7EA4CA725B4E033C5FB167BA6981041EFBEFB53C01E798E42,80
com.relextro.anti.stress.games,000A0FD96F9D6115DFEFB6399073B506FC17451A50DC0189115C8EB5BE662F08,214
com.twincorp.bancaonline,DAC9A4EC8B8142276330FD331FAE49F9F7ED28B2CA447424772DFBE7FD69D2E4,172128
sandbox.pixel.number.coloring.book.page.art.free,4DAA9E139AD1B03AEEAAEAFE58750F458655ADFFD334A5888B651FB0092F16DE,767
com.neongame.bubblewings,7E026A76427FE6D871B64246CFCB723FC98107C7C8CEB9B570E86CEBEC14B8E7,302
bubbleshooter.orig,1F765E65D00FFB564C0D490FDB6366C5586FF3052CF5DF1AC03DD4315B12B814,90000704
com.outfit7.talkingtom,47D2930AD76CE53F72502A6E90FA79F51E000354D10C0515021B6EBFF6BCB6B1,630
letsfarm.com.playday,20E11AF5ADF2951F4D1D2412588F3AF26F091730BD42208DC654552FFAD3E3F7,1714137
com.honeyponey.bubbletea,8C7E4698759FB9C0AAB20B7853308B89A72770B5A620B27661757EEB522893C1,232
com.tapblaze.pizzabusiness,03B5B36066253E138DF3F0B9C5A5C3A8DABF4004B50BF116806C7F45FAD179FB,780
com.crowdstar.covetfashion,AA789F71C9B6D8118D8CEEA96F480ADF42FD953EB68320939CADBB6DD91493FD,2021100822
com.spilgames.mydolphinshow,7BE25FD072634F1E91113135B88A98F9589B946C2AA77585C3135AAFC5BB8F08,7102617
com.tabtale.babycareanddressup,11777005696E43000EC0E8FB068E41E787E04EC1F94AE67EAAA283C86183CC3D,122
com.kudo.bubblebirdrescue2,FEEC1E0DB5B175E7AE8801FFA719BE5C4DFF889D1096AE83E6794BF044A8A987,124
com.game.candywitch.cookie.stars.free,BD67262024B2D455363DED2D4583A6CB473753CD2A0622EFE84E1A6D0AE49970,1695039
com.moonactive.coinmaster,EC27CB1CDAA8FF32FFE3091A0B0449E951BB518434FE3778415547656C43A395,267672
com.noxgames.battle.car.tycoon,6D1894649BEAD638D276FE8EBD7213E4C14BED1E9AF941EFFF51B3C2DE947976,2004008
com.ldw.virtualfamilies2,03699CDBFDB500496ACAFCE34D4F6FE45024B9449CF98829F53B99961FD7D2C2,100
com.bubadu.duddu,8E12D678C0F7B5A2D3D103AE3309B42900378F0C6AC2B35AE71BE5FB54FC2030,62
com.gameresort.sz3,78333A779961610BD5D6302D1D5000DCEC92C6949C5A0C7EDD75CF5CE21CC704,38
com.minigames.sweetcrossing,D5EE68B48D9BEC6B4A019EFC3020DF596B776A8A61CEB4128510C5C575A254B2,12072074
com.baileyz.aquarium,D52FDF6E362F5D042FD03D564BC2D4977F142C0252A870FD11BCFCC97B724E61,67
jj.app.cyf,0FB99E6E3F486C8C7EC9C7B3AEDF19CD0FEBC127DFCA2965E60070DA70244441,87
air.com.dressupone.beautyhairsalon,4F0069B6D4B00946441C8A057026DCCBD287FEDFF950DFDEF4FBE07323E24C3E,3000660
com.jellybtn.boardkings,85B72232D2EDB8CD117A43F42D8234F8B2A674854F3508750123CC90143A93ED,15435
com.trianglegames.squarebird,6F45E788B723BF8D1FDD347EEED9DCC51DB6ACBF4F321980A938555BF0347D72,68
com.king.farmheroessaga,6BCC24FB094BA48AB62F4FBC5147C34C6DEDF3303FE89F6657FD3423CEBACC48,330236
bwebmedia.strawberryicecreamsandwiches,15B5728128C1FA6AE5E93AAED19BF29591B1F0A1C2DBFE684BDEFE090858FDD8,9064000
com.jellybtn.cashkingmobile,5A25158C60D50A0DB818E0A54049D1484B192169BB450BB5AD28591C0B25DF7D,6043
com.marketluck.bravoloto,728269CB77BF8EF532D0CF2349875D666D023E63DFC726D90B1D8CAF59E0F7B0,10330001
com.superplaystudios.dicedreams,7AEC6371111BC8AB9B1722285FB926C69B1A73D0F17D663A5758F430DA10E61E,5981
com.GMA.Ball.Sort.Puzzle,E19CEA3303432FFFCF3F3B35E438BA6259778BBDE31632AFA9181CDBBEC458E4,231
com.spacegame.homedesign,759D580A87706FC619EA969B3E7F116815B6D0A73FDAC28BB327226FEDC4B62E,161
com.gi.talkinggummybear,CCF86BE3E09C1B08732BEFDE8B6A6722C8F6A256F0E3E7206535CE04D5EA2366,10443700
com.gameinsight.gplay.island2,4949026B934C6814ECFB094FA1307A46B2353E1ACB96B00A4395D51DCB8889F7,457
com.mytalkingdogvirtualpet.puppygames,313ED426D0A5D93D7A703E13E15C267413CE5A11FB0271A0578E15117789C974,1031
com.ea.game.simpsons4_na,FE9802EA25F4B5489299A8B488E5FA0D6D0B8259B183FD47CFD66CBA7AF04D1A,520
com.bubadu.supermarket,3D4E257244584B6E10F5E44456CD9C401828493354BD6C4E1B31E5ADA9D7D182,36
com.frojo.moy6,C9AAA6E67933B671ABFC0AEC9C2734C50A1C50014C538862B6393CB8F41874C9,109
com.tabtale.carebears,D30013845247806A46C7265C02A1E8FBCE11E9DB9915E61424C5CE75CD33C148,119
com.gameloft.android.ANMP.GloftDMHM,1B3791B5F65C56B31599CB673DA59492ABB5E6FC46DF83925C6747AFCDCB319B,810205
com.playrix.gardenscapes,C02027370E929557FC11414A6592A7862026E8373176A290E16D554DB75BA31F,105600
com.popreach.dumbways,46A172D9DA765DE5E3997AA90DB975C9CF9D9EB2A9C54F4E53EA1BBEEAF5C908,681
linkdesks.pop.bubblegames.bubbleshooter,5086CD964C1C6AE83FE763C3C18937C14D2BCF921B07164110A03AD62475D9CF,1035
com.games4m.sophiefashionista,6E56A644D22AFD4329ECDE9C0BC8BB8A6D0CA33EA5616251723D4CE01320E2CB,1008017
com.rovio.baba,70B4F1CCA2BE0FD7093295D476218F979B9C09A0C2D26DCBB5CA9C504B27F597,25046226
com.smo.deepcleaninc3d,FF1FC42BFAA2DE0994133BA57B65665CB8D32FC0124B18968C29D216E544331C,57
com.bungieinc.bungiemobile,B0C0D43A15119FE4F12F6B44F1257E3C1EE0DB0C2E76A63820B932B87CDF680E,159580
com.patateam.burgermaster,717AE3A881395E9DE5BDFDE1A0208CED81D4D7A3C6F703575645C217597B9C45,212
cookie.pop.match3,DD4DD1C30971E9057452E164B74582AF878D6A4A17F653ABC6EF91D9D07B0B53,911102017
com.arcsys.tictactoe,75AF104669185FEA4BD8F6B59850EA2F8C24B7040263A767B0C8E54F1D8775B2,8600001
com.rovio.ABstellapop,082AA8FEACECBE3CF779907E97E80A865EB38B2EF75668F540FDE949A7AB268C,1631805711
com.forevernine.ikpure.android,1E4773B7D2272CA38D788993E9272890CAF2FE9E888D4F839F3309BA4F41ED4A,3070000
com.dp.hidden.objects,48F99816C3ACCDD8DAA5B36D82C6D1D5E9E373A07159056E35D0E4CE94E46822,100
com.cocoplay.cocoparty,0AA2A2827719136AE4D8EF743185417A36DF30991E81D06F743AD8EAABF61216,108
com.frojo.moy2,13C41D6AAF7407E4E8CBB2DD5DE2E1F26AD9B658A37FAB723AF0A80692BA86F3,32
com.playinfinity.game.castlestory,A791E9940DDD94460F5E164A3898336D3A6E98D8266568F6B2B6E4F224E7A5A1,14800
com.linkdesks.iBubble,3A141DEC30B2DE0A561FE8085F2D2CF78F8FB73BDD615CB41D83CFDAD6DDE125,1052
com.hambastudio.linecolor,2F671F71A4A9E535DD93E26DF137A28653A5D973240B39106999B75666347D9E,17
com.k3games.babyfashiontailor2.free,87BF3F663E03A7A7A51257A4F53CFA16A51ADC32A6EBAB5F345C483BE006596C,675066
com.paint.number.davinci,5AC024CA9F5FD30B4717BEAADB04614324CA33B78F4F72AC0D6ACAB42DF48FAC,286
com.outfit7.mytalkingangela2,661578D69EC301D6BC4FD5A6FB0D7869BA3AB43DDDD3EDF2AFFA1201B3D005DF,80
bubbleshooter.puzzle,8B91A12C82D69CB1CED51C8243F28838465E13821C28567322AD1C4B49C9C5A0,90000076
com.degoo.android.washpet,067AC241E2318F32863372BB98BA6C969A9FA6ECE17E21FFA5211926A0C3E616,78
com.topface.kisskiss,B9AD459092682B42B86C6E4C09231751F89466DF5C13D856111528F1100B9221,40944102
com.junglerunnazara.com.junglerun.nazara,FAAAA410F93F158DE5274D23BB2B30674C34F7AEF44DFB4244D3CA2782966FA6,121
com.color.by.number.paint.ly.pixel.art,5BB27BBC1D6A3C29C87A29CE45B047226829ED069AE9C16F60BAC87E4612CA28,125
com.chitralekha.tinyiron,2BABBF9DE2FBBF654BF6DF1BA5E39E36EDF0F390BF7919674FFA67F89F29B1AB,54
com.pianotiles.KPOP.Games,E1BC72909A8EE05E6872C46CD8F1CC66F45D8F8E5643FC941810A263B89417E9,2050
air.mwe.cookingsoftiesugarcookies,2FCBC1E599FCB1F9F92E36DCD87ED5402700262E7DA90387058EF29C137CFF70,7002064
ideamk.com.surpriseeggs,7B5413F87621CC151F8024B61F7A3BFA845D2DC0B779975F9DF720E4D226A89C,115
com.protopiagames.forgeahead,84286B0BBDCDE9D5EFDC2B907EB7B1EBAC85CC3A124649BA8CFFAB8FA8296BF8,194
com.sevelina.frozenland,1317368A79C112E84A7AEE89A7BD643251059D763D526BDDB764E729402B4196,459
com.aladinfun.islandking.android,90F7ACC287D931C3E8455F434522AAE4AF54C6ED05613B97F8023319FB9EBCD0,2340100
com.game.JewelsStar2,EC12D16242F5D654022EA358774FDD210DC527C7DE50FD9FEC27F4611060CC0B,40
com.citybay.farming.citybuilding,424835BAFDC17A8EE7E89D3DE9EF9A61F875B5D7C85B91466A0E0FBA4EE897F9,189
com.appon.resorttycoon,BD9A1C48280C84B31A0270F674C339677B52A5BAA60B5B4F4F4C32AA6F49B4EA,99
com.FoxieGames.HorseRidingTales,2F8F4D06E4B2EB4FFF8C6BBCA5DB8C730D3002CCECE52A529B9F94F443A169D3,973
com.gameloft.android.ANMP.GloftIAHM,DA5CC72B45F43DF703C1BDA460C1683CF84EE126576F8F50ECBFB7C97F11E3CA,36025
com.luckyapp.winner,D360E6F639E3F07672EC60E6F3D09B3531241592099A82EEA13F4010E5737240,75
com.gamesforgirlsfree.highschoolbffs,0D5A19026C71B362D08A107AC72D9F1B535553CBD95329B7C0194160FA439899,500019
com.lyoomatch.jewelscrush.princessadventure,7FC2B054F6A261DA77D15D7B6256894C3D76FE5EC9F3184D5D82A6682EDDFF88,481
com.king.petrescuesaga,DF990C93A35220B6CA9025B34625D133D4E544264EC66904F1ABBCD0D5CF9DEE,13101305
com.outfit7.mytalkingtomfree,86220E85C711DC2BC2C5A1BAA223F5762203F7545A873073E97DAA2FAA7099EB,2300
com.midasplayer.apps.bubblewitchsaga2,950D49741F0565FFDBF2ED605644CE5A1B479792C3E44C7A2471DAFF7B501FAC,111700085
air.com.microcookinggames.icecreamconecupcake,CCD8A0932434E56760B4BB1C68321EF8DDEDA13033999DB55F4D5A245103A43D,10641000
com.kidsthree.princessfashionsalon,AA7E85D8538FCD057894F8D5CD39313D298AADF10230091BAD2DA1551C1A0411,805066
com.king.candycrushsodasaga,FACAB5FBD543D434AC11D2E6E095B7258F0C819A2FDA1147D103429726A4A404,12031050
com.gameloft.android.ANMP.GloftPOHM,E1072F07F30B8DE83599CA8C5F2201B34C524E273CCBCCE0C3238EAA89BE985E,710245
com.budgestudios.googleplay.MyLittlePonyRainbowRunners,1BC67A62A1309B355C2A1EE630E6CB09F299ECDDC24B3901057E086C3E5C618A,1511
com.goodgamestudios.bigfarmmobileharvest,1640AE4FBB35EFB04680057AC4E0E07211EF1BC193EF0D4E830DB2910C66A632,23828
com.nrsmagic.shooter,5CDE079FD86BEA5D74E45C8BF771032CB634322A5599F46F65851AF0D505C3F2,363
com.king.farmheroessupersaga,B99F481CEF24AF15EC905BA0124D336187099345400C3ACDDEE05DFBC86444CE,103700109
com.psvn.traumatologist,B6651B4D846F863B3196A7AFC3A5D498A12BA08FBA5094C447FE0E2ECCB73B1B,73
com.bubadu.bubburestaurant,7D6ABED5E7944EECECDE8EBC3CE40F0533375CF118A8D85159C3306DFA051879,26
com.cibgHippo.Babyshop,D5D4C4EFD20BED16992EDA0C88C33FE820CF291AD26F3C0E38C275B94CDDD9C6,78
com.free.snipers.shooting.gun.shooters.games,C50F633417F3AAF375726CF3341309FAD396376777EC63461B88ACFFE5266262,45
com.pregnantcatemma.virtualpet,5F914ABB9D32F4344A17B466C32C405442AE08238A8D0BD767D2F050DB700926,1073
com.Seriously.BestFiends,364E9245EA91C836EEB3354640E0EAD4E5F612C4B26D274A93CCBB09865F77B1,2102100212
com.fme.cooking.crush.food.games,2DD8D775C0B9DE38F3E312E0CA37A49B8B51AFB6C3B35D8CC1FB6415FFF6B2EC,105028
com.mobileguru.sweet.candyfever.free,F0312ADB2206D819FA97FBB29392DFF19792EA8AE6068348159559C3F2326519,615038
com.melesta.coffeeshop,36276EF994256E831FA24BE44AC8698F0F522757C1467D6CBC668E65E15F04D9,100422
com.cocoplay.cocopuppy,0D3CF15A7E0A9A3B495DCFCE2328A58486FF039A250A6D383B2CB2F199B6B442,207
com.seyeonsoft.diary,C9835E72A32D89834312B3B3A437C50374A21E01F592A52EAAC5D28CDD9EDAF6,39
com.king.blossomblast,C6872FB276ACF0F46E602B42F86EDFBB480C66A62892F49CAD3C51AA61329D27,338
se.appfamily.balloonpopfree,26FEF1729C564CB4496D192C2674B8C31FF0E2A115658D1D7A172E9CCBEC06C9,280
sp.app.bubblePop,4BC2CFA2A43A70367E17FCEA532C5D8383621AD427F6E4ABC115A05A92B39F3E,318
com.twist.hit,385EC45BD3B1CF7F3B953572F6825CD0FDBE625F7A0E6B9F1E0E3FC82626F9A7,23
com.ea.game.simpsons4_row,69D69F741C7AB23EFD980BA6FB00735F812099733A7EB7492AF3DFCF17F835F5,520
com.cooyostudio.marble.blast2,8DB3836E6EE9FDE897BD67A98B79942EC9BDCEA31697AF284D2C1C4CEB24F86F,158
jp.co.ponos.battlecatsen,96EE01E9265903D8CF1387B402191243EF5F5267DFEFD5D8F028E3CFC85AC024,1009000
game.bubble.shooter.dragon.pop,91002E8C9D7F151E674B39FAB5F82FEAC1F2823BA1AC7F08962FECF0450F69E0,102
com.colobolo.chainball,194ED56603AC0D9BA6D8B96FF445191BC246526800D495558014EE8460AC9536,105305
com.airconsole.controller,9D05F7C541D8EAF056A016D7EB1AC103F571E0A535657DC4425313E5F48D0A23,605043
com.kidsthree.babyfashiontailor,0CAB3E2FABA3C1FE644FD7381BE99D0A725BA4F561F3B626D4C3E60A7C1C4661,765066
bubble.shoot.fruit.splash.game2,F17F0931691AEEF6D6451B3C9494F9D730467722E8A41CD4DB71039A7ADD2979,64
com.parkour.swing,BEDB8E768E0911B91054CA01D627767BC1B1CE8C082193605B998FC056DE7EBE,29
com.outfit7.mytalkingtom2,731F2566A54027C583E96F22D7661C11BB09F637D1F316DDE0CF2571F1C3D81F,590
com.ea.gp.bej3,690021691DE747BBF05866F4E4E83DAE55E589B26BE3A32E21BA5AAA333381D8,13700
com.mobileguru.fruitsbomb.free,58C36D40E0D855F5AC3E36317A7E8833D8853227DF71D57E1CC127D1E89ADDB6,845039
com.no.draw.color.by.number,10A81929B58724D89C3ED82799626D675010846AF91794022CD8816751EEEE84,42
com.gi.talkingpocoyofree,E36EA3AF95C29DA655607116E58110BE9A65306E43C4C5086B258D4EC9F75E99,240000002
com.cooyostudio.marble.blast,EE4342F3D4BF3B49351B782717D79A6A679055B3B5D68676A9B8462BF0C768E0,288
com.bubadu.bubbu,A1B6C8192786B31215715FEDCEBBC4F2D07792CF2B78BE6CEF0BAB8EB7ACFB60,85
game.free.rise.hole.up.io.love.balls.toss.up,324AFF31E077EB2644B50B0B1AE6759C57058A4D5025136C4E6CFA3C7D788767,138
com.outfit7.mytalkingtomfriends,EB237795EF106BC2BB734A5849B6CBF008A4AC379BB7DCA11A9E5E3F06E2FE6A,370
com.stickman.supreme.spider.stickfight.warriors.dual,D8D0AA537F252B0226F0D971CE8026F6A013397694E1C1ACA58DE0A2941A380D,111
com.ohzegame.homepullpin,AE7DD8E8186804922CC64C29C5576D681CD0E060E1EE323A2246E08B919492EA,200335
com.king.candycrush4,ACFE798D970409B9203044FCBCD3A5581F819B3DE5CF71E297809106718DEE12,2066104
com.nanotribe.games.cashier3d,182CC7F6942588999F9083663BFA9CCF7E59495310F47BAC3F65A44AC32F8333,7080
com.playday.game.medievalFarm.android,EA5C2BE101792E9499E14EAFAA97B21ADE5679B6BD6A725AC03F6EDC91035DCF,171486
com.linecorp.LGLP2,7682ED7928824C7CF6799339B158C9BB6FDE74C4A2C176BAB95CBF354AFD4D68,6000099
br.com.lgrmobile.jdb2,2509834D580335A221DF646461B2FE1C1287056457A4D122D9FAE917839F63CF,217
com.nukeboxstudios.foodtruckchef,27A39ACCEC8CDD78FD046FD5B3DF8F4D4DAE457AD1138074613C088447F8E269,436
com.ea.game.pvz2_row,2246994151472EF54FF4BB3115222CE0ABA7E3DFC2D1C0AAE8A0EECEA0AB0937,621
com.rms.gamesforkids.coloring.princess,057DC57268D4D1F3B835848D1368DF33FAED88F819D00E0F7C7B111E63159EFF,20004000
com.bgg.jump,37483001B9F065C0755C47BCB1F55265FBE6A354F1DEB0909C4B61DD5D12AC2D,98
com.hyperdivestudio.papersgradeplease,8F9CE4676DEEE11A2B08974A1F260EF4B22708FB101D13700D077F079863A9E6,37
com.fruitcandy.blast,55ADFD9C0D881D7FFF01AFAA534C45598145D106AFDB561099CF5EFEE4E9BB72,102
com.foranj.farmtown,B7A2CBF2671282508698FD6FF8FD585D402FED3C5276C0F17B47434E328DD454,354051
com.plarium.blast,70A4D5897C1ED10B4D00AF63CA9086D4E346AE297110282B6C7250A1754E3AE4,986
com.funplus.familyfarm,934F4F0D90029B5EE5F0366D5C430FCDCBECA5EC6AE682985E9F44093B1167CA,482
com.MelsoftGames.FamilyIslandFarm,99A24CF7744789808E7F825341658AF91228412F2DD9775E60FC04938B98A2FC,12793
com.playrix.township,90117774D20BBE73EFE0CCDAC9B9D36990D9D8097445C86369599383EA466232,1008610
com.gemsblast.puzzlelegend,F01600A7D58376E1E0218B0BA4901739815D3BB208B5E6ED8B1CD121A438705E,58
com.lily.times.tweenshusky.all,B34E75CE52827BCA3D74C741C413D3030CE6BF0EEB5091B70269271F170C35C9,934238
com.byv.TheCatapult2,D4F29D602C632E2AA15145E3B334D76A1CEB4D80B75343B6D879231C27AF1634,71
me.pou.app,5E6CDB30657A8F960921B3C0D686313AE55643C26A2070E709ABB9A23056CAF8,232
com.srgstudios.inkinc,0F644899D5C25A960C3DE1E47BB6328746F3C005F882AAB47B28F4E874D09A3D,150
com.appgame7.candyfrenzy,5DCE2C333C30AA8F325A22656A9A02E993E51C4E058622E57F33ED50C428B3FE,1505002
com.xinsheng.crush.eggs,70670FAB0FA06D824F5811D0B2AE19A9F2E5562DFBC0C36264B9916E0951DE1C,59
com.bubadu.pixie,E01B0704F10D4B2E5743B5DAD96FF47168A61C65B15C9D389AF49414FD7FAF0D,46
com.yodo1.rodeo.safari,F7B80CBD2EBA453DC6E174A70705E34C9E64F86C65DA34DA60BA87A35BD7407D,150900
air.com.littlebigsnake.littlebigsnake,8A8D52F1D7DE1771E693343D0592D1062EDBE77111C250451E2760EBB5A52049,2005370
com.FidgetTrading3D.game,CA03D9DBC0E9C08146710900D6D8C49BE18DAF763F6FD24BAC9FAFCCFE985183,200128
net.otouch.cake,6006E6BE607398A680BC695627AC498A9003B2D6B880FA25E287268B2AB969CD,23
cacacat.wobble.man.upstairs,1C384D2937B709D440B718BCA8AB399BA6382EFB8D1508CFF437F4EAC8FFE6AA,21080201
com.YovoGames.hair,753FD0E5377369C0324525C3788654F14DB40A5BD5E0BD7CC613CB3AEE35E88C,22
com.neonplay.casualidlearmybase,C8D201E138BAB6CB839C6F2B316941AE88618DB4FCAC5863963470FDEEA3526D,587
com.zynga.FarmVille2CountryEscape,E401D192D95622A71ADCCBABA2503D004565859387846CD3EF46D676BA50E50F,188006
com.supercell.hayday,1F2962992ED2A8E998EE43838B1396EF80779172F184A75D880C0A11AE1BF96D,1686
gg.sunday.catescape,E5563F47E91B092FE646841B81C4ED3CF19F3D08FEBB8667CD640DED282C19C7,129
com.aladinfun.piggytravel.android,38D1FFEE932A8CEB2C65776ED4B5B8FADE253AA3209067B27FD0C7EDED99CD5D,6008
bwebmedia.cookbakedlasagna,F0D938F6DED76E04A782C809A6F40BA24C148337F1CD4F2D42BAF85143D80BC6,11064000
com.dressup.avatar.vlindler.doll,59CC8EBCE08959778E0B285D8FDF6A5F3266B94A16159333B4AF08D26FCD174F,295
air.au.com.metro.DumbWaysToDie2,4AA35D3CFF5AD72F2ABF3ADF5062F739B292F4BC9F7AB83680354DA2D53C49C2,5000018
com.nenoff.followthelinefree,FFC85337765BC3FFF380265419AB36DD6976F2FC3FD29314C28C204B75C84086,167
com.alcamasoft.memorymatch,151829C75C58B66901C21F2610407B57C6824C19FC93481906BA7F1D4084BCA6,53
com.cocoplay.cocoboo,96CF6D21C193B4FBD0216935B52466B70732069EF8D0602C87FCAC24AD368494,173
com.ea.game.pvz2_na,877C13F9144F309935FF24611E0EE024E14A2233B74C51D617D4617F323693DC,621
com.seyeonsoft.pastel,6EF0FDA57C4A09C22673E0930A7D3355D11DA13054622D87FF6C9DDBC1C1A5DA,78
fr.apprize.sexgame,506E1AD1F39D280FC3855F2907408979A87C76CF9D4D5F6555A5D0A45DD7394F,62
com.sky.funnyfruitsplash,3A5C568BD82086526560B542DBB46C582884570C5CF79789F2E1D59AE2D21AF1,460
com.muscle.rush,2D8025001A5499C7FAB7ACD36D74B0DC6890B8A9E289A41A49EAA47E93CB59FB,14
com.gameloft.android.ANMP.GloftTOHM,05AF7DC5974735A3EAF27B83E0AB05416CC51BC79F1D9EE002683C34FEDC5110,29430
com.famobi.lovetest,58F078B95F8E7759628ED9737F9647082D815B6A59BDEC191C5A1E4CDA1C332B,2017512
ata.squid.pimd,BEABA1AD2B38C9F11C2DF6A2E3C8B438612A1DCEEC87A8EA54004B1EC245144D,454
pl.idreams.CanKnockdown,217892F81990EE047D2F6CC768610487EB81D7654A30EA5F853B6D0158DDA828,57
air.fizizi.PrincessDollFashionDressUpGames,EB34B86ED006EC2E14470CBEDD85C49A14DBAEC6344C83C0CACCE60D3A5D3806,6007007
com.midasplayer.apps.diamonddiggersaga,B88E5A600FFEBDCD6A7128642BC704FD922F631BAF96B6787AB1DADBA13FEEE1,205600146
com.outfit7.mytalkinghank,EAF7BD90F26A7232CF99498D674FB9F2B39DD821E8E80A9BA6855D88AAAC1393,340
com.playrix.homescapes,F0DF6B9537537900B65655011C9EFA2BCDD986EB8E99063D8C149CF69614E74C,10004805
ru.iprado.spot,90BA0FF3B221FC6800818012AF4005FE0861691D1D64C9582B019B116B9F8F66,1300004
com.andregal.android.poolbilliard,1B9BEA3B25BFB57096C342795584E7C8256FAAD95501ADCAB7D4E2CF80B54051,24
com.cympl.masalaexpressgame,705E4FFBF77547DB7A12DA5ECBB27908D7AB1B93EDF7707B06E236C595BFFDAE,530
com.buildingcraftinggames.fashion.girls.craft.princess.minecraft.barbie.creative.exploration.lite.build.top.model.design.fun,8FBBE2674A12F201F907F39C81032F877EDCF7E70D236A98FD864F09F19B0108,3038
com.chillingo.catapultkingfree.android.row,77FCED18F515866743ADB4E56D1A0B63A147973652258E86C8BF42718BC758E4,418440
com.casualpunch.lipart,5D7F04BED14C502DB009E2F14B8412829B0913B2C12F1C6541AC9D60D92AAC23,53
com.doodlejoy.studio.sketcherguru,336C9BD22436ED07023BC00DE9CB2F2AFBC4653C2F53C22FF3E684F5D9BBD295,28
com.bubadu.supermarket2,5E431F8BF9ED6B3442FBA7BE856C49B99456EA07AB5715448C77796311881235,26
com.kooapps.stackybirdandroid,5FB131FD6C44AB95091B9E024E3AEA114C15EC50EFD69F1CD4FEC0B9EC41314F,207
com.dressupone.fashionnailsalon,D28B855B128485ACEADDBFE0E6EA161D0C2854BE92C83A312C10F1EA55163A01,7000641
com.outerminds.tubular,760C59FBCC732D9CD6281DBE4AE1CEA47C78EE78767E18FFF7554464BA616FE6,200266
com.Boomware.CafePanic,37B0386D6B32539894C7DF131DC228B1958E0BDE7C45A91749A18392B61E3440,202
com.funtomic.matchmasters,BA17374A29F38D23935F8EF3D0880B675D193431A8461D043D2CD83580DD73BA,303609
com.percent.mybest,133047316D3709148CF2616F3CB49792A981B11598CD6216080EB8FD1072BCDE,63
com.game.jam.save.the.girl,CE20C558D04C472BD7D63E408A13E1CB8C04FE553171EEF40B2E1415D4D531B7,124
com.catwalk.fashion.star,4233171586F3BE870D73856BD7B6A49142EDCE24C6CF1A2F484C43C236C66B11,138
com.cutie.merge.garden,B13D62944A1DAA3C1562F159C319650D486369788A3D5FA57CD7FDE922DD0179,132
games.fatlion.little.mermaid.minecraft.world.games.girls.princess.sea.adventure.eden.isle.paradise.bay.fish.crafting.free.mcpe,79DF41326CE100CBC6F29ED25D1968302F9F8AF1B57D485E69690A9F12B2EFDC,3019
com.frojo.chicken,D50B63FB1AB776585B6D7BC57CAB19A1EB1D62F53562BEC30EFF39A979ADF68B,20
com.twoplayergamesfree.twoplayergames,7911D9E1A75AF2AD39AABA326D9D3B82DD8186C5F3AA2FE8B0FCAE2804CC425C,200046
com.tgg.streetfoodkitchenchef,07A04FF106E9CB208930A952EF4B9E96AA7BF71B954638E5572A539A51E5937B,11
com.fruitheroes.legend,89FD1A5118983172870E089B8719F2753641BA63B8BA3E93D4D9D22F0A381E70,97
games.fatlion.uphill.rush.racing.water.theme.park.free.minecraft.waterslide.games.exploration.lite.roblox.crafting.go.building,B0B5B809558AD66FD99E19D5CF1CDBDD4608AF5EB1C2F90A97AB2D93FF50A775,3017
com.percent.mybest3,DF670C3F4363DFB71D04F3D211FEFF2EE862BF3F09A347170E49217668BFE6AB,57
com.mohitdev.minebuild,4A6970DBFBE3C2C793C0F8621C68D8820CF0B5CB26F6D715DC9728DD7FA407DC,8000089
com.cooking.games.fever.food.city.craze.dream,E672F7560B02F50A0E6A1163F64C052A4C4D1D771A99564F5226164D69F6F7D6,229
com.gamoper.magiccandy.free,487C3149FB05984D7AB57A67D0CE9D361048C71053BDB52809A025BAC72D4B2C,875038
com.playrix.zoo_m3.gplay,DBEDECBC64ECDC8540FBE62EF233E86B03F0E36EA9A6359F7AEC59836E4A1FB2,1002280000
balls.glow.bricks.breaker.brounce.ballz.puzzle.free,1F8889F8C15537B3054D56226DC0216EFCEB492501501DA5AC1D60B720C395F3,123303100
com.FruitBump,07F0624CAB01EFFA13E29719A9FFD21A97CBA77D686D45288201198312297F33,1361
com.IEC.gang.clash,07F6CC8D82EC1F06814EFF5AA62BBE387042A2FD47BD0A906FBAC38CF85B5C76,109
com.lawson.poke,78740ED477D8E7BA943D8D19CDBB43D47B02DCA61BC988F085C4D3F3748C3D80,11430
com.gathercultivatecountry.attack,5B840C9348F13DF6912E9FE6C0E01B5B57DD840DA9DBEFA7A5AF880500F433FF,80
com.bubadu.mybabycare,2E7C5445FBE0F65DD2597AE9B36353C554FC305BD5EE2A8751463A83D8440410,45
com.candylegend.legend,37DDF9AD5CD09FA8C9D1B7459FF0D7B9858F1D5AE91B8F41F4FC6D59C57AD43F,138
com.gamesforgirlsfree.modelwedding,E3EEF942620973968345AA3CA483305FCF4560A2D4F1CB595F5A8B646E53676C,500022
bubble.shooter.shooting.shoot.game,8877434157F7992B2E9362341C77D0AE6B6C99A13E1C3935C6CF70FB3443D1E3,75
smellymoo.sand,6DAD9F72DC1110123041EC3639DD4FCB6748D3803FF6DC2DF5DBC620D69CE7B6,14138
si.pilcom.apps.pizzamakerkids,63F794B7130F62BE7D4BA7EE788B5FDA08FEA01CFBE7EAE8D545FD438F007320,43
com.appgame7.candyfrenzy2,D1AACF9D6080934FB3F8961AEE069B11D7970EEA471F9545AE59A2E57BD12D14,665002
net.promediastudio.royalgirlsprincesssalon,FA4466B61EE5DFD49D8741C03807588742F751DC3637A660A1A47088636864D8,188
com.kauf.princessgamesalonangela3d,1E551956BE79770750AB08F95EC2E028628E9D263BE2E71442A603A618D4FCF5,272
com.midasplayer.apps.papapearsaga,5A0F324DB9091D080BDBEDD921421436BB4A5C1F5852842895A151034FA371FC,1012201
macrostudios.truthordare,09A6EE76A10D1314ABCB846AB5AC9F69E5BEC0A387AB97983E321536DF5680B6,105
com.alexkoi.baby,42E2C84E04D8F83F860D0254AE11710D1218191D25F78A9BB30D5980C1502D80,54
com.cocoplay.cocohiphop,A60E601CA0665A24BB36CFD1D59BE0CCC065868625DE0777ADCD90478D62CF40,181
com.evogames.slavsforvk,A4E026C84CB4588498FDC2E9115DDE7A912B3F752FD42293A3977C50CE0D276F,12915
com.cg.moneybuster,09DB2F84500B4D1BB75ADC3681DDC553A601FA1492AB103FB5F5EA70E75B0A98,319
com.kiwigo.prinessspasalon.free,8EA0CD36C5FB04E3D7CFAFE8B8B00F1C146900D88019E212C0A0D2600026D157,515066
com.kidsfoodinc.android_make_slushyonekf,2635E6F9F936CA5AC9BDF32A96DCD948823CE252E85C60EE09BFC03F1575E90E,19
com.andregal.android.billard,0A054BFF9C13A81F1BAC51D03457F7FABA376768A9DD71FF70A282A048413386,34
mini.block.craft.free.mc,D4A46631A05A24040C500A82E75AF88CC8C7665E8DEBE8F2540C3959628ADBA8,31
com.frojo.moy5,0A2130F64E0587553C68710898C772655A0647872FA5847A80EDD83B6480A6D3,58
com.stickclash.stickman.battle.war,5FD943B4B502A210176D5E9A16FE3BBFFDEBDFC8D2E4792969C1500CE7D7A170,26
com.appon.kitchenstory,63BA50A169469147F75B051A0F6CA7BD5F454C5B07B04608CF835892FE2ADC13,125
com.make.it.fly,0A68C2F2C7D9075BC043A55A8C29A1BCA2892AC70B5A2EFC5EE71E3580120CFD,55
com.mobileguru.jewelslegend.free,CAD586E25299C02BF3C030C6B46F7F714891169A002A3428E02A4B2DC6D8F226,595038
com.mystylinglounge.android_glamdoll,FE0558EC64F97472503B6E9395ACEA6BBA9B67B05A3C18DBAFEC9199295B090A,20210702
com.gamehouse.delicious15,5D07C6355BA0650127430774A500DA8950683F7B24AAF8D0E84F91A36E632A4D,29656805
com.linkdesks.bubblegames.bubbleshooter,E808E51BFD3DEBC05F77402FADD3A5ABF5F898F1052AE4172FF6629AD84BFC34,1057
com.dreamgame.fruitbubble,1387751EF45220A1CB29F4851CA1755047CE5E1AFA0CE6356CCADB68AD0857DD,50304
com.gamesforgirlsfree.dressupgames,0ACE929B65EDA07F0B087EFEF4692AE23E304846993100FFACA4B39EBF6A6642,500021
com.ubisoft.horsehaven.adventures,0D7817C0DBAFEBC6F08C4F60537BBD810877ECD69CDB5FB761B884761E1A0F5E,117982
com.hunterhamster.snailbob2.gp,618EB3FE858003A8645A1AACF7A0E87C8D309DC63CF607E149B42FB94F34870C,73
com.xmgame.savethegirl,769352ECF5808864F2A0E6D10CF92359D4498CCA126A126BE2EDE671AA52F27B,46
com.outfit7.mytalkingangelafree,4367CF25A9B8768C0FD6C3154D8FB34F1D62EF27916C315B33D750E30D0B56F0,1730
pampam.ibf2,8AE6896596AA4D54FF9639B460446531E33C1ECFCFA4AF8457189B2E912306FA,201
com.eyewind.colorfit.mandala,9EA0059F244065B4A91DA5BF10AB50E738C58C9735E0ABCAA6890345EE99DB3E,3201
com.joypac.doufu,D651BC6FFDC916CC8205EB5B87116B70B052CB5A225149B399A5E10E9567F626,100029
com.frojo.virtualpet,1DD44E15835E68682D825620665985FA0E411098E7EC2862B2AF392775BA4013,53
com.kidsthree.mermaidsalon,60511C62B0654BAC69C72D893F25EC9DAA7BAFAF0B8559E3F4B5900141E35017,565052
bubble.shoot.bubbles.game.saga.world,D5720DCF02542D7837B654C05A71E4A6EC63C602E14AC4470F52127FDBF64A40,68
girlsgames.princess.fashionsalon.makeup,43E0A4FC26D619BE7B41881FD4EA48862ED4FD558264382C2D74D28ED43A2FF4,35
com.tabtale.myfirstcrush,5BFFC7C2B78196027B81ECDDE742D5B1AD9DC7EFF5A3365F86F94D67100D372D,112
com.whitedot.bfg,BAE30111312671F8325718DA5DB7FF1DAF90C961B69E2B90ED133A017FA538A3,10014
com.tiltingpoint.spongebob,A05019E3749462DC76A8FEA839CD8ABBCF9C28FF91465FFE1E6EB61DA0F81B6A,168
com.mobileguru.candyfever.free,0E7E3AB84535B8A349F4EB218B39892E5683D6C28AEB49D9B5EEC5D57D83BC88,1005038
com.jewelblast.puzzlelegend,562D87F819E129269AE8266620E7D321F3D6D0EDEA47054F5BFE4385F293B115,98
com.SpaceInch.LoveOfMoney,A4CED94BC16F0BF0F7AE56C19938898BF7B74649B43FA5BA22AD8A263AB9D365,108160001
com.kwalee.bakeit,7DFA2FA1CE7759F60C62892EA8181F6D36B43B7EFD397568A6ABC0FD5931F29F,3415
com.tp.pmu3d,546A50B1108D7BCB483E1ABEA804FF1E8590D843DFCDE20A9E837D19E969D049,13
com.tgg.kidscooking,21A2058EEE45BAFEC7E5FC719AE99883EA5F81B3A0A2193E92C362B49B544EB4,86
air.mwe.cookingcuteheartcupcakes,8B010CC9C68D66C0F089B752DF172E38A33490BB0771126F330CE7F423404942,7002064
com.kwalee.crazyshopping,ACFB09A77E81A52B04578C093302CB781B2DCE414AEBBF4B0335AC8F0C954126,2020
bubble.shooter.pop.pro.free,27D7D07BE126BFFE28C1F7FF24859BEE6575460CC8273DDDC519FB75D5C8A214,200070
com.doodlejoy.studio.kidsdoojoy,879A9673FCA5ACFD5A5167EC099B0CDCE806915467D016D00B428232ECCBDFC5,61
com.kwalee.dropstuff,85F6D5364B0E982AD1C158406BFC48C180ECE34DC3EB96EEBB81C00F64514CD7,1427
com.girlgames.ppp,A8B0DE8C0911B1DC87277BBA001DDEAFD7285101388CA220601B9297CC17230C,203003
com.amdroid.pedo.gas.flatulencia,1312364E3F5766D234B3C2937F94312F241B34277A4CD67C92EE09D850B4DB07,30
com.foranj.farmparadise,DE6E1DB4A47844010B6C230F631807484D93FA838F0E80024A58B41C98563B0E,226011
br.com.tapps.cowevolution,4C3D7EBD80A88A7DD22CF2056B14115C8B93371595D1B8D789AA869A07C7640E,212
com.cocoplay.cocoiceprincesstwo,0F84F5F2441447AE925E13F87E5E15F3251D1A25A0C27950BDB9BE1559798962,112
com.puppy.merge.town,34B9E03FF1549BF636663C1147AEF6FF4AD88376FED3EC64FF43F0B4573BD00E,161
com.faceplus.bubble.breaker,6F4F2A13AC6BD06E48030017086EF7DB1102293708F6475AFC9C438F32F4CA7D,35
com.pinka.classicbubbles,EC5B58FA00DE84D705F1A3280F593B767FC878086BA6E261FB1C40914562618C,141
com.naturalmotion.myhorse,B75CF32A72C4D8314070E157F3D5D9D62D4494730FB9EF702B4F1664ADC5BA28,102
com.tinydragonadventuregames.doll.house.craft.princess.fashion.girls.minecraft.barbie.creative.exploration.lite.build.cube.mine,5F83ADA30D869690E7AD301E3CED041E58AC493F3735EC3EE95E4EEDC2D57C8E,3022
com.xtt.iasurv2,EBA3AFF4F338447D1E48A8658CCF92AB7F1DA8277CDB5A01E89D8CC09C4153EB,208
com.jhulse.lineup,FC3B440E4527000B1519E84FACC86882FCAC37A5B741F9772C619EC6C2894C13,1767
com.nagastudio.giant.monster.run,0EA14AC07C0CE79A450E51A5D9613E495077B811050F7B4365636349440E5BA6,131
com.goodcatchgames.mrbeanhillclimb,ABE70A70A4D4AB5EDCC3C1630A6DAE6D19E34D0415363C70535DC9BBC46AE601,163
com.cocoplay.shoppinggirl,CC1DED1090AFE835BE891A72712D295E8CA6A60C162E0A83E49F79C62E6322A3,247
com.ballzy.game,28940940F8C09A50A06986A54D3E6634336C73F7AE78F41F3997881D12BBCF48,17
br.com.tapps.myboo,C84F352DE4DED61AC4D29DA2B8B57DDFA6640DF4CF62468D4665FC09E9877AB1,11247
com.doodlejoy.studio.kaleidoo,EEEE28E63E5DEE52481C014D46C62CF008FAE4EDDF769B29AE7C566287DA3C3B,37
com.kimmysuperstarcat.virtualpet,6E9064035DE42983851D1CF4F228731F4D78E7204E6D5CA28D172A0AD98E7A49,1034
com.kad.ohgod,EEBD05737C0D8D789F339B8DB24B104B03F736A021D26EF1B0801E71E0DEA02C,62
com.droid.developer.bomb,89D05FFCB91CD2DE03A51A8ECCA870332629F84CD43E68E327F90607DE4AA62E,19
com.frojo.moyAnimated.android,FC27A295050C106FEEA8A1F41879F78F84E410FD5DE262ECE5923AF9CE196DD9,25
air.bullstudios.fairyhorsecare,C242521BE7C30F08EBEADEFFD96D7B5C8A672A80CFC8D506FAD3D12A76BB840F,2003077
com.gamesforgirlsfree.girlssquad,F5EBBD62B83C7762895B44249CB54663A6F8ECBB8381B652F7F60956045856C3,500017
com.TheRefik.SkyLand,95B6E18467AB9F9E941BCB71076F02D4578BB6D3E338C772CF2A186F9CD2FBE0,56
jp.co.hit_point.nekoatsume,355AE99FBF576810CF489F0742AF3A303EFADB170B032CC27BDEDBD47FE275DA,11410
com.lily.times.dog1.all,D593944840D77395EF5DD31948AD96CDD141C48B421B30474A640579BBDDCC29,956169
com.tabtale.skyhigh,D6933C70556C6CA02AC4184145168BDBFF367B135E94FC34C38B694DFA7BED07,113
air.com.igg.perfectbraidhairdresser,B96735384BF510CDC0E1E617B395E0A63D1FAF74DCDF549D3E846A6A69D1FBF4,1002008
com.animedressupgames.chibi,F037D587463D7F2D535B1D839AB049B81ED32D1E8FC248DA159813BE9E628DD5,500044
com.beautygirlsinc.android_weddingmakeupartist,10B9914C4514DEB39F84678E22563E875B04FD036A01D88FE8763137055AD30E,20210517
com.gameloft.android.ANMP.GloftGF2F,10C1316329A46DD7A69F57C69D5F6A5140A15BE788C1D85346FD8CDA77C49166,44321
com.pencil.madness,2ACC143A40479EA2B03C8836C117A559D9C7693AD81FAF0E4D4E1FFFAF12165B,265
com.playflame.oilhunt,489222DBBF0FD741070A761C4DEF3F32FB0B1147919BC7432FA46C21A8438F6C,32
com.tinydragonadventuregames.puppy.dog.world.girls.craft.love.building.exploration.minecraft.pocket.my.virtual.pet.rescue.saga,C93DCB572770FF89E4A199B0F3030F63AE5922B4C3BFB96BC54D4173042E7E4E,3016
com.budgestudios.StrawberryShortcakeFoodFair,3D5B720F2769CD67AACF7722A0CAB403BE21FDC7F138FDAE231F82DDE8A069BF,1381
com.mastercarryheat.straw,E418AC4FC4B10E36C28A2D48D024E58B53FD61722C907D22387860328CCF102C,120
com.puzzle.rings,CF1B438A6BF8C8BD7108F32857C7302124BFCFC421ADC32BF9A1D0082AB45D3C,101
com.progimax.candle.free,EC61A01CAD64E1A0E2A6DE5A58DF0A573170EA59725ABF21B895D12E8E76CE9E,27
com.twodestudios.dodgemaster,BE22D8A553A0030270E2604ED196F63102CAD1B0982791B209095BC83E2EB207,52
com.progimax.shotgun.free,11430A5D0062734573B39DE9AB4D0481B5870AB075B0591FE2C1AF102A1DF470,25
com.timuzgames.savethefish,8E567DDFFDA9281F516C8FA20F96D7E9821EAC19E7ED1DB1F19C08F432D1134D,126
com.pixelbox.roofrails,487B703F471FA121CDE7368D98832A843FE8315ABE59CF809882DE7998C8F71E,67
com.frojo.moy4.android,B6B1864ED475428D242326B81A602D40AF37635297BFED7B779028C3F6B2188A,42
air.air.BridalShop,7ACC09891D99902075DD8FBB9D901BE235BF8EBA0ACDF9E3FD52777B6F4CD27D,10006
com.tapblaze.nailsalonmakeover,74367FE739E60D60B0C57822C945C2278AB8C82A23B50E03BF3271130288FF05,29
com.cocoplay.dancetosuccess,50899A360AF3775E003C405F087BE9C4B27B39A212D80292F2174A127CB2FB03,1126
com.KillGame.FreeFire.EncounterAnimals.SniperShooting,CB75D2B4618943913FD682E58B7FDFAFC1B5A1CD14B15A547900EA03DD9D5506,42
air.net.promediastudio.trendyfashionstyles,4652A295108FFC5F672ABF7CE95E0EF718E4702DD54468C22C4A0DBEE453709B,91
com.ezjoynetwork.marbleblast2,120DD5C37F4066CA4859AFD0A7B9652539FD36EE4D5805F26468AC44168FD185,23
com.budgestudios.HelloKittyLunchBox,B880EEC47B482EBF986CD7DC54E366F68DFA576B8050C28E5411CD64D842EC8F,2097
net.fashiondollinc.android_shoppingsalon,33C947CDCF930D99D20EC848DD6F739A9D9DCF3AAA3F0DD7A1A3B10F5658B6D2,20210928
com.ohmgames.richtopoor,AC3EB4CBA2FA275815966AAE8213E69351596D1D9D1C3DF83556CAB40C5B0F7C,1009005
com.bubadu.buildergame,2C1CA8DCE10ACD1A41182724F373B5E3226A4DA70B19D326459B764DC9246D62,44
com.coloring.book.animals,3F200537B9F63BADD53A7BDED333A45458EB3781CFB88D834036EF3E6522913A,10702000
com.cocoplay.cocoballerina,AD2F666A7954F925A5F90B44E2A4E96FCEF5D562642D1A350B22DB3733BB18BB,157
com.inapp.no.paint.color.by.number.coloring,3E1A84D16CD7C1011D42C2AEA6BDB8643611A927C844F8991DC63E4135B2E2BB,39
dk.logisoft.aircontrol,BE6547B7906C801319EB9D483BD3444B6D5106DD2E532FAB9717691E0252290C,240
com.outfit7.talkingtomjetski2,55DA5BF7C255C7315107B3ADA32BC25464C937CCCB8EECECBC156876C1192AE3,160
com.gameloft.android.ANMP.GloftZRHM,5829E539C6BB17291B6DB33F0037BD1AB14049DA2E94BD5F8A741337B52D33F7,21137
com.playhome.plus,4BBEBE4B93D9FC7179D0DD43B043B93247890A123575D4F44B3F8F07BD620AF1,1527105333
com.mattel.barbiesparkleblastkids,AB1161422D3B9BE050CD9391D3DBA57800553958A1D7807D4753DFB75BB6981D,2804
com.yoob.games,BCF317787B57444AF1601C95C217B7CC280E600E37D13D491D20BA0BCF393BD1,29008
com.progimax.moto.free,B4A52FA8FFEB61501E2A02EB4D1DB83C3A151BC1BE2F905529BBAB46F797A3F0,16
com.mycatemma.virtualpet,32DF1508EC73C236057E0AA385AE764D0FA10358A952E16B0949644DC9246E07,1047
com.budgestudios.StrawberryShortcakeDressUpDreams,D221C89E8D8200D724F9E22BE4C25B8E6487093CB7DF235EF3544DCBB13DAB51,1035
com.k3games.weddingsalon,1CAC26A7756332053FBCA410D39FDE88D9E2FA37E4EF3F8D8F1783F0D7E5747F,505066
jewels.world,2B0EEB23D493AC2B4BEAC0ED52738F0442E22AD37C88C3606E72DC35FFFDF9FF,39
com.fme.KitchenCraze,67AF496CEC00EDCA750CFBE7C39AA6C014ACC3890E0FB47C358135DFB41D77CE,201092
com.WildWorks.RyansTag,7243BC88F57454D7E9B1D88CAB61F753255A61F9B418C8723512A35E759D2803,200592
com.tabtale.tailorboutique,594CCADC675AA32D38BD63978C777F9F5525335245F05934749B9A3B3FEEC89B,110
com.alex.da,17CFC6639285D2DB7084E4B3F6F8D48B1E16E6DEC7AAC578162F3CC0A0E7C113,35
art.color.planet.paint.by.number.game.puzzle.free,406F1E74C4AD327338BBD21350A5A7D4C79ECAFDE125E59679D4AA28617F6213,36
com.ViperGames.StickmanWarriors,1683923F9D299A1C962C9186A3EA3170D82065DB0BE4F83A40850B495CF5FBEC,200019
com.gamesforgirlsfree.richgirl,CEAB235B4328B7B3A4C57CBEA662D7366BDD1985874B3BBA2DD86FD73AE77C67,500016
com.tabtale.daddylittlehelper,FE6837C850E933625366CD077EBA4EB158A12B0CA0583A0F7981063B02E8FE2C,111
com.cocoplay.cocokitty,BEBB8EBF8ACDB5AFFFAA5E1A72EAA0B153627FA100A60D5FD301959B3BE258CE,121
com.NeufOctobre.BuMyBunnyVirtualPet,EF960C6FEED303C17955FD2A320726A47800276E6F6103B1A33630D57E13E7F1,200039
bubbleshooter.space,3A6863EEF7228F50FD21A21CC7417C63C8BA30DC725B6B75493E3C40E1EAB9AD,90000013
com.dressup.avatar.vlinder.doll.princess,4EC310800C28C4AF36AC87CCD6E707EBC2FEA5324EBD1D4EDD001F5F8A1B9751,1661
com.teamlava.bakerystory,22CF77350973A1203ACE32C169125F8D8AECF41C6284BF52518DD605CC5662ED,43
com.stove.supertank.google,18864A8E9AE2E0B489AB6B4CCE239155A9026ADFBDA4D074B4BA547DE5B62D3B,241
com.ids.little.farm.time.fun,72EA34D708087A1936C872DB2205C248EC68B2EAA96D6FD9C551799BA313AC65,2119
it.junglestudios.cookieclickers,3FC25B1521AE3D6704FB9206C7B978C6F4ED3D35F5021888830827F2E9A1484D,118
com.outplayentertainment.bubbleblaze,C0C90114766E292FAFF84E984C8316061F6E68A29E790E6A673D60156C85F1B6,2015012
com.drawapp.magicdoodle,AE41684812B000DC0C187A58CFABE60FD73EB098BF1C0E2A3524B6374D0BF52A,55
com.kayac.ball_run,26CC2402DE1E896CDF2BEFE16D7E219795E3900B5A96D5247EDE80AE2EA85729,301
com.marbleblast.zuma.marblegame,19C743989BBDD58CDA725435E5077CE7A0D170AACB324D46A957C3095606023D,105
com.haegin.playtogether,3090FBF00645005C9891471838AA5A8F3B032A65FE4E264E2795C8A25328E93E,51306
com.twimler.jewelmash,71C3FF15696015AE014F91AA0612885F9897CE7870328EB048E1E64B4E65162C,1134
air.mwe.delicioushotspicypizza,D3E5A562ECDB7EEE3789F2C798E5D3594BFD1FD09444F56E766713DEBDFD2017,7002064
com.softwego.liedetector,1A5A99EC5D6D19158EEB321A6BA818FFFF8E8F216F3FDECFB29C7962A84797D1,24
de.stollenmayer.philipp.Pop_1_1_Android,7799CE12BF4803491B0713C4D30B18E734B0546221127A504C4435BBD06F9EDC,18
com.budgestudios.StrawberryShortcakeDressUp,1A7A829835CE80D44E12EDEACC82F316B29529509D41682EDCFE1D34C15475F8,1654
com.budgestudios.googleplay.hellokittyfashionstar,1AA97EDB5A9D4B10007D7F5317DEE4088E4AB99A73A65B7EA3EBC29E040294F5,1911
com.panteon.homesweethome,1B31AA6A137D0AB59269EEFA8E88719DD4958F3EEF34E45AFFCD30956F6D523B,24
com.fluik.OfficeJerkFree,6AE81FF898642752B805B2385A3493EF3EFC2C08186258F27F449C94750604E1,1831
com.gamesforgirlsfree.redcarpet,725B4665FF8648185608132D3AC4E1A5116D2E372819F78C3FC1A8883EE9395A,500021
com.lucky.ring.toss,49850D7242CA7E75F59F0E92722CDDC5329E33A822D515572AEBEE073E991761,151
es.parrotgames.restaurantcity,29A977FE11B05770F8F2D3F3C4693ADD53CCC4809069F6B6D25A65C4F981203F,1804828980
com.crossfield.namsterlife,1E65E9652E5873F6663EB75B189E813DABB4F95C5442678EE9DC1E921E836D54,299
com.kwalee.objecthide,BDEB9463738C1E9E00FAD600A390E913B2B7B4398FDD45E1E8C07ACAFE986ADB,1903
com.gobit.burgershop,77F298BDF7628D078B8616C03BC45424C7170F1FB7C50D5268C4140B54F180E3,25
com.pd.thecook,CBCD3861079C0C528498B31AED2BEDFD4534A7B95926104BC48065049381824D,95
com.budgestudios.StrawberryShortcakeBakeShare,D3A187DF386791C0B294F08B8BEED7D49997509CF2A2B6E069E25A71A240F3F9,2656
com.k3games.longhairprincesssalon.free,859980784F9EAB3A90E048B9D5900020230760A2314566A01C7A0D7010AB33FB,515066
com.sandboxol.indiegame.buildbattle,D8A3503582DF1E2DE5D8C1C027B284C734E6AE7CBBA22B12AA9027A1A8D47EB4,4072
com.gogo.Fashion.Braid.Hairstyles.Salon,EDDAF95C351ABCBF58AEC9560FC40ECC93DD49B6C89C8D55A89482019D504733,31
com.budgestudios.BarbieMagicalFashion,6C1FECC6ABFD33374D3B915FBF860E57B859F20E9D3F2AB49B008E1C68A23BE1,1211
com.goplaytoday.shiftrace,BFFF0FDF077123DD23683113F61CC970BD7A663BD1672C5B139BC4305DB62499,496200
com.playfirst.cookingdashx,F3D54ED918DB7A16B33B5959D5F8775A7CF3ABECD02D2E91FB5CDE913F06A790,20220400
com.pronetis.ironball2,BF0BC54FA89BF5E179BABCE283C2F53117B91DA81BA84A339097553DE8C0A4C7,24
com.RBSSOFT.HyperMobile,C0D9F570273848D78542EE301FB9185FF1248B65EBACECFEB890556FA815D2B6,28
com.retrodreamer.IceCreamJump.android.free,E5CEA5183A07EE4014B8744ED9B0CA1545DF7F020454659CC2A165F7F3B64985,27
com.frojo.cat,22D5D54DCE1766A2F55E25BCB4E70B53F7226847244540A1AFE3672469CEA291,20
com.game.JewelsStar,BC7889BE7D68DF0FB6BE0B26210558519B47407FE34A47A19B107D4A83751C47,62
com.budgestudios.googleplay.StrawberryShortcakeHolidayHair,5414320655762977F0C38139517C7E150EB018951E3BCFB20B54A86CAB8E266F,1475
com.h.makeup,C562844354D910AE53AFFBC410792F2D265C52CFD596A286824186B1FF3BFCD5,37
bwebmedia.worldbestcookingrecipes,1FCFA01DE51CE5FC3F83F448B7A8510BC758C5FB97533CB89DD26424341C6FEF,5641000
air.com.landsharkgames.zenkoi.android,6F0A96E00B943E409968CFE6FFDD32A50964F2919C96ACA392F719C336F06DA8,1011011
com.kwalee.citybuilder,FAD06A1F36B1BEA108C2F0B0FCBC1B9A016D573574B0C38A3569705EE176ACFC,1859
com.gameloft.android.ANMP.GloftL2HM,4824167F92C607433F3FA0CBD85AD29C89ECA510559F4A4ADE8CD48F1ADAA595,94122
com.pescapps.kidspaint,60C4FB8CB07537A5066B1DE3F0E6A399C109F281AA23884BC0B3566D60621F23,11
com.budgestudios.CrayolaNailParty,C49969C5FCC2BA7F2544B8C49F3B3D0C6D0AFFAC897BD8FA506DA6C6863F1A63,1152
air.com.lunime.gachalife,DB5AE5DC0F8643EE9B196AFE2D666742BEDB18B83EE3F9EE85C73B4145A47196,1001004
com.blendergame.smash,681D88BC65A103750307FA80C1B92C1BC893F412F0C07912146CB1B02F586CE1,29
com.gamesforgirlsfree.collegegirlsteam,5986B4E67F918C2DDC7EA91EF172B76FE45F648B625247A56720F2CE0EC25AA6,500023
com.player.farm.lamvuon.farming.nongtrai.farmer.hayfarm.game.bigfarmer,B6412BE08349282ED98580826A48320CC1DF2BEE4D58CD5AAC18E7EF6A959C36,10
candymanor.homedesign.match3,EB9ECF1731C759C969F99200A76D1C63F6918A74BFF92BDCE9E2F4CBBDF3B9D1,34
com.budgestudios.HelloKittyNailSalon,FA74B7D134B754E93049CAC82FDF18937350709044648EA3A5B86445874327CB,2417
com.kwalee.bladeforge3d,B245520CACA341B7E93D71370EE5849FF45C2DB83F286FF528DC4F3E55FA3D70,2103
com.tabtale.babytwins,AACBC0A3B8A9DA5CBD4A16BAE8BECC43E9A23F8E6CA45877716EEA96A51407A1,115
com.abto.glownails,D1E2B0534E2E52C5A2C8972A8AC2CC6639A19A9CC07BCF0828E9423F247392F1,23
com.budgestudios.MyLittlePonyHarmonyQuest,80AC17EE3EBE1388599B98580823ACDBAD383A750147C02E23464E742618196F,2249
com.abto.manicure,89F5C793C31707D55D6CE7010BC2362FFF2F88247EACB9C246BA39189B2946ED,38
com.budgestudios.googleplay.StrawberryShortcakeIceCreamIsland,A070D291A9E8192FC62EB5215517A37FB870BDA93A33975A3823C7521CDE6DF3,1321
com.tabtale.messybabysitter,333DE2A29E646873AC76C3A4E3AC99F07FFC20689F4F408B413AEBE1E8709448,111
com.body.positive,4B838227D7AC181F8821258028FC6CEA7CDE594ED18815D7FF4F5C9DFE612FA6,115
com.foil.turning,F48EFB533103FC1EA8C0D8E1ED4C040C8A039E08C19BC21B44597837E27959CD,211
com.netmarble.btsw,F567E19B6483785619F7878475B09761920C8BFC04D8012572541CF293EA7798,1209004
air.com.lunime.gachaclub,CEC6B75C38228A63BBD3837BA39D1BC12BAE63536D6EB1C233C1A6E71847A25C,1001001
com.riceball.gpknives,4EFD87A5F6352163129F8CA9DFEDE70FD2BA7F0F5DC4A0C3DDCEEFB858405EC9,10030
com.mattel.eahdragons,925E6765FED9D6CB1498E0DC44433474D1B6546C9952E221413D8D9C4ED8BC60,179038
air.com.lunime.gachastudio,2A7F00CBEBF1499A05EE52E9561B2650C673352AEE184BF5F5B4B13611A9E6F8,2001002
com.cocoplay.promqueen,2BAED36D6392E8E4E8ED9FA3C5C3958F8DBA3F60957AAF0582B25D074B92D2EF,125
com.Garawell.BridgeRace,40B3D411301441121318232291614F5C08D41BD117553C081D00FE99E85BDE4E,63
com.RedLineGames.Game49,7D2A1C3D74DCC8D0671B04372BF4D1CED878ECC5912422444DC615CA3B9FB814,49
air.Airship2,2C6B3F52E82B2F19AA56F76C2839F68FD107CA32A567453239214B0FC8429DC3,1000001
com.teamlava.fashionstory,58FD9B32E73D6B53ED0222BF6F34E29D01B90AA30984BCDB88CE9A663D537459,13
com.budgestudios.StrawberryShortcakeSweetShop,5B1BCDCCE666EE192DA5B22C320C412C65FEF50893BDA8DEB93637619ACDBDE5,2631
com.budgestudios.StrawberryShortcakePuppyPalace,2D6654A19E4AAAD7CE56EBB98B7872D2BB336BCB42D12C79A7064921B8455BE5,1188
com.icegame.fruitlink,BBED6ECD209250271EDF5327C19DEE082CC242680657B0CB1E3DB99F4F67C2EB,140010719
com.buildingcraftinggames.block.girls.craft.sims.minecraft.fashion.dream.house.design.build.exploration.crafting.and.building,3087F5DF223624D15CC8B3BB86BE457AF2145245D467047E401742586E1327A9,30000017
com.gamesforgirlsfree.superstarcareer,B7106CD76BCB46D8383B6CD752521706C986997C978F3C9ADF7FC85575FFEBA4,500010
com.linkdeskstudio.popcat,6DD5AA3B08F9254379D56136F2430E91180D1A8DD9D6695EEAC46AC73AA6675D,52
com.frojo.moy3.android,8032D7307BE124998F81818C00282FD5F8B6D44125BCDAE0D14FE95764D680ED,30
by.hitbox.magicwoods,A1884866F5D081B7440E924E4CD8BFDE9483B4752227174C6495DB05CA81B731,31
com.gobit.burgershop.ads,5BAF51006B1B215C1FF60E9347D831DED3C4EB4F9C590F51864E23B935A7CB7A,18
com.tgame.silhouetteartnew,99FD14AD8E9755366FE1D61E9E1F2A0ED94F79C654E2F3BDFDA75E5822FD4996,22
com.vng.ngoisaothoitrang,30709DF8C903B23CE135F1DB82FB047B60188532A445B9B947653F3EA56477DE,20895
com.sirnic.atomas,5046B61C0E39D6AE446A4A6B170EE97106CAF1DE5AA6383323F4D51637F5FE2D,515
com.teamlava.farmstory,BF9F7C2580E236E039798F0C1752629E8D49FFB52EDAB57EBD4EBEF45A6AD62E,40
com.anotherplaceproductions.fat2fit,607D2C6437D952978FF4DC93812239370F73DD6B3C1C9AC0E7D422F2CCCF99E0,30
com.fullfat.bw,349A06E5D369D22575D47DB7178967363F074C6F62A09F4981491484A00B2835,31
com.redforcegames.stack.colors,FF0EA145CF5CEC1615EAC121BBF58B0A3FC042811EF0AAB5DF34FBD72421DE4E,50
com.progimax.stungun.free,DB3C574D91625A41F70648A5CA2E528F093E7721896B660305940D37D3E9B18A,16
com.kwalee.letsbecops,63CBE33E69F191B6480A38D8DA406A5BC8633B194C24733AE558D44E21A5686B,2210
com.cocoplay.highschoolcrush,BF56C1A4BEB2C91CA4D22035A16BE7ECFE83D88A0041499D0106013FCC8974D0,153
com.syubestgames.teachersimulator,503E8AF032131485709C06C7776913FBEA37236122EE1E950B59988ED8052C57,2216
com.pjmasks.moonlightheroes,34AB3638B16E06A8642C8E304D08EC581DD53481F509EB5CA6D7DBEF93876D2E,133
com.bearhugmedia.android_sportsday,350DBFCC3C87A7B5F4138F411C54185D3D6A1F77652ABF46B538DAA673D2FB3E,20210913
com.dimico.painthit,45D3060F695C2778D2D42B984BC44E72148A2C4ACD246F2688189234D382B887,6000
com.budgestudios.googleplay.TransformersDisasterDash,35FBFC376F65061B01CA2BFB5636D6D1FBBB7F2BC4756A5651F2817C48DE19B5,1387
com.mobileguru.fruitboom.free,91E126A7EA60DBDC15D09359495A3F67873D2138C15FBE5D31AA50C873DB1685,353996
com.gamesforgirlsfree.superstarfamily,DCB0D956BC3933E16182F67CFE3BBFD03065081E9B751D02645A8C7D31C21BD8,500018
com.buildingcraftinggames.theme.park.games.girls.craft.roller.coaster.tycoon.block.crafting.and.building.minecraft.sims.roblox,3675237ED83F6F5DAFC88017E41D51BA798FC3DCD2356BC668F7C44AEF23C635,3045
com.cocoplay.cocofitness,66EDD6BE537588D70D8295625283C6FA26D620DC4E85EB02367E16EE1F7A9059,110
com.gameresort.sz2google,D002EF6EEF5609D73D607854E37FA894FA424A23E1871D2D27CB7EF8A53568B4,28
com.budgestudios.googleplay.DCSuperHeroGirls,C98EE7C9D84C160DD48D8E197CE2337EA825788588A334993F8310C358372BB8,1072
com.andreisokal.ballscontrol,C754A83BAFED5539F1E0C4703B7AA8A513197ED51AE354162B313128BD8B227A,10140
com.hapogames.BubbleParadise,3A77E9E5FE03C197D7F0A90EA51A41528CFD26184093A2A3C3E1A269360C26DF,55
com.lightningstrikegames.fruitsurgeon,AB9549EBF681566F2BE8986E4F265717458ACFB088BC6A8A33AC5B299BB5E51C,19
com.frojo.pug,DF840413D14E8451E49FA30D9AA0BBB2C9DC231314C882424F588FAF577E5DAA,19
com.teamlava.restaurantstory,B2D854AA7F95BBB1D4AD107C5B5D991814B87AB4CC57931633BDCF656CD3C70D,47
com.shape.change,B26297B81BED8BD21FFF575A0C274370D0C933684412C61A548C96A3A92C7A6C,38
com.progimax.lighter.free,3EB3D8FB712FC7CA4913E2714F379AA8AA500CFE74A86F8E15FE97182D20EF4E,34
air.jp.ne.hap.mom,414DFF971ABE2742F59947246EAE1595D5642004A177CAAAE88C4884ADDBCACD,1000008
se.ace.whatif,475BB16799DD9E1C8B8A28296D69E7A4C506F54FAF5C99DF2EB739FED71F710F,27
com.allpixelgames.dominoes.free,442252D1BAA722AC466D53D7D5F30B12A4073AFA6FF8A1AA406C57DEC1A67662,17
com.glu.gordondashx,6211F6E7D95FC0BE2A9DB20C8981D6AF3FD1CEE1D4F289D558C35063C6A1D5CA,20090500
com.tapblaze.hairsalonmakeover,A56495C15B0AC1435F239C9FE6560F2346A5F17048F99E4EE865BBABF9F9AA0A,30
com.budgestudios.ChuggingtonReadyToBuild,56030D461AE14C15FD4AB5DA83081D5374AD7577B3ED1070F346C9B14A5C1F7C,1012
com.ea.gp.pvzheroes,D3E7CD570DC942C3A21DA87026F2F5BFEF4009DD17E1B36BB6F9F8E193A0731E,246
com.spring.bird.game2048plus,A2DB13B658E56088E9556141E2B4481CEC9D268545E9D8573F29DBB7AD49049B,21
com.bearhugmedia.android_magichairsalonmakeover,4C8187A7441600FF63906B1E560B506803D08FD3F02244FC64DD0EA40EF6AD3C,18
com.bonbongame.princess.dress.up.makeover.salon.girls.games,F0806C01751AEB3D3C4B197267C7282526200360D97E02C1BB4844AE987E5BE5,19
com.cocoplay.ponyfashionacademy,CEFE27E46A01C90B2F747FCDC2213D58197A69EDE19F8CD1229273403660FD23,139
com.droidhen.fish,E0AE29981FD072B983363E8BDA21555A4A130072D15B688CAD6E4EC9C4E57EF9,27
com.appgame7.friutsbreak,5B73EB4CAF95A31A3A141B73C549D23025F940F501878DA3DA99CEA80E34913D,573950
com.EurekaStudio.skipschool,58136788F10A3913386A5D7CD580856660CC337F8635723309769BE118F73F29,75
com.mgae.comlolsurprise.ballpop,5EF31528BAE7702FF2DF9EF23CFC804553663B4C7A4F756BFCB79CEC9DD96B17,1991
com.gobit.burgershop2,5AF1AED82D0C898D44F33BCE92114372F15CEB0BF5DF4034E4352689B5DA94C1,16
com.doodletoy,8EEFC157BE04D4EB2C82DE2EE82C42089ECBFD8AE8A36D9245FB6A5D2336989E,900037
eu.softwareworkshop.brokenscreen,F35C073E8CA4E2D8F5158BE9BEA1DE685A419F93E11C8D1350F1D315F83A2217,15
com.tinyco.village,C3362297A380C6C16C9F323E57F275E9A6C640398520D652901CA4E3CEC58874,68
com.cocoplay.cocopony,E9E5D7F5E542D19C6547D283066303C05D58C57D5F2FAC4A1A2C85E793BBF44B,112
air.com.devgameapp.DeliciousCakeDecoration,676D0F90CB0414ADFE6C92550359EBAADD132AD89D07930DA9AF1C78E7CA2144,5009007
com.tabtale.candyblash,6FFCB13543285435454E2F122F8E01573305BF9EED018C8A796968EB0E0989C5,118
com.teamlava.petshop,6944A50FD88C982CD080FC098F094EE710CC73049662267F987F7BBAF52A3D73,17
com.budgestudios.ludorum.chuggington,6AD1D640A9BB12FF4BC6BB4DF4EF4DD75ADF9AD4AF1278C6D9B45A6850E26F5E,31
com.game.BubbleShooter,7FA9AE9A31C28B229A274B522ADB640447D4F050E39BCF69DF61A65E421C04C9,52
com.cocoplay.weddingplanner,6DB0A915B1128A973A64AF3F1750F757D6C5DBEF7E7AB35872016B3A6F193C80,112
com.hasbro.FurbyBoom,6E0F0C16001C7DE164E64D8FD2819EDC5B888EF767A00B57BA557E973CA4AB48,180
com.neonplay.casualrollersplat2,B96837A440C711179F87D3E82D52EAE64A4F24176C6CF51F8C9795502E44B46D,175
games.fatlion.crafting.building.minecraft.beach.party.games.free.dancing.queen.sea.summer.vacation.dress.up.girl.sandbox.mcpe,97FFA6EA48A0555598A0E0CA314E1F92B4AD75BCCDE2A6D93DE9450C35695064,3016
com.cocoplay.cocobride,CD6E43787D99AB3F7811664321115C63EF098985B7E4C68C446C31A76E632389,118
com.angame.gunnymobi.vn,CFEF95E24153386629B23A9616232D0767C4E851EBBE68C982714402AD65DB01,32800
com.doodlejoy.studio.doodleworld,AD401E13B17BF420201647400C11BD8F63E4215E1081831198693EEF84995B84,43
com.magmamobile.game.BigFernand,D4A15BC65AD6A984827C6D3ECB7D7D61430FD40ED3C0E9F3DC69AD10C7C75CC8,13
