package,sha256,vercodecom.amanotes.classicalpiano,A1EBA8D8C0F18D86693A52711C3E754CB67B9586CFB532CE4D8B2EFCB42BAA98,1806272522
evolution.music.tiles.challenge,FEDD3CD89E1868AB7493825E5935F93781F8398469712458A012B00A2E67B2BD,74
com.ihd.waterrace,F5CE296BB87A1A6F3A858200C59403AF68B33742C801FB00AB927D59E3F40145,2010916183
com.neowizgames.game.beat,07AEC2ECD6C8C688CF9915943CA406E1569B13C1BCFE8B4A04F34BA8240B6C12,421
com.amanotes.pamadancingroad,1F7BE2E9DE3BA662E3305E7AAD44EE2DD686139B4A8F98B17CE9401F73835463,300141
klb.android.lovelive_en,0058D3AEC4312DCD9CBD01D36401D4FC5621EE3CAB6C3AF5850C4833E2657C52,1309022382
pl.rosmedia.music,F6EEE3EDAC59A302AE77E6026733FC0451A1F8B747BE06D571FBCD711957B631,103
com.dancing.smash.hop.game.tiles.beat.piano.surfer,CCA23144A566FACE2320AFD0267EECED2D50A1ADC074201498B36FAE7DCFA8DB,44
com.arcstar.overrapid,5C9215D13912CBC8DC8C67476C035204A0AFDE8D6522969BB3C51CD0EC7418F3,1543
com.dancing.smash.hop.game.tiles.circles.beat.piano.beatracing,F028657459A3856F5EAE082B0FCC95600AE6E6BCD077BBDC8949EF935914C925,68
com.coweye.musync.googleplay,FB62ECB4F8B1ABD847A64D1B79FDD3857809B2B0AF4D449108DF6A782BC1CD5C,233
com.dash.rhythm.dancing.smash.hop.game.tiles.circles.beat.paino,E460DA760C2D1555F85B3035D337B9C153DD8F2AA818BAAFC6BC26525211CE23,74
com.bluecorner.dontforgetthelyrics,549CF938AA5F545B1420A13E639FE0A930D0E2A33D86A8A39DB99C7F8DCE079D,1320001
beatfire2.edm.musicgames.gunsounds,8B88FFEB293167874AC20690AD1B07F1E5C1E2424EC97F046925A769E795A647,74
com.gismart.realdrum2free,6C562CEE11ADEB812085AF18AD6D24B6A69A563FFA14A143C3C6AE19B1C633D9,3388
com.gismart.realpianofree,D892248994EACC2E55D837CFA7E6A10347945753037CD965DC2CB5D731C20C11,670
friday.night.funkin.fairytale,D1D6E43E82EA38AA81615B0F77ED7BADCB3FD26B40B507E91DEA442600E2EEF2,23
com.prisma.kpop,912B9C6ABF54958E3BD457C3ABBD7F6A24015036AF7E17DCAD79D70F2986880D,11
com.amanotes.pamahelixtiles,EFD09ED1490CBE2E26C5F797586281DD7A2A7F8C68ABF117CF8328F95D155CF2,250
com.amanotes.pamabeatroller,50A0341CBF3CDE0CEE287F72DD3C3EAB52B4382739C9353487A932B463DE94D7,127
pl.netigen.pianounicorn,2BB8240CFA0B5AF604E6431F1D6842A32DAB9FAC157F3CB7F2D0F03C8F83A44F,10312
piano.magic.tiles.hop.duongcam,F8C2F064E4669FFFB558B1E504E0DE7E5F3FCCE0E81E8AB4B76908C0E166D16F,59
com.gismart.piano.games.music.keyboard,614798B7F78F37E435E45CFCA28A9C7163FF872AEC4C18ED53BFA3F11BDD8D2B,281
com.joyjourney.PianoWhiteLittle,9101F3AB9653CC1DA37038478E201BA25D1D74106EF0D2073F8B64A9955FFAE4,77
com.hypercat.fnf,C9E9AA3315AE38E966E82624B27F537DCA372C81DE529BAB396F817F1EE06D10,8
com.platonicgames.sweetsins2,5F473CF56986BC8218C98286ABC4A63F5B538DCA4F189350325711B8285EDA3A,200122
com.dot.beat.dancing.line.ball,23DE92DDBD05485C9483076E4AB615C607F2EF4E114AC3F9F84045A7B61BAF3A,49
com.amanotes.db,79D73AAE1D7FCD4336153A01B4450A2C861A799430CC2A1BA14A0FE94FFE276E,2011080216
com.joyjourney.PianoWhiteGo,A8D608E204437157EDF3D31A62380496F58CE9667EFCA42AEC734DEE4C234577,20025
org.anddev.android.solfa_lite,B33426F9B2E31AE3501FC5204B1FDB3D51CBACC10367C1B09913B8B4315C1F04,44
com.dancing.smash.hop.game.tiles.circles.beat.paino,4EC164504FF8C26565FDF82EA81249C3B9211C01602B233C4CF4067C81475E9F,85
com.timbalespad.cinta.timbalespad,C7786F1291C3C53011811DA7C7BC6840AC8FEF724E5E4BADD68DD74B484592E6,22
harmonium.music.gameg.real.harmoniumfree,2CA400E0E6C8D862CA95CCA5D765257D79D35AF15FADE3D43B0C461A1D23E970,33
com.ssdgame.spinrhythm,71461AA601A0066D839E8F58F6C3F142200DE1E89E3AA7BE5207EF6125B226F1,1490
air.com.freshplanet.games.SongPop2,FE22897C37B6D15AAE096DA4C12D3C20AE96A3A5533B34355DBD01FE5BB0F77F,217019001
com.rinzz.projectmuse,7A35BECC7691D8EE6BAF5509D388E80F73EFBBA1A18296F4D5A38F219597ACDA,580
com.ovasoft.pianotileskpop,021D3336A8592DBF2E284BD53974E035864EB482E3EF3A7F9007AC2D1BD1D0B3,2
com.kubaflo.JakaToPiosenka,2C48A1A8A89D3A5626EFCF5C0D67B07F7AC37180F28B75CEC8E71098E377AE4B,45
beatshooter.beatshot.beatfire.edm.tiles,4B7081E1219E82BF17FE138F8C4CA7263101E3B8E9492A92BDA5435773144549,63
com.invictus.giveitup2,024C32F3D216156B3D7C425CC0B2C108C7FCB96F546A398716547F2E8F5041E5,20011409
com.gismart.guitar,3EFFC4D5E5CD23862C16DEA81E2BC0ACF8E56993975EDEF6B6CCE308CB11667B,12449
com.dotnbeat.dancing.music.rhythm.handspeed,180D4012F439667F7EED08E1F8A8E0F2145EEAE3ECE284597BD060FC2F0EE759,170
com.game.jam.dj.marshmello.music.dance,8DBA2CD18638E18F5E0156BE4C01C15111CC6B43BA3908ADD4B155C12FB7C347,260
game.piano.black.tiles.music,0BF9632B10882036F562690795E93037EEA0267BE1A0366568CF4018366F72B4,47
com.bigbluebubble.msm2,78BD07B77BFA8F86406900EA6997E2DA6DFC629565A48D585D0D5E406B591D4C,181
catdog.music.tiles.challenge,790F78F62316D2F1401FA078468CEB4A668DD29BBB8C2EBF48150DA5A0C6180C,28
com.nojoke.realpianoteacher,E58952AD25F697C45DFF7C0C23E44C079B279426D84E9B4F70BB78FDD8895724,75
com.klab.utapri.shininglive.global,157CAAA98E0696E499ABCA1AD252083030C5380E6B2873A37EDE1FD1B3E371DD,123
br.com.couldsys.drumsetfree,242A6675F4EE9A2335A220E584C938C264AF9C9B9FD0BEAADC3CFD68EDC0CBAB,28
com.thrustinteractive.fanlabel,B93C5E9D7B393FD32D12FBB5DF1F98612527C6AFC39939017716E269F06B8824,40000360
com.amanotes.pamadunknbeat,948EAC46CCFF2D057E75AC2B5983D4EA41549FC638839CDE2ABB895E2F6BD2B7,100
com.amanotes.pamainfinitybounce,75716F6D1DFC165721D319FDB61ACFF8A272E543C297F2901C3AF284BF7AEB2F,21050512
com.musicheroesrevenge.pianochallenge2,931CFC8D2601BC396B1FBC92C797A5025C494DB526AD45B0C05A58A98F6B4B1F,1806191902
com.lightsun.piano.tiles.videogame,6298F630AC2787745749408E82855C866CF157EE65DC7965D6358A45A63876A8,85
com.yuusuuf.kapi,02E0F8DA8D7180AA76F79EF15A08A9CBB6418827B0A7A8991899DE4D05661D2E,1
com.youthcontrolgames.MIXMSTR,02E846C76284DFC0497468BB24F3A6B0C000FD05E28549997256EB2971DB5BF5,519
com.pejuangskripsi.twicettpianotap,562485B57E51E7CDDD74FC93C3DA64358F5298C34ECF866CB27FFB15F0EC0243,21
com.youmusic.magictiles,3BCD1246EFC71EF90BC3B9A1C2B3F4A5A43836D6B9AAA72338AE0E4E3247C7D4,2012441643
com.abi.fnf.musicbattle,30E90554D52E788DAC41FBA278560B68D0535766C3860F3C58BD42726E7F3A67,18
com.Music.PianomusicTiles,030E4B224FA493BCD7A966D715129484CCC1246394D5E27C93A0FB1E3D2B33C6,1
com.telea7la.arabs3oud,DDBE0B036A94416AF7D7B171887A866803F05781247C0B529E45DA1626A98C4F,1002001
vocal.music.tiles.challenge,FBB1FADC7C0D02F7BC82FE952D9DFC97F92436B4C4822957D347901AA4227E9D,38
nhacviet.piano.magic.tiles.beat.pianist,0503A5D00F5D2702C3A58979E6CE0EFA90A54F8EC67F619D6F1A2821EC16CEF7,51
com.bigbluebubble.singingmonsters.full,045D78AE56EFEEDE7ED895A05E4FB24E79AB6E30C82017F41103F17B1036CE35,256
com.fgz.us.police.eagle.robot.transform.flying.bike.game,E0BF1F62DF3C745977BE785E3D9E5A76F6564C445D1C7A3A20479F3C7E69D0A8,30
com.wuteam.game.pianotiles,9EF306F0F89D066ADEFE5B2AC17E0F5CCDDE7C8C9DDBEA55BC02742BA7A1E46F,107
com.zarapps.lagrimas,DC62BF6287083014C7272A46B76ACA472B107B304E19E0B038FA4B15EA9451BD,4
com.euapps.dubstepdrumpads2,B81D67D53D4BF36CC1CFC2967DAC41924D9006BE80815FE79F607BD485E2A550,7
com.amanotes.beathopper,C0B1E03B85CDD922A7EA4643FEE89E75CAA00DF0A00636EC05C71F623A6A4BEB,21100624
pl.swiatquizu.lyricsquiz.android,AAA114E369D5C50A063775315196F45F74EC2B41E15CECCB25F543C0138B39BA,200005
easy.drum.pad.electro.kit.beat.machine.maker,1C83026DE18F3828211460799375CBBF024E2522B8F19705D05A651DAE0518E8,41
fr.progmatique.notesdemusique,96DC40A25999C78FB74CED0B70F0302204B8E83058CFBD73BCFB762E688FA427,74
com.game.jam.beat.saber.six.nine.music,54328AD186FEDE1099DF182A3407588C95396CAC0BBBEB6A3EB2AE32E0571747,101
com.tr.example.kirmizibaliksarkisi,BBC882CA06897765A39F8E769DA126F77723A76905E8BAF69DC785FA17945300,33
com.amanotes.pamacolorhop,E3C9226772761A69BD0282CFB1BB9EF800875FAC498297D8758654F14FB2A698,200243
appstamami.piano.tap.tiles.music,03C23DBC3FAD48C2E5C77D0610E7C48D889805A0118253C7A92F00A003C1257A,301
com.orange.kidspiano.music.songs,F1DE2A75C8DEC20679B0EAD782DF5CC70BDD3401F931C5AEEDBADAFA5B11561F,285
com.kimjisub.launchpad,08DE7BD4B3FEFCF86CF8EBAAB2C2EEBEEF216EA4F811A85F486D68DBB7999A0D,75
com.bilkon.kidspiano,A437475247F3D8FA8D765BADAA50F3414DD26D21C65CD5924D2FFA12C44620F6,20
fluddokt.opsu.android,A6A0DA8412BE8D06CF861951A9B784F5BD367457A89A88F6B7512B11C6A614B3,48
batalsoft.drums_pads,18A771E4BD627CCE884C008FAC37C8D61C998FF3700C51BBEF934E78A8D6CDF0,26
com.amanotes.pamarollingtiles2,2A3C0BEB6CED4F32DF8E9855CAFC45396988C293B134BDB0B4A6CC4D60C00E66,200512
com.amanotes.pamamagictwist,52AC60F25B4DABB049EFE20CF34D4092E59C09374E2808EE6B4BBE35D1810C12,3000108
com.Zeeppo.GuitarBand,119CEF5A0F898AD4340E3BAB9C430B387EF540C4EDB78B444B1DFF4CA7BE153C,400204
com.pejuangskripsi.alanwalkeralonepiano,BA6E4F5296E865E692305BCDD21DB3A7B490767DF197871602C6A130B074EC20,20
com.telea7la.arabspiano,2BDDE14415D49A2D7D8E2995B3B196577840390ED0613513109B65BEA2F4AA68,1004004
com.sideprojects.twerkmeter,184BE81F7AF1EB69A79D846241DC76826FD9D85CFE50E9F3D05B1A2F17DBE073,32
com.pejuangskripsi.viavallenpiano,04DB5D6DBEB17FC5F892DC71F7103068F71DFB4C76F9E61AEE3F3F5428C4CBFC,22
com.estudio.defunk,050B1B1D18B84BB39D0EBC88288383B237A28BEE6DBFBF2F08CEBEF52083DCB5,22
com.rayark.valkyrie,84A22DC2251639D9AC0769CF38B2D2D327EBA1BC3FE90F063CC133F5CEAAC3EA,4353961
com.dropthebeat.beatblade,C6BCE25A7B6B37B2AFBCC8B620E99893F2C462EEF4E468C8A8AEF5386A2D9D71,307
com.genius.electricpiano,A4CEA946967D20FA9183C3F6AB654D1D33C13F8DFEE3EC8353C5283D1D29095B,19
beatmaker.edm.musicgames.gunsounds,886324E357A43F74092961E24E889A4098EBBD33D27BDC74667A1363B7D2C744,97
com.piano.newpianotiles2018,E002D971A4BCB52B3582E01A68FB2C73AB45878155E01F195FB5CE8DD7DC2954,2022
air.Popscene,19971D7CBD78E6343FD2D34B07E441A554FD36F489EA365CF90BF09F017E0BB2,1249064
com.gex.dodgeemall,63F402B1B02DCD18F5B0D1CCA9A5C98EEB4A7C1E8EEE880DFE76291AE899B05E,8
com.games_for_rest.drum_kit_third_free,1A135A27EB22F1F2AE069CC775FD2C774EE3E5BA08AE03489ADC39B712C24DF9,22
com.opalastudios.infinitetiles,059ED3EF46CA5EF36A0A5AC4BCFCD2E9D271B04BB045FEDE596ECA5FD21C837E,135
com.eyup.MeowMusic,05DBE0A32582FB96493D8CEBCB2976FFB0998C617DDC2CCFA47D2518706C9124,16
com.indocipta.kidspiano,478DF953953EBFE7C9C19EE79AEE11CCA980A47BC2CD3A1DDFCB8B879684BDB3,22
com.pejuangskripsi.alanwalkerfadedpiano,C44A68284785235FC5308F2B8FE0E6662B2751F5FAC5E4EF3B62452FB46C2628,22
automation.test.soundboxfrance,9533721FE2B615BA1D7A02E16CC469998477E8C2FEF52799D3E5E876CC8A157A,156
real.guitar.learn.chords.tuner.play.songs.tiles.pocket.rhythm.game,1ACBF435A74816FDA6B2418D567CE6C84297ACB2D7539026E97F0BDA4D9E9DE7,55
com.amanotes.pamasplashytile,438D5B6FD1F81EF7C0C432EC98A53538C3EF1F8802F3E5BAE66390D4E22D3F7E,230
com.tr.ysfgame123.blogspot.bluedrum,7EB1963105C0F1D46EEDAC72BEC381EE98F140FC983E88D6756546B329996824,27
beat.saber.blade.rhythm.sword,92E3E1A7315D3D7E3059264956809C7B206544D3ADC1BAB16CDD48D7B152C4FD,35
com.amanotes.pamacitygangster3d,B2FA210BAB7548BC945A21B15DF834F053288B7EDB2068198ED98CAA19C550D2,21100618
moe.low.arc,98525CAE65FF16FC8EC2A7003EA9CC4B28CB4C3ECD1DDE5A0ED90D28A06CA069,889974
song.piano.tiles2,069AA611D463A9EA29CBD8D995295E1BBE536D84440B1E84996AF9325537602D,22
com.neowizgames.tapsonic2onstage,59C4046AF7076B6FECF753CF870456CF84707454504574877B0FF904698F779B,4006142
com.dash.dancing.smash.game.tiles.circles.beat.piano.rhythm.hop,9AE2552E33B774F5A4A5E07D7F5D20EF6CC240605E9D49AC81FA03D9EC0C5B01,27
com.twelvemoments.musicparty,90764FD184B4B3317312E4F68E2255891AF4F92E04F581BA1D8B39C68124AE3A,174
com.dalcomsoft.ssg,678CB20C26D44C5D6E0F01333164B6BD554C3D0836C56009E9FD21DF82696417,14
com.rayark.pluto,EDE2D187A20DD040E4E2AB10ED627040078C1BAD726D8AEE20D25639F65CCC2E,1012140
com.amanotes.pamaaquaparkrush,0727D9F3C5E1721DE62644EF344DEC7E15426C6A64B4CC52E987C2EF1FEF2689,21061119
com.Noxygames.Lanota,DEC0FD7C2A5EB6A2D7AA7881F3B2706DE7FC4465986742BE1D8CA495A5E19410,206026664
com.binaryguilt.completerhythmtrainer,C603006FB47175282CA24CA4107BCC108CD515ACFD7BEA5A2EBB8EEF8AE967A8,117076
com.imult.musicbears,251BC26330445CE9E3030E396B7FFB0FA2FFAF89A24B77A39D509CF34226D89F,200220
com.yuusuuf.picoo,AB60DFF14E9C2F80603A6FC4A2E64E6B368519CCF408E9FBC7EBB4542C084F4D,4
tap.piano.beat.rhythm.tiles,E6D43470B8A4C119216BD9823DFD9E81ACC8779463FA5B2D3B52FAE3D95490B7,45
net.wenee.beat2048,C8EC643405D84C412802F2445D57290B86469AD246F56FBF194A69C49FA5EB1B,200120
com.abstractart.music_racer,92169B8D5EDBB7904269F4D54D4D694FB5910451431C3A86873E25CEE075440E,1182050
com.studioHU.BeatCraft,6450B91F9F3655810469DFC171A522EEF483E990B15AD5C2A8267C5322E0F5BB,163
cos.mos.drumpad,B15A6A51646C061B0B86B786262FAFD622C1E54576289A6C2ACFF9563E08CB47,22
com.perplelab.rs.g,0BE7044D7142B6D6AF70E76080F5C13E5B176CF0E06850602179BFAC9995AFE4,39
com.genius.harmoniumfree,144DF2626CD1B4949CE0F9263A4A0E80E04E591FC9C3F6913C181771D4FE7D8C,28
com.music.blade.beat.force,8809B26229780D395050C47C9BA1C07F62CAD15283ED9FA74E26FB2FC26341D8,54
com.grillgames.guitarrockhero,A580A253D99B9E5B56354C83F1518DDFF9E53ADB2B807E92E9845E2D5384A580,7002011
beatmaker.edm.musicgames.PianoGames,CE5C809FDB5641623618793FA71BE091E6E3C53BA9599D20D5E11178E7CAE35B,48
com.smgstudio.onemoreline,2F0D83CAD6EB170691010FF554C312B59C567D00BBC572D91E91F14B33C1D597,88
com.nullapp.drumset,D24F44730975F206CED19F3276BC887B1DE6763C421D252BC6A3FDF7578B5A28,64
pl.netigen.pianolessonskids,9FF5E948536EF750B29B2F3B28E421612C10C4E9BC3EE5C9CA79540577C15A64,10313
piano.music.tiles.challenge,31258FBF3C71D6DC26E4C730C3D702713E7CB52B328C0335C9068F7B77F8F7ED,49
com.kassanity.dashysquarelite,CE6D5F360E907E526296BDC6D1EF8D4A1DDB24DC2F41355206FEFABB580BBC23,81
com.TeaM.AvatarMusik,ED271A15C39B92452BC164044CFF2A01BC2088422A24BDEA26179190C8234822,82
com.magic.piano.ladybug2,24F8DE4AAF4ECF1CCB66C283ABDF8CFCF0D2D41BC205998FAE31807E7E0209FE,5
com.mauroapp.piano,604A5AE3CE3BFD06FD6708E8E175749894AA3E9C7EFA1473A8C34D0116510F0D,13
com.imult.musicgirls,89E4DB5D04173E5D678660AC082CFC508783F3AD0113D3EBAF15BD07B7A3C737,480
br.com.couldsys.congasebongos,14954E26B494106F3C0015EE1CAE30CF41A722F4168EBCFD5F28377F70F26233,40
com.bushiroad.en.d4dj,8B81FD8B6C895A550521E02DE7AF9EE91414D597F891F7EEACEF22F44FCFD2E6,23
com.snight.undertalemusic,F305AE8BE91FAB32B6BAF83FBD75B389EDDDE6798192EA1E22071C139010DEE8,17
com.bu_qaysi.qoshiq,BB40CB546F170707DA4A6DBEB919EBC0752500F07BCD6342863A6C837F18FD20,7
com.yuusuuf.ruvv,099FF003B833B7ADE35A96F87639081389C1F9C3B792A7EBAAD542F660B01922,5
com.Test.Pianotiles,09DDA3D5952AE607A7C04321B89B7861C23358C407BB4E2BBA0777999C913F4A,11
com.jsplash.musictutor,FF7B03674B0F3358CC937348BBD4F78732E44D3F8FE3BBEE392F1B30697B8C80,48
batalsoft.bassguitarsolo,D94AE4D6E6E0C30B1E6511E6184BFE7336911711467CDA8380E57F4C7426AA7E,15
com.dancinghop.nowunited,8357D41DF495279A4A01DC5FD10FD1F5C81E7F275ECFA436D076BCAAC9D374BC,8
vn.ninhkidd.bestkpopever,62F2FD070F218CB2DD3DB1F703F266962BDE49F47087ABC5D1AA3C367DDA5B7E,64
com.game.jam.racing.rhythm.music.car.best,6714E4DA5AD0DC5B51E9E2AE192DEF448795611AFFA3630F3515D98D4AEF7DF7,105
com.binaryguilt.completeeartrainer,110E790E373500D9CC82EEE539BD75A21BB862B6F7FA9FCB5DFEFDC9FCA352F6,117128
com.yuusuuf.wttczy,76F8A496C95E5CDE1EDAF16E69BC75B15D79C65B3B80B10F4FA04B7AE7E476DD,3
freed0m.dev.drums_free,9DC0A7EB7F40CCC1BFC62FC6C8CBCA3014BAB3FDBA8C4C9EE5BE978D62101404,46
batalsoft.powerguitarhd,7FA0DDBE3F2ADDC249492BA582FA7660CE2D822238925C67FB9B2C8629C0312B,31
tr.com.alyaka.alper.drum2,EA649F90B081F3EB87695AA989C588359BD4DA887E5CAFDC92FCF7655295E82B,10
com.wuteam.game.jumpball,D2B330E3F314AF36A7BA4047CB829C1FDA790CFB4CE5A397ED6916E712C759B0,113
sk.maniacs.bm,D9F04C8C10FF186998E6A1C53AD1C1B958DEF9CA3578B400C84D5081D4E9B7E6,138
com.rayark.Cytus.full,CC55828E47245A61EB675768B19D163FE38EF11286A2D2EF379DC964E7829765,1003760
jp.app.ebs,F1E7F27DA5A32B333C719BEDA5EF5012D0921EE5B9CAF44C8A01097F461EB18F,179
br.com.couldsys.masterdrum,9F16CE8DB20E2580721BBF11DEA5ED5DE4C40F881265F6BE79AB19C89E5D2A52,34
com.wingsmob.bluepiano,83BCB4409ECE9B37BF5112E217AD8CD3AECFD3F90A87C2665B64FE21192C4B60,24
mbira.sansula.pianist.kalimba,B2697B6EADCF19EBDFA228C55B1545535111989A4BC7016EFB3CB3531918C72D,42
com.paino.alanwalker,43B445499660EFA3A2C5654F71AE0C995F264C37A0AB25DE22EBAA2A27F87AB0,9
com.YOZHStudio.UPianoMasha,283100667F0905EE30758215B9EF30B548282754A761A9285542EE83340F1F74,17
com.dabdaagames.friday.funny.modes.sing.dance.animation.all.in.one.together,8728A7D3E53B7A18244555D828C9A5ADA1F3A8EDB08533240A00ADD24DFC6643,9
com.sonoscore.marimba,0C72448E548C2555FB1F5EFA74DBD0D8D0593272FC3168A8A7A48C3894ACE146,31
tamer.android.PoliceWireless,235C5241E8933DDB508D849AB272A91668626839B70FEBF2BA97115A93AE3175,8
com.andamiro.piume,AB9A16E9E626D774676F50648C310B5E1CD2879E296EBED08CC7E8DFB48D35F4,201620
com.bushiroad.en.bangdreamgbp,E47A0A9AE5792827A3A792EAC310D7DCA8D7A6F56E0585315D2A7243C5D0FEA2,84
com.bhima.piano,1F2B84594C646743DFC582AB3F82B810C31C79314D7AA84EBA980A9483346E94,8
com.quesera.kalpa,D77C82E3D4464C69D18B9AAF5DA000BC7C04DEF4519C3E9F7DDCF5952B305C1A,10062
com.approver.pianohero,73D14ACC38E2E5BC31BCC53E57DB1545D2C1607D20EA08C23B71B281C5882753,410010701
com.appquiz.baby.musical,0EA94ACCB76F3B73D0BFF6F81DA838C7309AC300D59F69AE6FF1855FD669ED5E,71
com.rev.plugin.keyborad.sawtooth,0D428749C024BCCD4EBC3C121FD66F7A072266303ACFF4B560DED1631909A317,1
com.binaryguilt.completemusicreadingtrainer,C8F9E108E0D623F7311B80EA68F6FCE287D248C7A24593C9F3B349F9C530EDD3,117070
com.gameever.litkillah,420CFDA99C718EBBBA7D0967C2F7FCE02FD80FD8F2D3CF0F7796302435794DC1,360
com.c4cat.dynamix,94E1200EF2B32DFD2D3374E46EB17588F5458F5973431488BB5509B7648077AE,316001
com.REDIZIT.BeatSlayer,2F783710DCF672BF5539FBEC74E440351AF180D709B9F0146870055CD0A02E1B,68
com.drum.drumkit.drumlive,2C556C302DC3E6A8B0DA3D03745F6FB3C9BE9C7660AF20C819A0C051020A0EB7,45
batalsoft.drumsolothegame,74EEBDE33206D8410F2765B1C916DE2F6D46921A7EC740A9936151283B5FE0C2,35
com.eyu.piano,413CE7A1F4914F2098AB48F07C7A008DBC2842F7365BC2A8311E3EC6ABCEF3C5,1080000
com.justidle.fnf.music.mod,A3D5EA91918B1C2CD2221C00A6AD8F3A8A74F8EAF472AB9DD30C68A9AA25619C,19
com.superb.rhv,80DBE2436FF05764AB64F212DFDB4A73FD5C386F825891CDFD8457FEB97E6076,49
com.perfect.real.piano,0F8280F0BEC7E732A68F6ECAB37558E7E6E1D80569E1F01068F3ACA7849F4E45,16
com.hmg.gymnastic.star.dance.battle.girls.games,BA32F258E263DBB5A17BB57F13C18F0D212BF3499CC679823FE6ACD99DF05A5B,26
com.funs.beathero,0FC21280FF9C73E80B62CF9734743DDD3DA59DFD46B0B03E02889A03822E5578,3
com.nullapp.minipiano,FC99E58FFAF71A5E466AAE040F32D295EA81F2A37CA7982031752901540F0F62,8
com.eyu.music.tap.tap2,C2CD1D78F873A14931E53D1066E08215EC9E455749CE383E8FDF6F76BB2E79B1,25
com.FM.Electric_Piano,D6C12ECD5AFD9F99653E8AA8E2638112F40AA75012BAF57669C3DF4647A023ED,22
se.hellothere.shewantsmedead,18B67E9C2BF6D908C35FB11C94DEDB5F87D5B8299BDA28FB48981838E7C94EE0,19
tiles.piano.anime.music.tiles,EEE0DFDA922961C1B9B02A9F4031C999CCF6B829684EDB223CFE47A7B9D0AED7,42
com.float32.themelobeat,2B77FFF78D6B1E5259C152DBAAB9F93710D8A02E3B212661FA7500DD2A705CBA,62
com.muchapps.balance,974DD260D67C6CA4268746EAFB6C4CBCAC3A3145885C8741284918C7CD64901F,32
gendang.koplo.joss,10746AC1551829A33B0E88BAA6B6135E57B034A2E3CEB93A4DA2FC35AC268907,20
easy.drum.set.free.finger.drums.kit,3C2A590325200616374A6143264B78766E9B1C723FB195E78B64A78F7EFDA065,35
beatTrigger.edm.musicgames.gunsounds,F69CB3CCF6057FE0AAC685937F1E70F71E5D5BC93DD782DE43B57E79F5AE6338,33
com.catsounds.tigerlion.meowkitten.talking.grumpycat.free,10AEFC70B534C8EFFC80ACBD47962D3445D96299D3A6F531C30FDE147089DC2B,100058
com.genius.accordionfree,4CDEC829D571302C734A80E74B9D6244C4B901FECD1BC70D52798A146A07AE0C,19
com.amanotes.magictiles2,5AED8EC4F9C47185B11B6FB0E39A59F0AD1D354DDBECA6C2198F1BA2D86D25E8,2028521731
ru.projectfirst.leo.songs,4BAE0E266C6A6A325AFBEB9A9A3BA9C67467F8E6734633DA1237C0BE6D115780,209
batalsoft.xylophonepianoforkids,10F3D7CF11A3230584584BE8116A8549DAE7E75D07B7966D7EE125FA538EB120,16
com.rayark.cytus2,10F8D6BA0DA051EC4611DD2CB838D9D2B984731BB992F7549240A12180415B4B,16292400
com.orange.musical.game.kids,ACC7CF39411CBFE993B58C2B0AC082D1BF7D621426272DC617A2C8243FC6BE19,28
game.piano.music.tiles.challenge,37E51BC9BB8AFA0C0202010180C283E8F4BC8BC432B3D7CA8721E0B7FA46AB2A,2030
batalsoft.bongodrumshd,473B37A678A7B8B83A4DC42BF01929CB532A19EB482DE51642854EC9313E2210,21
com.tpgaming.blackpinkhop,ABA50B62B2F2FC1EDA601726C98A94BCA339962E851442F7D0660624E778307E,5007
com.piano.paino_music_tiles,12C1D353038F359A286EE3C33BA4107140B21DFB98803E26E4BDB6B42094E5DB,2
com.pocketgames.musiverse,1CAFA637616B9B2233A3690B322BE3D8B27C4A5A045E04E122B25C509454404B,10213
com.genius.sitarpro,3943E8496A56CD625315C2DE81F4E69C7498379A53E407EAAB3FC57E87BB627E,10
com.sonoscore.harp,44DDB8B5F307124C5C5BA951BEF536156787B40B1BE94B51385B4CDA7DB3319D,11
com.rohancreative.dancing.planet,1C235A75582E6602999B21A9ABEE14EBE984B77B65C5F277E3AF483424249FCE,67
batalsoft.classicguitarhd,175B5647DA9242F0DF50D874734AA0E0CB610F80CF2218229D5DE797874F9823,30
it.b77.pianomasterfree,C2453948BC145A0ED70F8AE404F0E262BF15244792EF0A1E617B4D8ADBE475D4,37
com.uyugames.tapdj.edm,1338F248D9443B6AEAA567C0A4975B268E8973F19FA8F5C362DB7EC3DD7D2656,18
dqv.cpu.pianotiles,31A62E2F9F6EF1FA2AD94D4F6A2FAA35D46B09651BEE9EF57BF148C8E63D4461,10
com.nullapp.piano,29279343F6A0615600D25B33E46A30213124D3AFB6C8811865B00D97D2DF248A,19
vig.game.guitar.sing.hoc.dan.ghita,1353601B247B02FA4B0B2AB74F95897B84F70BE309706E446F93BE5EFDA802BC,12
com.innovation.gameofsongs,13C2B6823AD8545353C2F520EB2BF9D6D9F77376B0A2E39F940A3C79C6E1F435,2020123014
com.innovation.magictilesvocal,13DEECFE1640554F0E7849C1624571160FE1FD385305440AD700B831B1B57D12,1911141713
com.superb.pianista,EE9522BF0E07C1C34F2C5C43E1118D70F3173F8D33881A0F592265B93EB4A112,140
dancing.hop.tiles.ball.dot.beat,6CFA05203DA0ECF0A23EC6F7DC0E16C3EA745BE327B70451A6357F13ED5F8892,41
com.sixmonkeys.HopNeonBall.tiles.gp,B2D61AB84C6E6E243C6C5E643CF9E46CDCD978A0656525C1447FE780F2DC0107,19
com.spaceapegames.beatstar,47E3DC0B1CF55DC190D1037FA16434F019A9FC6DE0A919094D5F5F9C95AF4F89,1915047227
com.famousbluemedia.guitar,1981494DA3E11C9E06C97C8E81368A0A136D9A90E51533616AAB30229A0D5C1A,75
com.indocipta.piano,1450F6FE1C04F9006FE3323724AB4FE02662B0E987AB4605B1D282F348537D4B,7
com.dalcomsoft.ss.jyp,3AE7D6D50B0C212CBF1BE975429A5AB6DC06B96D233A2324D47B15AAAE6ECAC2,91
com.guineapixel.rockguitarsolo,1481EA140E62504429C884A156108699FDE6580D893530C55FAF2ED41220D7F4,14
com.music.tap.tap.tile,53FBE25174C4C447C29B4BD06ED156B1E442CB39095B5C5B2E603530F80D9D88,58
com.jasonpujeda.budotsjam,14D77C83D05F125061F608AAD7371CEF822B23A7ED6B8BBA2627FD37F92AF342,2000002
com.PSVStudio.HippoRockstar,D77EF55BF20A3D251380736D1905EAE28566EB1892A0485B62A5A945DACC9356,20
marchmello.hiphopmusic.com,A3FC16C97F5158559B644E57E07FF2A650A14676A7B2F755341F94797FBB3852,20
com.fortunastudio.pianohavana,1A9C565008F316FABED2BA25A090BD974B8061FA50A451F26042D760026F191B,14
com.androidbuttonaccordion.free,FAC297F17852AB4208264AB77D9FC2779669F5B15DF673131737DFF72FF5B12D,107
air.junglemusicfree,B6E9956D72FFF45420BFE7C1DC5A7EE9537BCD79BE72AE93B235380DE709F08C,1003064
com.yuusuuf.ughh,1611CE431F373800453012F32EFC1867A2ABF097A959470D44F0E30999D2035B,4
piano.amazing.challenge,45A61D1FE2A8DB46FA51ADA5FAB21D8D7973969F2F233BECBB6F5A8893A42C90,19
com.pugsdesolutions.beathopper.infinitybounce.dancingroad.rollingtiles.music,47683108B2BB0DAAF04BD2DC87FFC35FFC3EC49CD274E1B046C395E0541936B3,30
com.dancingpallbearers.piano,1675C6CC1D1B0B242F9BB1930AAC006B0976C8292F89DA3647C70E51A0BFDEAF,6
jp.co.applibot.ghmabgzaxkx,DC1EEA553C7B289F274DAE6868281E077B8FD6BD7372B25A7C30C4E1BC254918,170
com.amanotes.stackballedm,4F6E65E67F7EDFF3118D9AA1DEB3026D18BF621C8F2B2089A50F120B204C494B,90
com.eyuponer.colorfulpiano,BF8C682D3B3043796E04126014C4F6D97650BE557D73090C777A0DA296D8A74C,15
com.tt.toddler.songs.tunes.fun.games,E3774EDA6865A3881531FAB8630EB9335034C468F1C60848145AD5BD55493E82,21
com.webruli.edmdjgame,A5BE1ABCB688546D47A4F98F1EEEC0D04AFBA3402324E7E95FD3597553E8FB31,46
com.Piano.Music.Tiles.Ball,17EC989F25EE509FE8EE900441BE6D00ADED456A0E688204D20652B7B29A5087,41
com.grillgames.guitarrockhero2,E19F652426C8B7F42C52D257084942357A13B2E88E50E7762F2B96C5E132EA42,7002011
com.HGames.RGHero,A10491FF1CBD7C5A04D929D229C50B2B0FBF494C43B5ECE49393F60D50F9DC26,71
com.telea7la.qanun,AC9888DBD13372314C0D96088AC6E622E7B1D9A3994310855E9182D1ECA0908F,1000006
dancing.music.line,371CCD35DB906DA8D0781EE7B7D6D50A518A652F7F5AE3A84CB3195E025EEDAB,11
com.voxler.ls2018CompanionApp.PS4,DB12308DE6D0F06C8ACC71B3B4BFF6FE2773428CA0114EFC087F726345A76581,200054
jp.co.taito.groovecoasterzero,1899DAAEE4196A5A3D1516D8545C1BC63FB9FF6799EDA027D97F49A81FA0D1B7,70
com.hasbro.dropmix,9B929043AC11C31C4070D94886E18C5D2A6AC6677675087D3CD30A5D8D9AEDB0,21
com.approver.beatjumpy,E6566CD01E22C7BD4FC8E39F8225C50015D470BA26CF27E4036F0DDACBAD90A4,410020300
com.music.game.bluesky.fnaf,F51BEBB776A6010F103A49F11A59891EA62E5996506C2A9FF9842A0AE2E0A6E0,25
piano.dancing.tiles.hop.pianist,CDEC5CCC9B55436809EA8D3FC3B87080064EBFBE56AD2EC4E2387CDB00656A10,19
com.tiles.dancing.ball.color.light.song.game,DDA6021D65BA3AB5B93A18BB0ADBD24D329518B7ADD3A0C6F23A0D61C1383A68,3
com.games_for_rest.drum_kit_second_free,2BC5EB257BF9F56252E9ECDF3363A825C3E328C1511C67B0FFAEE44CBD630D49,19
com.kpophit.armybtsgame,3881CB3C8C698683031E024B38B512CD39967A202274FF6CAAFF8B0221BC0203,29
com.onbeat.piano,2C92ECD7FF464E4155503578134BD71A37614317D38FB6CFA0A8080E4331A29A,28
com.games_for_rest.drum_kit_free,A46442D60ACD56EA0893321B17133261A9904AC105D266DE7FE287F71365D362,20
com.luxetecnogames.mymusichero,812F2B129E5F2139BBB174FA635F47AE0FD8C2E7F44D4D6DE8216114AD1A0BE8,5006012
com.undergroundcreative.superstarbandmanager,F72B169E87D6DDA310480B86DE6FBAC7E28A35A32682F2BF6EB6DEA597941F82,4316
com.blogspot.euapps.skrillexbangaranglaunchpad,F5DEEDA14ADA4DE619DBFBB92D80E84F948C0B1399500D1162449DBA55E7912A,8
com.music.game.bluesky.xxxtentacion,A134D734F719AB320CA9009992B9A790C816F11AC634399380343B42AF265D92,29
com.os.colorball.push,4422AF54A1B69C21B7490ACA95553294E5FF6F17BF3783E0B21A411447C96018,18
com.indocipta.kidspinkpiano,CA35F277CD4AE07CC788C343B784554D406B6AD1E9052981F5E37FCC25E874B5,22
com.ubisoft.dance.JustDance,58C76852F6B23757D2369EDEDC184A8307226813C68596728DB1F33862FCAA88,184
com.amoraesdev.crazymaestro,1BAC3ADA80D1143A66597D0BBE695E84F0DC5E8A8C824283B4C25E4F28AD3D5C,7
com.dancing.tiles.magic.music.beat.saber,75D28E65E3B83CE5A1B7FA16B5B43ED29667E49B6A2853C0392E46783C94617C,119
com.furkankucuk23.rainbow,1BF047B60B53AD293DCF67CCCC56FE5BFD6F301B91FFC5726114CC556F0DEEB8,3
com.klebendev.pianotaptilesoffline,1C6DB30315BC2B9292A502B832C2FF4C03F162E040F53F4F1B57D76E51EF542F,4
com.ihd.beatsaber,AD839AD88211DBF5C8AECC126A4AF0AC55DBD47D416A2661096E33FBE3CD0E37,1987816104
game.piano.pop.tiles.free,A827ED8211EA740EB2B5A2F8453B3A389BA1EFE4C060696C3273532762B3495F,18
com.bilkon.pinkpiano,FB679E723AEA92FAC9EA4043ABD94076EBCD2BD531AD28B2ADE27CE2622AE307,18
com.dalcomsoft.ssw,32CD3495053AEC69FEAEB7097E5630BEDA638800CCA3059F255176B3C92488F6,30
com.rookie.app.tebaklagu,A0070420EA05EE48CF004CC89A40EB8E3B779BA7409CC04068A559BA271B6483,27
br.com.couldsys.rockdrum,4AD3E011548C02A762C4897899058D50DC6BCF3BA788F838B8B252685029C9B6,11
com.FNAF.PIANO,6F799D118B4F60B6E28378E67ED23C48FDA32225542FA5B3E31180733C29E2F2,6
com.quiz.bts,1F1E54AC1FB2AEC84E17B910A171F84C89B6FC00DB9894BE2956BBBB9DCFEAA6,6
com.dancinghop.coffindance,84E7E905D5F7B679DF78A0DC8A0AF9C1B51E9BE45E8B0420AD55CAD750A12EE5,16
r.bueh.mypianika,ED951B6F185108F5A49FE9C047195A771B7EE75A9E9FDE34676A87805A4D06D2,3
com.antada.gamingbeats.justtilesandbeats,F79CDD1D0D6B008FFDDEEEB4975839F9C87177F5D6BB99A0FBBC7D0B8F7D7D44,200045
com.pejuangskripsi.havanapianotap,59A7DD222B48F710ABB17141AC87613212FDEDB68BB27AAB0C462025278EC9A5,21
com.yuusuuf.immff,91003263519AD740554F0211049314ADA70D71A7BE375024176DA9DA8D3F2E94,5
com.daijiro.taiko,20087268935D5F88818107F40E363BAEDC8B2A0D9E18A5CA5DE2FD1250DB2D37,33
br.com.couldsys.percursion,372B216E4BE9F9EA78871D4960B025BE19F91D24D0AC125E5F8D525FB5C51143,40
com.tr.ysfgame123.blogspot.bluedrumpiano,CD8AC3C1F5EF73995AF0412DA05C6151678A2B166D171D271D662F0A67A887B3,11
com.naladex.kids.piano,20B6D06853333F8C02AADB13DCBBA8B77ED642EDAA686B86F8568767DB1321DA,24
pianist.everyone.piano.tiles.duongcam,BE75742C03A175C4DB1D80E0874A1E9B5BC8F4AA9FFB778E8A17F0DFFE577C56,65
com.PianoTileGames.DjAllanWalker,768A0EFD5B087B295AC7FD3D6BA853079D6CC290E181E9E182C471E92FC8309D,3
com.mobiray.beatshop,5A7BB4FC9A134A87BA85360EA63B018F61104638EC3EE5C647EEC4ABB0A7A711,54
com.eyup.pinkPiyano,2168FBA02AE3617ED87E12045E7125DF0E2CB3D3A8B4914FE35A4F2E6B88342E,15
piano.tiles.challenge,FF2B9D0AFA43E2C5657372757EC10F6182F29E2131C5B80707057A35B64BC0D9,43
com.dancing.smash.hop.game.tiles.circles.beat.piano.beatracing.soniccat2,B16E2BB51479B1F50B055FA6FBB7385F055BDE5AF44D85962BF21226312C6355,18
com.apponly.pianotiles,221C6A6F4D71B5F81844015693D2689E3633385726D8B2F2BAF3F5AF79C1FBBB,46
com.yuusuuf.spooky,22ECD5E93FBF4E8B4B82FEDB93F82226734069EAF85EEA45D965E04CD33C2E93,1
com.Rnova.lyrica,EBB40366D9AF2C949C3BE30D517944067C210F1EC5C7B1C8DF845511A96696A8,421000
com.highkeygames.audiosky,5E84B383B7F2D0104795E9B9DD03055239A752EA41C48EE329E121AA078170F5,63
me.tigerhix.cytoid,88636492619191F052132682DCB810B85A96FA0B6B73E69D28425825147457DB,200102
br.com.couldsys.berimbau,E4E64FB8DD008D748CB2C0D13277CA19FD4B3B6325DF6A66FA7A310F72A25F9A,16
air.com.freshplanet.games.WaM,61A82BE6C543E8785E8DF2FECA950621F826DAB0DBBBE6EA26277E48827D8968,213005705
com.tap.music.piano.fun,A630614E4638DF6B5AD270D53384ECA01A0157A6CD72161C45C6C065068F084C,32
com.blogspot.euapps.skrillexdubstepmusicpad,3B6CADEE644A00E059BBB80EAFF93EAE9A338A800B69EE6F79F1F9BE3DFC00DE,26
com.yuusuuf.tabi,24F8E40B42908E4143B3F75C262EAE0D7F6EC8F9AFE4F603B2A8F1A039B625C7,2
com.pigboy.musicasinfantis,26ABADED5E4F37D6B5DAD706AF1DE030FA57AD7A5C90161747F6CD67136E7917,3000019
com.euapps.dubstepdrumpad,AA3BE0A91F2A4A524D0D876DCA79E902BCC721BDB7607E025AB17336A91048B8,10
com.pejuangskripsi.asifityourlastpiano,25A8482A43022C7DB55A55012905911E60153EE9A15F0EAD665099EBA99E10B2,12
com.goomzilla.BeatSwiper,62B41C594E92802C071351E402ED240C9B8B95D065E930343CF7E6297832E979,806
com.iGroove.guitar,C795694B773E18D6EB2A039F7051715CDEDBC6F2D73CEF97118EF62700C264F5,28
com.twelvemoments.guitarholic_global,693CA068727C30282EE7552329048C4C856110685750727A7E479082EEC8EF53,227
kr.co.dalcomsoft.superstar.a,330B7E7447CB68E3C44D2784C168E6E372EF4B27AE484B76A0E96336A8259968,118
yfz.dream.piano3,26D31684D3FE15A8ABC0B656A037D51A120A2C5FFFC418FE0D2B087C7C6FBAEF,3
com.umusic.queenrocktourgp,F4CEC966DE0855BCFC8C0D28BA5BF55061BD2E6D4522990683C8BA66621D4F15,11634
com.imvu.covet.fashionbeat,7565EA9D927234062FA6A48A75C3AA3EE281DDE63AE9DC89BD830C3CC81A3E3F,68
tr.com.alyaka.alper.virtualpianokeyboard,29DD02F2872541E7B8C441A61447361FA0A129FD672CBA19390971918F98B3F7,5
game.mibejo.poopiano,8CA1E6BE594A05B169863AD4D075D8BBF729FADEABC0FF1A83CCC57BEA1FA5CA,10
com.dalcomsoft.sss,3F35B7DE66F344758B680A6C7F0C2E5E613D2F1C1FC6CE3F8A9A50A23DEA0CDC,39
com.digixart.lostinharmony,4E05BB8816509E34F46EB89B1EC912D3E9BB1DF77D5F44E219FCB4AED9DACFB4,214
com.genius.ElectrcGuitar,BE5A0F53C5385862844FB76E3935E893EB4541504B2C7E86DEF4661E864F997A,15
com.alterum.songs.player,A198F4D6DE6DD0C2E42BB46637570BD6D807124ABE5675573F6173F526A7E9F4,18
edm.beatfire.shooter.dancing.blade,95B0638FECC2FB7C4DB210EF97B6F7EDE42E169F6D8F2E83CBA48BF4E62A558B,36
com.telea7la.nay,2D5C89B5DE0A0E4B76AE90870EF252846DD24FAEDF61C820EADDD9194026AC97,1000007
com.josef.electrodrumpad,C687A6348651B8BD51E4C2593CA17052F9A6EF8990B10EF7B97B549541BCE7EB,15
com.yourappsoft.electronica,397025E81284B4F7D2D04606A0123B8B14C3C85BC58073A71E7D6ECD6CF06A7F,27
com.amanotes.funkin2,BA6F136E1F87C209EC0F3C39DA7048ECB714809B54957CB8D06A32C48F793F91,202109061
com.dalcomsoft.ssyg,F275A186D9839225A2EFC8553254F273A18D196E482F12AED3474F46C33F4492,16
com.pianowakas.pianotitlesmarshmello,4D10BEC61A63FF665B71E54624D483BE0A84B779CCD8DF1E461CB0ED0F14B55A,22
com.FlightGame.TOUHOU_Music_Game,DA988BDAAC66CC3238936D4A5E9BA81842292B09602D85D9CA0FB04A367494F8,24
com.indofun.android.AU,31FDBB325A6761503CE0D8F4D0F615218EFD4E6C2EDBA7CF2C8C2AE210360343,46
com.au.dance.en,BA8E9561BA19258F887062C300F51FC305D7956712E89993B195DB82F0EE2B2A,91
com.bedrock.padder,9366BE36C40E2EED9B7833B9CE7929FC66AE9C18092FBCC41666CE13C4E311D9,26
com.megalovania.songs.pianotiles,32298CCEBC13F80BAE454AE0521D7213AC9C64EBB6D50298EC1FCCFFA684EF70,1
com.amanotes.jumping.man,7928DE35F4487D65E7CD067E7B3D2C478440D93588D08D33503E8FB7D945BDDC,2020415202
com.eyu.beat.saber,4D4FF62BE7029CEED9D2A9353D54296884E9EACAD4B2DA6ABCA1A808617CDD4E,9
com.firemarkstudio.fnfpiano,33AFDF5C559F992D0211CE5C5101F5941DF4211E27FDD5E67BAE559821DFDBD5,7
com.eyuponer.realPiano,EECD23F6417A9A9E6BFD5270DE55923169FBB9C0CCCA1C30858F77E8DC8FA45D,12
com.firemarkstudio.bongocatmusicalinstruments,57BB7E322FC2977A5458ECA9F617EAE9459B073EFE134383D4338CA32B2C7A97,12
com.yourappsoft.rap,3F7AFBF1FCC087C0E14F94A3E317EF7900DF83AED29924D3822B596CE7725C1A,9
pianica.music.instrument,3602B89AB72F41B7A6276F8C4D8E7BB51C7F4E142A3D748D38C6119D5A3D4890,8
com.ovasoft.pianotilesanime,36052E0EDED0D975E8C911C35F08FAD6F3FF4D25F2DE65909B6CD9E5C35752CB,1
com.landoncope.games.toddlersingandplay,8CB19B6C1BE3E64645FEABA53A5E70CE124F0E14FC2D746FB0C15DAB600B3078,33
com.mobiray.djpads,38CC9EA6F0859F64F61E5D3CCC8605963A90DFA2053D28203CD992B6C332C6B4,3
com.sony.singstar,3915A2505D5DFD310CEE2B1A8F352A3F3B66E3D94C2A867819129E8802F87F42,13
com.luxetecnogames.thecumbiahero,799ABCE08511862402E74C6CB8A67857AB2863165DF54410F020E5540644B92A,5006012
jp.ne.freem.YASUHATI,92313C709336FBAE53EA986145EF9D0568FE11B4185B9853C8C424271EB38B80,41
com.pianotiles.magictilesvocal,E1059E2F542B0188F158660E1CE7AE49391F26B69BB2CEA3074103A72925AA77,104
com.electnew.orglak,3D17E5472A9381EF3BBE353EC37BD453490E3D0EA0C197959FD2DE8ED1829E48,3000
com.musicawesome.djremixguitarrising,F7DB5751E313E2A7F75D59EF86547389F7DD77C25717B788B5A93BB57AE6C1BF,36
air.com.bartbonte.taptaptap,3F8457FA34B18190CC51BD2EC08BC2AC7153C4699D8FA26AC2CA89DCAE2E6A54,2003000
com.whitetea.metalmayhem,B8C603B9B46BDE2806D51135F14D05938A9DF62700B897FF15CA5A933DF03E5B,2000005
com.pyrognomic.wireup,40E7F77D74CEFBDA9ABAF612115F6154F1919D3DC1A1D2BAA23963F9CA3FBEC8,1012003
com.AntonBergov.PleerBaby,4640988425BB2D4FE888A7EE8238D7C182710605F054E3117D0013DE042C6B18,55
com.musicpoweredgames.muzarcade,43C1177F3C81347CF8B8E9FA1570857EA1AF2186F7EB11B1DF014CCB10EA4552,216
com.yuusuuf.garcello,43CDB2FE9BD3DD7C2FAA20547A011B76353B2FB88AF97A82FE6CBB9C0A8D2418,4
com.TeaMobi.AM,E884B66AD1FB712545888750FD854E50AFE19ED1B81CD4B76184F542DEFCAE63,20
olga.moi.pianokey,EC4207A5CF094603A3488F186887D7CB2951005BA278A398E657D1CED96CD808,19
com.mobobi.realpianoteacher,BAE047997C6934EB58A5FF0D2E26356BA95F48F6012F5C0F3E6A69A3E909FEB4,13
com.soulo.nora,463C6DBB0F50B8704BBDAEE5FBF0ED280F377CD192E114685B548BCABE21D083,160015
com.DoubleDame.DancingSaber,A6E5650949652D21A50B2BC9322AEF6EC2D880188AB84AEA7C6B591412A78379,55
piano.magic.tiles.challenge,D68A886877AC75E3BEEB30957875FB00143A9A959FD13A944A93088BBD464D7A,73
com.ddianle.lovedance.auditionmobile,F00107D7D16F437FBA27537BCEC17515E8C943E56697B972CAF74F2D0C6DAEA8,2038
com.landoncope.games.toddlersingandplay2free,63B95541FECE57518F09F7EA7BE06204F57E78FD75E4A450B3E356721FAC35A4,27
com.realdream.policecar,C72ED2E277F63EEDB29EFBBBEA8D88274EE965F00ECADEFF0CD27AAC610751F8,4
com.ovasoft.pianotiles,4A0593013D77D6EC89F45F13791CAA3ADE1B82FB56C2BA112101E92B9A7F4BD5,4
com.TeaM.AvatarMusikWorld,4AAF339BF8E1DC49556D772CAD5652320B0C42E44D854746B0FC239E994C6EFE,81
heart.piano.tiles.pinkbutterfly.valentine,4EC3E82F4911E719134A85BE8CFF8FF8E462505A5AD5911754F0BE3CB72C0F2A,1
com.pejuangskripsi.alanwalker.piano.tiles.game.dj,E25A8D8C8696D8FC03AC31F1DA5E73637CE94966D74B02DB2E148CD4EC0A64D2,20
com.soulo.pianorush,4FFBFE28B0069750A3C7C3C9E770FD7CF0817FCBBD3DBEBB634499657A307C64,16
com.wordsmobile.musichero,F4D4C827E1195463D94E76DCB352FA2B45C72F89D2627FA623C3FDB025524775,14
com.finestandroid.drums,54F4BEA0ACD2658ECBD28F115AD4600E0E9414980C821A43C4196DB3F5E7385F,11
com.furkankucuk23.pinkpiano,AD52D2EE3DE198BD8E25FFE7F8096F4A0D9F6F0B3BC758C909EB28F613C54B22,4
com.edmrush.tileshop.colorball,557E523EDFCB0267ACCF4EC7FD075B93237BE1424254F9A447D8E832123A57E6,26
com.yuusuuf.fmiku,55E9B3CC690CBC3C2B94772EA98AA909B5488DA93988CF23003EADEE0FC248DC,3
com.tpgaming.blackpinkdancingroad,F7D77079FA9435433617FE2986A63BF2D4CFBEF632486BCACCD1A73765A29C51,5003
com.mh.fingerdancer,59C662A456DF77BC35B90F924D8628BD4412A5DB8E09375B3D6D54FDB0B53DF2,4
com.daijiro.taiko2,AA791A0F01BCD9BCF1A6B935F4509A95CF616E8E4AF55BF69CBCAC59D1FF6623,48
air.com.prisma.blackpink,592DE94F48FBFCAFCF397AC1A86C112636ED591568F9E487A0DE509E3E882D9D,1009003
com.ubisoft.dance.justdance2015companion,99F171A8A079732C539D614A28C857CC39CBC209FAB4D04C9DF19C6B6F80BE35,47
com.studioapppianotiles.ozunapiano,D20AD42A854ED0DEDB926647AB5640EEECFBDE49ED8981577C25A1533E0138D1,5
com.animocabrands.google.Musici,5CCAE26707090FBD1510EA4089ACE398AA926A48E049A175BDF7692607F89D39,68
love.cute.heart.magic.piano,70358FA4AA85469EBD321A454122B81514567F3C53DD5C779947E33BC24003E4,2
bueh.realangklung,EB736AC04CCDF21EBC489442B6B36FE4DEAF7C09E4617B42D777464BB84CDAC9,4
com.rev.plugin.keyborad.square,5DEE9DB94A6AE81B86A89870C37E1D4EDD012B3C89332A7AB9D061B4811A477A,1
com.dalcomsoft.tss,64372AE3528E1F769D534F3CEFB50B4C85F6F59AF23F84BAD362859A81802D2D,4
com.NextFloor.phdiver,64B8E74FB6E95474ACDFE004084579203091E9884B34006410D117491E84EA41,6420002
com.joylol.taptube,7F99C1FFF96109C96FEAC1BD14C4C29EF73DFC1755F66A85164CA1EC03AE7148,107
com.super_toki.giraffe,6551CA892B9C224809E9A338B4225880A2D9CCD8E428241E34BDA737AF17763B,15
com.tiwiwi.gamedaritwice,69201EA25A7D05DDEC221B89051BC6F7A965FDCDE1AE02471928AB1F98828B82,1
us.hiphopbeatmaker.xxxtentacion,8222134B497D3C7AF14A9BD4376B1F4E7C543AAFFABF9D518567F4AAB4A2D2A8,560
com.fately.personal.voice.judge,C0DBE11CC5FA673EB28164F13C872AFD7BC8207C2A2D7BE3EB35CBAA2D9ADCE8,75
com.newetronicorgan.olindevorg,6D5F89250EFE7F40827C745F3EE1B4DBCB2CBBC3D379E7F0DC1C081226831916,1800
com.zakistudio.blackpinkpianotiles,6D8A0EB09CBF06BE2E5277188F758DA3A432CF241C7FBDACAB446CD2315A5F3C,3
com.pianomarshmello.pianotilesdj,CBAE2DB818CF2A3A583D879E9E13CB01130E99BC4BE7109155DCE557D0F321C2,8
com.apoj.app,6E3F279959857E0E4890D0D8B5B83620A1F5F972BE69CAFA224D4DAE94F1E850,33
com.wen.NoahBottle,6E3F918448F567C48774DF8C3F9310E7AB3CB4EFDE9BC55D587F639F4D1A2AB8,115
se.appfamily.animalpianofree,A5F60DB4F7DB190787FF8C94540F9F39FA532B990722619CB185767E0EF981F9,63
com.zplay.beatracer,6F12F7CF626E4B3C3CF74CEAF14317DE9380D7EE811D5E6D4C81E2BCE0C839E1,137
com.codeslinger.guitarheroremix,71C786DB866A19E728AE19ECD65B0627152CBC75C768CE0D432D2219C41623DB,1
com.fanfun.pianoplayariana,DFFFD05CBE495E2BEDAEBDFD87E1269C922262ECFB24D57BCA698ED03990C772,6
com.exelenorganhd.baolinkifato,727FD743D0539E71CFA2B44E329EB324EC038B27FAF52BCD1715D7654E1639CF,3000
com.genius.santoorpro,90CCEFDBDF6611BCCEC29B9B3920760FDCC74D02F21CF571AE50D51A634A0781,13
com.TeaM.AvatarMusikINDO,F6E9686BA6874669CD67C5BBF713D4150181F13892D2773208E7ED441A127509,81
com.kpopzone.wannaonerealpianotiles,B077D4B5698005DAABC2266D6E1D2DA49A3B1FB7378E00499600D1DC670127E1,2
hk.com.skytree.hachihachi,770C60A5ED71AA4047AA6496BB0FCFE342E16770BB24379B4216E4B58E15DEEF,49
com.ibighit.bts.pianotiles.kpop,77851FB3CBFD6535554D3E9F1A0EDA1A76A2A34CC0EFF57F7B6DF542F0D271B4,6
com.bilkon.easypiano,C59DE0969892D15C2140244A5D8F42079EE3107F0F0A6F17B07E9E885E383965,20
com.xeiriusstudios.games.mylittlepiano,D861CC9CAF33716233F490C28A3DD4BEBCC005B14A48788EF35F88C793609CDC,159
com.yuusuuf.tricky,7F216625180833216BAB8173D5FAC026FB712136B01231318386633F7901BC46,1
com.darbukapad.cinta.darbukapad,C94013200FFC83ED69ED65F1E7E2FFCCDDD9E6A6397F8E6FD2C7890659FC51EF,20
com.DarosGames.FreestyleRapBattle,8056DD9783B827B7F327790429F112A491DCF7722FD3B22438530C0D957D8B4F,4
com.telea7la.tabla,81775E5CA9BB1D948436AD03106BF96C76EF57036183FE1575259D445351F81B,1001000
com.yummyschoolgames.schoolgirlsdance,82D449B6654206CF06E2B8515D85524F364FA3B93EB98E57C4AFDCD629D53E5D,7
com.honeybeestudio.piano,83A801B767F4849E37680E567187AE790A42C5BB1B3AAA0DC151FE9D777AC4DB,4444444
com.durlimapps.billieeilishpianotiles,8513F8EA231F63D33DEFFB8A2A3F5E24DF35D9D4E565AE456E2792C549002165,1
com.workpoint.themasksingertinystage,FA9E486935DBC2FFE663F5886034B1A5F8CDABC8372E8D80BD98C21299D70494,63
com.genius.tablapro,868A9C630570B985393C3B5FD7D256D3428EC6C1EBE99B078E0F2AA73C4B7B64,9
com.trtcocuk.muzikatolyesi,BDC737491776BDE7F7E863124B4EACD21460D47A1034D1A1EBCA0500CE815C9C,4
com.yuusuuf.shaggy,883BC467942D7584FFB316BFF39CEB02041B890F9A522DC33ADBAAC4F91064B0,1
com.kimura.pianogame,9D6427ACBDFF8562F4A9DFA1A150E3FC7B80CFE026FBF82ADAA63AD583F7A91C,505
br.com.studiosol.apalhetaperdida,B4D594619B8F70B6C399632CD6D6F45353EEABEBA344EB350D59E4FEAE68A2A6,55
com.ako.murevo,8EEA6E42D429793F6CB12C1BA2AB269DF47DB91C0D55654D47DBF52C8EC85920,3
com.mma.orgfree,BCDD4D8A396C679DEBF5C19BEA61D4829886897F4628C1BD29D3D754B6BEB714,5
br.com.couldsys.classicpiano,96001BBEBF49F9180CD77E98A0CE7FD310E9A56CF84C6BD3FCBF5378BFA8C765,28
com.webruli.allmusic,935F4F67B78F8C3AD8B8D7E2A1E67B081124DE0FAF77E99CF12366D446EDB440,1
com.bola.basesdefunk,DF0C6DDC7490C4A31BDFF2BA3E4051D9BC3FEC914EC11F986C981F029122564F,22
com.groovylabs.crazypads,E6234835AC4EC79E864E50D0D43BB98E02EECA95E088FBDC61E19C0C8D90CB0A,2
pl.netigen.rockchallenge,99533D819D041B123E561DA3D1FFBB573A2B8357816E519F27BD1E5DBDCFD38E,11
com.rev.plugin.keyborad.steel,9B265AA079DDA24EE365A1464E92F6FA31E9E2877CC1ABC0B3FFBA5318649745,1
com.mwm.taptapmusic,9B8643E1E570446A3C3D706DDA35620EF63B8CF8584A77F381A959D110AAC078,310010116
com.KidsFreeGame.Piano.Rhymes.Rhymes,9D5711843F46B243DCF7DE8A6C49F3C3E9101FC2D235D38823C3348FB575FECF,10
com.yuusuuf.agoti,A0A70881F75455745C53AD2A7DB9FD885A4A1188267528F5312A6C22C7A4FA5E,1
net.handicrafter.games.fom1,A455F14F9F4FB14A4FFF9869F575C705DE8FEB583D7ECF7622F4030A6E430912,70
com.kami.wmusic,A9A5FAEE3EF9CD405977FEDC3B2C4972E321070D616BB963D39D76657A4FB072,13
com.studio7775.BeatMP3,ACF746D57AE77C8E21CB3B001773E9AFC9A21571F1EA1CB1D7FC748E26EA5637,46
com.noxgroup.game.dotnbeat,AE3FB4003540729A3A28A6DC53C29C14F2C3A34A810E888EBA2FD5050CB710F4,58
dancing.dot.beat.ball.line.piano.tiles,AF88C2B887764D94B61F47376B6AE24B058675C32FA0077153A9E5C6B2A4E6F5,20
com.yuusuuf.heex,B04047F1C6A6994CB35E0F899CDE0A34866242C11E442AA78471DF0B4ABE1471,1
com.yuusuuf.sizwhitt,B2B0125539D1F15F2318D96BA313142D463D1477AE4DB6EA88FCD56B7FA07C86,1
com.rev.plugin.keyborad.sitareffect,B6FE8488BDBDE05FBC63337B4055AC772C4BA03FC4A3F15EB4FC0B9B4D5C6D0E,1
com.mobobi.realfluterecorder,B98367076F0D2D1200BED29F8A1EEC9592EA419B02D27A37E21B615A69752B8F,5
com.yuusuuf.selever,D4E05B81C45E2B5E5C269643D68C6F6B3607EEF7FF66FD41D70A8AD930E1AE64,3
com.yuusuuf.mikku,B9ADA97DE7F8C3935F4163D9BAFD92DE770283C23F0056EA01AB1F1D370C4D3E,1
com.hosekiapps.xyloPhone,EF731C9FE133330BE0686621744C64C249896C1009038FF369AE6DEE1C2081CF,11
com.prycejones.owsoundboard,BB5A0DAC802CE2C1BF7F4FC9E7C9C36B05E98ADDF9329B0E9AF3D097C28D7916,23
com.Randove.RealPiano,BCD8B694EE1338E600403F381AFA274E6D5824FCDA2205B92EDFF5D3361E6193,2
com.mh.rockheroes,BCEE418F16CF7FFAB04CCF0588478B92D161AB2CA3EABF8009D7CDEEF9A794C7,1
com.silverlit.digibirds,BE33CD35338BA4C09C2E315AA519D834001F8390591BB6279597562C361E9CEE,3
com.fliptus.VSPLiteAll,C1FB7E1545DB9163F67C37DB202C2F4ACA1425489676412A9173130B48B37D11,3008
com.yuusuuf.sarvente,C627DB435263C54FE86CB54FA00FD2F498D855376F1EC78E5527689C190AE16C,1
fr.hftom.solfaread,EB229A0735E6D0E8F38E36E3B2D9612AFA4162E752ACB7861D9CCFC13FEC795C,4
nhacviet.pianist.everyone.piano.tiles.duongcam,CC07D9D8619D5D2B58C9497119F52A5D1DC4A70CA9B1AF0EB6BC3BDAF80B0851,48
com.MontanaGames.Lowriders.Comeback2.Rus,CE572E9714F7E0368931A32291FC20C0173CF566DC2827D4C779E8680D482ABB,10
com.mh.guitarheroes,FFB997446BC7253C930583AA8A704BB79A5E49BEAFA9193616E106F0EBFCF712,10
sions.android.sionsbeat,D828C40C4C06694F22300E906D9ED918E47F79E542BD59F011AFAD372905F4E1,34
com.ninhkidd.blinkblackpinkquest,DC93306EB34DF49CCA86487603152A9E2CD16A5C6BB571E0FA02367AB9D2DBE8,4
br.com.tapps.epicbandclicker,E13A3DC5CFC6A0C1967F37F510EF6FD3B3A596D8D2E15C0C27E23768EDF9BF2E,108
com.ganjarapp.got7pianogame2018,E4C1FFB92447747D24D355F3DA04C01FA170287F0239754E490D17DA6DD82EF3,2
com.somauto.somautomotivobrasil,EACFFB91BF41CE09D3304209A6660A715071E726500CF89E3A2ADA2C55E62E57,1
nhacviet.magic.piano.tiles.pianist.duongcam,EC0D271B8FEE76CD81308BC75CA28A16B73D32DDC4242B59CB8F84C513B1575D,17
com.gismart.christmas.piano,EC56A8E96BEDEEC2E29149520D61467BFFAF8EE85528B4B7D1D53E1C6FF28749,102
altergames.recreverse_fortwo,F3EFBBD13413580CBBF42E172B4F414807CD0EB9FCF878CA2EA556F657691B9B,111
com.invictus.impossiball,F6F37C14152ADA33F5C38736323D551B50D8EA8B559FB4E530D8DB721C35AB82,1711061503
com.durlimapps.arianagrandepianotiles,FBA954DDFC8D2807424845FEB84AE55D4238B1BC0275A11E9C5DF56384CEF8DF,2
