package,sha256,vercodenet.rention.mind.skillz,0AC87C408AF048E0F5D879CF4B688E3D44DD27DC1CC18A206F0FDE662AFB8CE6,167
com.PepiPlay.PepiHospital,618EB0213E5A935DFB5DCB567D63216A6C9DBC5653E997D30718D6CE213990CB,102
mytown.preschool.free,A111E8FC15611BE7B4D38C63EC1619DF88B78D89335D13BEFE0B1F8BBF78FE1B,10
com.tutotoons.app.smolsiesmycutepethouse.free,D73A35F3345E20354379F798AC43CAE2E886AC995540A55D6FB85C8EA8798952,5000238
com.infigames.babyphonetoy,A21ECD078ADDBE25721975DE48ADCCADED2A82D9A52C9EE25052C8118F56A3A7,200048
com.bimiboo.colors,8C2B9570EAA15896F5B51444612C07D4EBCD0F970F312EF821821085127F5460,604
com.WildWorks.AnimalJamPlayWild,EF1B32B82559124C0F024CD8633A07EFD85591148B6A6D73D1A8776F4B60C6C1,201282
com.foofoo.coloring,23A486C272B4660B3D3D04E11D97F1B2034179686062B0A6FFD1306492A5B04A,48
com.sinyee.babybus.number,FCBD5B7E74C4241596C1C065D3D03458A90C233D06B1E3428AD967897B4214B7,8570000
com.YovoGames.drawing,0BF40FD9F1C07F78FCAE23AB293394C3CFC95294402D5EC408D282B5ECE79AB7,44
com.zebrainy.skazbuka,D83EFF72D13EA5E9E61ABE1041E341FAA89FE1810F5B533C0081075C19696F9E,55689
com.chaos.engapp,A36D0FD9217263BB6EDE7746EBB4B92E76D4F53AE2C7EAF1EB3CED836983D1F8,40
com.sinyee.babybus.toilet,27B2F3E0FFDA066CBD4BE89145ED352C4242F460320C7877F8F9DA8278EAA017,8480001
com.kidsfoodinc.android_make_sweetcandy,660B155E4663715508188C181AC70D0E0EA958250815205DD1FEF92464525848,13
com.nixgames.reaction,B83D6CA40D318B30DE07CEA3403A55336A19712CE757D5610F8E29100B8CDA4A,100
air.com.tutotoons.app.animalhairsalon2jungle.free,BAEBDD372A8418BF91BE121351E48358AC36CDD014B63AD96B266F87702811DE,400010086
ru.projectfirst.leo.build1,5DC36470364FCF59A38CD42D17C59261F44BD60B62F18FAB0E64DCD2D84D810B,134
air.fisherprice.com.animalsounds,46A8005A762E8D44F084998A95831BE54EA3E577EA7EA3660E7FB1226AC21ACC,40001842
com.sinyee.babybus.garden,539D08E3D002A3EEEF2A19CDFDE680DB25A981839999AD32F981FD1C3CCAB380,8580000
com.ayasis.mentalup,0B4F7C66D4275A07414E9295EEA964136B37B76F7020DC84100F3579D71D75ED,330
com.imult.bebebears2,1180F6EC2980A9D3C5AD7C39DAA4D04FF5B17A3713B27664301EB5C4825126C7,200230
mytown.pets.free,00A821F7FAA4454938BD89A6C948EBA4D68982718949B3EAD9BDBCCCAB20D21C,3
com.hiza.pj009.main,6366D0C929B6D213F087A6EC74AB07D86F7C3902DE26F1084126E93F8C9E2025,51
com.gokids.tablet,B16D41F85B97F8F2B76DA0FF9881F021A5AD1CC8248DA3423806B1FC33CB840D,3000007
mytown.beautycontest.free,84855A0E8E6A14C48D80B6585381FD2101BCAC7FF82933416E4C81C57313F344,40
com.oki.alphabetnew,E7144F3BB68EB0837E51F976CAD6508C9C817DC86B0759D582CF31888DDC4F40,2000004
com.sinyee.babybus.dentistII,7A621B6897661BC5EA6184DCAE4DB802A1918B001E137C55BBB94781122A2583,8580000
biz.arrowstar.funnyfood2,887B8385B754452E9B9AA9608403B45641CF230825D913E3CEF06EDD7441EE45,2801001
brilliant.sari,CE449167E6BFAEF1E0AA26BD62DB87B8B499783702DD9EDD877C59C5ABF33F27,186
com.jernung.infinite.kor,95E9922CBB87F27C099157D3895F6B3CAFE9023B08244C167CF50419C38F6844,400069
com.forqan.tech.PrincessColoring,3462B7D0938228BE87555569C34D56F3A643F2175420EA66CA013C6C203292A3,1008009
com.duasaudara.kidssongs,E6DEDB86C2ECA4E6A2B482A15B8FB2C24EA9C0CE6CFF245D9B559E118B0F34A6,2001004
com.playtoddlers.vacationhotelstories.free,BD23A22FF0164D84FB45F0F688E6F927AA509A7B449D853BFFAAEF3F435B2C1B,10802
malliongame.cherrylab,7269630830849C3BBF04DCBCAF32D39BDFDBB65889E3AE5F0F302F3ADCDB4BCD,11
com.sinyee.babybus.chef,BEAF8E5344AF821278AAEE4BC97A290E7965EF6998C9372C97F910EE4ECE3909,8570000
com.tutotoons.app.pandalufunpark.free,5CDEFB8A22468D10F1D373C29C9B50E67D9E7ACEE69E58E3AE1AF62C3E527BC8,400050013
com.appsbergman.celulareducacional,4CFA099D874859B3626AA7025AF749CB007A08934BA6FBD117DCDDAE764DA9C3,29
com.iz.princess.games.kids.doll.house.my.town.pretend.play.home,77201D47518B05869B925D4BD2F6F0092233A8458B2D40552C650ADBBEF8709C,25
com.PSVStudio.Airport2,49C10FE53274AD908FDF23A557DFDEA374D9FB4419B0908C6B0AF34AD96F85F1,49
com.color.mandala,C3DF1B8D08C727F6497AD0ABD52C252AE8E812F0EBB370D1B1D9E801E6646071,1658
com.sinyee.babybus.repair,665A38F3022DE33EEE3F1BBCE9279726E2ECA0E9C86A292E7828C6EA99C5BFA6,8570000
com.tutoplay.app,8668A9FBDA76EFF3608F7D4A33AA6E9C6AC9F0FC07403E98373BFE4670D855E6,3004901
com.edujoy.kidecats,7187E2ACCE55BF98DD789E4FB0AEC614E78EE6B5FD78B66ACE265F411031C208,56
com.coloring.toddlers,616BF0DBA860D9D3EA28C9B9623E6ECE2D1F34BF9DDD1D0188B5E6C63DD9080D,1640
com.sinyee.babybus.digging,6BC78E31030E1215356E884FBDAD14A3F79384C1F00DC4E5DD47945B02A08934,8570000
com.cuteandtinybabygames.twinkleunicorncatprincess.free,01940BC7FCA90C3F820700AE5C14B7DB78A83AC2138B7B7FD965986B946665AA,400030031
com.sinyee.babybus.boat,01A74AC8513AE25CCD8F75A8CAC7815F7F9BDF91F9F940F12F90AC02C9511157,8570000
air.com.tutotoons.app.sweetbabygirlsummerfun2.free,1540BF59534A714518CCD62DAC7F6C9D4BCA73CCD513C97DC1560C230B1C382A,70001592
com.zodinplex.abc.kids.letters.educational.sounds.baby,A0D9F5EF550F0F518CBD9659CC2C07DCC2EAEB1176ADE7BA58512FA00897B2BB,1093
com.sinyee.babybus.occupation.global,4B067668BD43B7381F6EB9B39B446C97F3ABFC45BA12793C98D44C143828BFBC,8570000
com.forqan.tech.CarsColoring,01D06F1A5FC846DA41AC5123C79956A54CB1EDB7D2D840D8449976D53F5D03DF,1003008
mytown.amusementpark.free,A3730B73B3BE16F600DCB730843EAF61AE264042E332E6BDF080065818BFEB70,9
com.sinyee.babybus.fireman,125E551FD90BA16E8DF96ED602544D7E2894A858DC9F732FEF43C93EF7605388,8580000
com.mochibits.google.leftvsright,CC7AE70FF08C9DF7AEA26BE746DB9318A1BE96C163C6D15E968DEC4C698A11FC,238
com.sinyee.babybus.karting.global,3BA2AE4A40F30F682D6B6DD95E8B419DA7C879EB07885654321DF2E491C8C587,8570000
com.sinyee.babybus.holiday,05F221F2C9138AFE5E847F8F4FB043B157ABC2C6A53C5EB68CCD4A979E85C11C,8580000
air.com.tutotoons.app.sweetbabygirl,5A89463575CD82CABDACAD7C2255424EEC46D53A90866AEE5D23F5277765F187,400010253
com.tocaboca.tocalifeworld,01F8F053178446ED89C03CADF9BCE4AF9F69C5929E5E67E889D849498DA3FE87,50898
com.rvappstudios.numbers123.toddler.counting.tracing,3FC41BAA25D03EBF7F1EE496EAA8AFE86FC5EF701CC5984FF1489D6299C6CAD9,105
ru.publishing1c.fixies.eng,EC930C453D2AF88704669D4AB5A19FC460738745DE82B168BE9CDE95625BFCBB,237
com.sinyee.babybus.wobunanguo,4D53566691D4785A97FCBDEBBB4A4375DD9B968924941F16F8E19E3B05D9D7CF,8570000
com.pazugames.nailsalon,A68864B7B4FB1D67B78743BEE3C49FD553BB3737AB641BE96764E5AB168A8F8A,39
com.sinyee.babybus.tailor,BA89FE52E39BF673BEBB188DE68FFD443E1D3767A9505457D27D02A823A43B70,8580001
com.Metrafilms.KidECatsDollHouse,2FA43C8975AFB993DF56047A9AAA3B057279D4DF9695611BDBD4E8A7B76F7F26,213
com.frecre.englishstory,633B86260B9002150DE0BA3275B2D854C4BBB09DDFE66AD8F6B2674DAFA5F966,831
com.psvnMaB.Goodnight,82091271A17BD3F9FE0D761C94393ACB810DE0F2772A073DC9ED9E78AB7FEA4B,35
com.sinyee.babybus.clean,A61AB32DBB5D09CE40049C5DEA687B12C1B9D41DCDADFF0D82A69A4C2CDDF799,8580000
com.sinyee.babybus.repairshop,8B365B0DDB59E41B15510C7A933E11A479AC31AF103EFB7F9BBAD271C944600D,8570000
com.gokids.bphone1,1089F88E9A1224ECA4481D9198E55C3D8FD19A4150EA02B3A46CB173F656C1D0,2003005
com.trtcocuk.ruzgargulu,2B334D9304D1AC909F18A5DFD1BB97AD0B22A6DE13D8BCBBEC6874705EEF01E3,6
com.kidsfoodinc.unicorn.cooking.game,CC5B9072DB475AD5866786161DD33CAAF96BB087060C08626808854CD921228A,20210926
com.sinyee.babybus.build,6369E2C7D7A821B0CDE5665BD84751F62B63D22FB26A0961A231A325D32C60C5,8570000
com.sinyee.babybus.foodstreetII,C142B0756DC089D0FB407F5AC646D682B6A07F2E9F6EC13F2FD0EFFDE6725192,8570000
com.libii.puppystory,026BDEE3C5C7DB3EDAD71058AE267DD92ACABB0504E164978151D84166FB6D42,7
com.tutotoons.app.babytigercare.free,9850DD03BF633F1F9D7F52F6A320569020B50563904F47FFFF61DF048E4DEC09,400050043
de.softan.brainstorm,077255829A0313BFF1413777DFF989ECF7381DFC6E4ECE65FE25480C7949CB27,164
com.psv.psvn_goodnight_hippo_2,AF015B2FC5B33103AEB797F78C8CE9408D609CED17B1AB7132068877995C3A14,28
br.com.tapps.donotdisturb,5C8DAF7534B559BBB66302DAA6F8A93090F5092C6BE09CBF318B978D2E779770,2061
br.com.tapps.donotdisturb2,5253A80F9FAED832646F4DF3701C68001F3526DC05EE45CCC72FC10A8A320A0F,149
com.asmolgam.animals,10128D157EFF8387BB72D484BEABF3A24F899E1EDC3D9B449B32B4E6A0E3141C,13
com.ansangha.drcomputer,09FEF5CB0056852007E36744DD43CC8D9D4E63A5FE67327FA4E99DB5D4FC8507,34
com.iz.play.animal.town.pretend.squirrel.house.kids,DA53518B1DFCDEF45B5CEBCD75F16BB9923C04A4F202BA26BE53D977C3C82813,28
com.hyppo.goodnight,AA9232CDC9494D8450F0DC23C9115EF49081BCA901E339106281016B8C4744D2,47
com.sinyee.babybus.airport,9049D2024472DAB416742EC23206F6CABD6C18456A0615076387D7F610AADE85,8570000
com.sinyee.babybus.adventure,33123E78B96A1825E85F0472F5FA653ECA85E0FAE506D1979AA92D719D234AE5,8580000
com.sinyee.babybus.princess,328570BAFDEEA7787F86F6CE20C8FEFE774877889D7214D90141A607CB08E31C,8560001
com.binibambini.MiniLite,89A0F971E3FA26D89EA3DE3877465C2005025B1A7C49FB02B6829F15B270A411,3400001
com.rvappstudios.baby.games.piano.phone.kids,5572E23B3B0244419FB5DE9FBD00422920FAE52BB4706D3BC914BBC1A7B835CC,87
com.gokids.transport2,E7260542CEC2DCE52AE4BF2D3A6BB1C22E4FDA193A2CD650FBF1DD2157968A4E,3000027
com.sinyee.babybus.coffee,DB8F1B467E0B20DA8088DA4AD065FD21CD728B611CD2E8F2D343256E53D06681,8580000
com.sinyee.babybus.candy,034A9074171DAA9E543A315492007D3E57A27C32BA457BB7CE5DAD45B5B054AE,8570000
mytown.bakery.free,16403C4AFAB9F1B1D2DF7C2C0176D571D0CB4134506C7E8B12FD964E29795873,16
mytown.fashion,5793433BF39C8942437D5F4D52E4CDBEB62732C1F542654A70CDFA04AA62C6A5,31
com.ursa_games.englishforkid,4B7A6D7F8F25B2FF286C0A093AD5246A716A7F3A24A3CCE60E46024D3EB527E3,88
com.gokids.tbdoll,26A57517282976641BEDE3FE421BE11B79C84964197335555FA661C3C9FE26EA,10000004
com.binibambini.MiniABCLite,037E2ACD0B04F365BF1EE41EB557E5705A6F1E0CD86D74E08E5A63F5DF14E427,4100013
air.com.tutotoons.app.powergirlssupercity.free,AC7DA6F2304635B9963D1571902220FE9C9C164747F904E0C2452332A82E476E,700050025
com.GamesForKids.Mathgames.MultiplicationTables,4DA67EF11EC911C4E067CACF3F22F84AF0919CB47ED30F911A4940DBDDE9AD93,107
com.playtic.monsternumbers,72630E72A1AEF8D0163C1E3B6CE9AD9F3AEDC978A1735CE29E15DDD16189D026,901003
com.sunny.coloring.book.kids.paint,64D0A70E9383BEEF5407775A06543AD08F2C05911470EFA89FDDEAFB67AD6D68,92
com.gokids.livenumbers,631B55651F2B515A9BE0B06E7BCDAED400099D3D2C9FA8E6CF850285D840496D,9006
com.sinyee.babybus.hero,92CF2DC25B4D9166DA2CFADD4DC0D7166B86BB1781248ABBCCE36CBACB97C1BB,8570000
com.oki.colors,BE3FBA967CCF375BAA696B7062EA395601921EBD15F724C06971FBB82B5B7219,4003032
com.sinyee.babybus.picnic,6656F8C9C766EE244870E8D94DEE41F62A7102FE77501E52CCF63C34C16EA025,8580000
com.storytoys.lego.duplo.world.kids.play.free.friends.animals.android.googleplay,7D63E3C1BCBBF4544BFB4EF30D6D75FD238ABBACDDDAE6AAACDB24B8CBFAAB70,794
nl.squla.unitab,D8E648205EFBFF514AADECF3FA665102978187785B3FB57ED607DDEF2AA97453,2097725682
com.storytoys.disney.pixar.coloring.princess.googleplay,D6778730221AA160A26D554E1869409A0792F624F0AC3DE914C1C04782E9B6F6,1277
com.sinyee.babybus.cars,47E7CBCD1BB0B82480E9B86D92C26583A63570E6CAADB2FD197C25B65354DCA3,8570000
com.kevinbradford.games.preschoolgames,BE0FBBD73E1C480AAC72C3A40F28F53E575FC45C6ADF7A0D1DD65AE1687E4B39,68
jp.co.ofcr.cm00,B144C24D6895A410A6303B5F903FD6C2FD1F675DBB8FED8E28EB7414A5659FC7,233
net.cleverbit.DinoPuzzles,DC045CF577685800FF00A088A2E12D5F204E6344EDCA5143F137ED4FB430002D,200390
com.iz.world.pretend.play.life.my.princess.games.town.city.house.wonder.doll,631F6F4AD1A4F5404A2353773ACEB94F61E7848868D918DE85F717290F163824,33
com.gamesforkids.preschoolworksheets.alphabets,1EFF71D512C7388AAB13E912E09E5E180D08167A9F617B257F667BAAC67030E6,50
dk.spatifo.dublo,A3C38FECBD69813CE654C3CFFAC3AE13C4E965C7BE7D8D55E24B7FB05F995C29,33
com.sinyee.babybus.shopping,21342157536C60EA324E7FF990E2CF7E91A1912EF059F7900E49BE339CF8CF83,8580002
com.intellijoy.android.reading.free,F5F509FF922D63577DE6C21FEE6A778A30495F0D738072871B407745BD42748D,10661
com.sinyee.babybus.soda,2303A28BF3F738033209943E03939D0CD64BC2AED6F6FFAC006228BB470D8B99,8570000
com.kidgame.supermarket,FE8620EE96D8D6C9083D716C02535F8266FCB82445E6304029D0A4787B607108,132
com.bubadu.tailorkids,23FE2F76580CFA2D79A9804566C645FA0CC336278A87F2DAF5E2E86B1AC65105,31
zok.android.numbers,C343123F223A7997C87A2F7A2EA1BBA4C2041F0D151A008D0EEB428E147DFFDD,1000598
mylittleprincess.wizard.free,048B2181B2E62BA7A5AC41561CFBD56CC243D1D1AB5C8973A8EC927B0744BD9D,31
com.bimiboo.mysteries,502E28C66099F0D54A7DE63694EA9286CC2C44E2B9A350B3EB88BFDDF138FF05,621
com.miniklerogreniyor.quiz.kids.math,30252C8C906DE1E3208C9B13DEBA87C0FD3B07CEC7BE637E6D27ED6626EEDB5C,36
com.sinyee.babybus.snacks,2C819BE40F9CB1C19DA6E7B9477976CED1265C564F7D019F20BEB93328038234,8570000
com.greenteagames.catracing3d,E6EF5CB5AA514E8FFBEC8238291F8C1E87A166F8B8A483C05C66F5802EF4E4B5,1001127
com.budgestudios.CaillouCheckUp,C274E95AC49471F82E90E18FAC6533439C8DD2781234A40E9D8469FB5427462E,897
com.minibuu.princesscomputer,957837041FD9023496B4E3AD2B7ED1AE3254B459567412A226BD08C9C0F065CF,200020
com.tutotoons.app.animalhairsalonaustralia.free,739FADAA830C7B912266294060EFA2ACB803A084B4DC8B74F6B0970FBD06DC1B,800010017
com.sinyee.babybus.bakery,0D1194802A8BD537D6755C535A254081CE8306123D364E0354682F237AEF413F,8570000
com.sinyee.babybus.amusement,2AA10DF98B8D41B325AD79DCFB361BB01EFA64B0B53AC297876DB502FF038469,8572000
com.sinyee.babybus.policemen,95ECF5DF3A397DBA4B1D83A5FD8E6BEC99CCCCFB91FCD9C742EE332990DDE9BD,8570002
mytown.friendsclub,8FB421DC2491D1DC0FDDDEFEDA794B0ADED2BC32F22212CB6E955BE54469578C,447
com.tutotoons.app.jungleanimalhairsalon2.free,161148A16F045A7B9CC1E690F03864CBB0425B57B198569D3A7D9BD1F189BED1,800020044
com.tutotoons.app.mybabyunicorn.free,64CEBF81BDB4C54D226EB6F1754B962B18BFF0C2A28033D0CD9C927DE4AE8018,900002200
air.com.tutotoons.app.sweetbabygirlhalloweenfun.free,59323FD7F9973136F0FB5423B48D715C2890003511F4FA0BCAD578F79DC86477,400030014
com.PSVStudio.LuntikMinigames,D35B5E7D7B4168E01521A8DAC4DA7DC47A60C46944B58461E7EF39976261E4F4,80
com.sinyee.babybus.assistant,AC665EBB041CB8C2214639EB8D4DD83AC22D786194C3ACDF8DAB2E8DF89AD8F1,8580000
com.sinyee.babybus.happycounting,0547AC124746FAF294D159CC7B0881DC4ABB761ECB7AED5E8ECA7E67EB8417C0,8580000
com.appquiz.Baby_Phone,A91842CE0F29E81A7E099CD6195547EB6EAA22E1B51D81D43BD3D457535DAFE2,95
co.touchapps.makeup_girls.lite,767D83EE4BC601097F79E5B7110901A61150B2CF7E322509AAAD7478AF7B3234,1436797995
se.appfamily.superpuzzlefree,10E91DA07C6F68FF47716A2F7415AB01CCF91A5AF7DC800896B002AA3CBEFEB5,280
com.intellijoy.android.shapes,6DB1FFAA2F2A5FFDF5A760906EC3EF848C5ACE91D2E950C3C9A015959FB2DB5D,361
com.hippo_kids_games.girls_dress_up.newborn_baby_care,114E89C1FF41D032D0BB4A7FAA6F88994590C3487EBDEEEA5819D6B0F0E91DA9,46
com.sinyee.babybus.cosmetology,1A0F6CF7512652FE2B0D0D6E6862C637F6129BE262301B8603FC5F471D80BF04,8580000
com.jernung.writeit.kor,78B8B2268533271CD095E440D6BEAE42CC070566F3C92F7A42BC987F75B1F57B,300051
com.razmobi.monstertrucks2,CC046B665BB646770F772CBAAE5D8F88B3F01629C0178E4D779D45AD438B07DD,68
com.sinyee.babybus.drinks,D25098F44E6A16EDA43619A7380558DD113C87CB320DFB0DC6FA9A760CDAB134,8560002
com.sinyee.babybus.greenguard.global,8274C5B220D9FA9DB8CA0B7CA272F55367642D1BA86292D3637B45FD35B68BD4,8570000
com.sinyee.babybus.miumiu,2CBB96294DA33697AD0A514C87D9D71CD7DEA68623609A66205F8185C7321675,8480001
mytown.police,3313EC81DFADBBC37FD77583F20D18958EE576557D5DC5F37B6DDA557908AC75,64
com.rvappstudios.shapes.colors.toddler,890207E8D5AEBF83D90ECA4E85D49F17E9011BD765E3997ADE5A86EA0BD7FB41,80
com.was.drivethru.supermarket,4BBD57D5F1712F2135282B10A5A3A0413FF1F2AD726E4CD189A943C00534662F,14
com.color.cars,6AF5344FEF3B2D6A4ADCAC75304E880DDDC93569E50E93501E423B70DCDE2F48,1664
com.sinyee.babybus.familyday,688A367CDFD436B915F650DFD7CE0155BAF6FAB8A8AFF09728A23DD6E359C22E,8570000
com.coloring.mermaids,0DEC10F167D195D2FB0A4433554F1A65D740459CC3417603EFF7F7C170A07ED5,1660
australianmuseum.tyrannosaurs,A5D20C1903BDBCA156D2D51B508303CBE2E5C92ED5A72F62C3E0B1B90B21E714,7
mytown.mall.free,3A6EAA11AD144CD0826330F6031644560F0D664FFA8F9280B6327ABB9A8CCFA7,20
com.ferrero.applayduGP,6D0B0E3AA9E8F3014294795EB7E98E732F7329884C31CC5680E980F18E85CA48,20700
carnival.fair.food,DB279B892C533DC90A57C7243E8FA81A52354A2B4ABD6C9610FB98C7E567E6C2,20210928
com.tutotoons.app.fluvsies.free,11386C56871D776AB11A5A3170CEF9C9BE2CB0D937A52FF1DFE9F032BDCEAC43,1000199
com.teamhoppi.buen,6AA6129FCBB6D3EA67220F51C1EFC44C2B9E0CE44E0402FD0232EB221D4EAC2C,64
com.sinyee.babybus.icecream,A00A3541560BC8BA0D73767EE76A4B5FD38A343ED64D5EB4E1C56F64A2136FD4,8570000
com.gokids.farm,1651C77ACCA4A1BBCFB594BB7C2FA3D79D6C343733B1AC1537F8659ED3981161,3002006
com.sinyee.babybus.food,1F9D6750C8FFF0FB317A91A1F85ED438F90F151B7C547014BA2AB7075236DC9F,8580000
com.binibambini.abc,787748D13822E186A02068EC257E7325F38A67AF818F74B58AABB15EE4FCC612,2706001
com.tutotoons.app.sweetbabygirlcleanup6.free,DECCA5F75140AE3E11463D5262DCAEB4509C7E81A2A45DC1D24C32B160B8FF58,400020041
com.princess.coloring,E81685E349BF06EB5DACB09C51F03968D3797ABC42530A7057289F3DDAE07B3A,1666
com.taptaptales.mashasdaygamesforkids,0FFCAC32A4857986E3829EA4AB5E2EDE1B02D871DD1A67D71D91EC00CF3F38EB,204
com.gamesforkids.coloring.princess,AC559C8CCF5779F486B83F37DE7776CA3F270D34157F5BDFF8EA06E6CECF87A5,41
kidgames.coloring.pages,12AD7A27575FE79429E0085BEBD5557105354EC0FD655D9024B523DA593FE0AB,92
com.bonbongame.crazy.dentist.doctor,C5B576E6920797344214526A2D361A00022AB5B0297300F2C067ABB80C229959,24
com.intellijoy.abc.trains.lite,CB925F11A013CC9259E046B3059956ADB3C5747567D0993FA07295F267B4EC55,381
net.cleverbit.SafariPuzzles,6F5D583896FC5735F2F842393F83DF607B4E7A06EDF0C17465939AAD9C76A05B,200391
com.PepiPlay.KingsCastle,87450C3914B6207B2A00B6822C2CAF914ED9590FFFBB4980496867AF908A329E,324
com.binibambini.acad.drawing,1292A025183C805CBE41B82C78530F53D904B5541FC465F160F58273A45C162C,2300005
com.indocipta.belajarhijaiyah,072A8BFA70183F3AC65632BC8FCD03233F79FB1B93E5CE9D523A45D427B5B738,16
com.sinyee.babybus.organizedII,64916D6952ADFF6DCA0DB7CF94104BFDB84D945A19F336D88538D6B3C36189E8,8570000
com.sbt_human.ptitsprofs,D5814D11B3216DFCE7D6D0D356F50C8D89EC35F74C473B0F41867BBF3974AB4B,143
com.gokids.tb_island,CA4FC53D2BD2FB16656D118DCFCAB6069626308066D37CA5653008B2CDE97CC0,6000009
com.sinyee.babybus.homesafe.global,D88DD3EAE2CADE62A046EB0E8050680C9EE4F59388175A48A24C41724B4C8E49,8580003
com.hippo.AirportProfession,DC377E14DF12D424C79F5AB5A553E3E53AFF010A97D8D1A11054CA4CD5387A47,64
com.sinyee.babybus.zoo,E37D4E6641EF6CCC011B5DCBD66048533D7361EC7376B8D6A9B8BEE0F2B75EDA,8570000
com.sinyee.babybus.earthquake,677EFEC1388CEE157ACA2270E353743DF21F697F9A0D68C8C8276CC828E21E08,8570000
com.sinyee.babybus.care,D9DD315D8027A3C11B720061CB8ADA43CC1126F5527847A656B58447A41D2E02,8580000
com.YovoGames.paintingvehicles,761A1D202693D7E9AC96EFBBC1002696BC5FAA7AAFCCD720DD6DFE074E08A9BD,27
com.sinyee.babybus.selfcare,382A9E69C23C0A650B477C539283190E68C767834F9679D2990BCAA9F67D2684,8580000
com.sinyee.babybus.olympic,D6DC7B5ECC5E7DA6AB957AB69AA60335A6B4A209B13396604C05E5822CB53F95,8570000
com.sinyee.babybus.brushteeth.global,12E642EF4460FC27A58D9529132CCAB60FD66DEC5A53CCB53F3BDA54EB3257E8,8570000
com.orange.gamesforkids.coloring.princess,ED14298A2723C05456D175A51F114837DA2349A4EDEE023BFEFB12474B511805,58
com.tutotoons.app.amysanimalhairsalon.free,07E4719DFADC9533E24843CA07329F57EF34C7280292D91A3836C20C92B70E6A,400050031
com.PSVStudio.BarboskinsCooking,817DA3EADB05834C00661ADF56AEAAB4E2A1D7B2538FCB92F2ABB65AB071E680,19
com.rvappstudios.abc_kids_toddler_tracing_phonics,347468F42EBD6D09012F6642AED82178DEEBBF77332E88B403DDFEFA31795086,72
com.sinyee.babybus.magichouse,4190012527435DAF0306806E5FC51BF04CB04E0C376054B1DBAB3700E28E4713,8570001
com.sinyee.babybus.princessII,66D4CC7BBCA1431E5F5BF5F9075C73644987312198196201A4B000DBB869BC2C,8580003
com.sinyee.babybus.earthquakeII,0833685C46B04DFA0576046FFBE1EB1C5C03913F82EDC3BA075116A7FDF9FA4A,8580000
com.memory.brain.training.games,FBD9D82F1890899316A6A883B2E786B69960FE21B70AA2390F01D995BF6790F0,127
com.sinyee.babybus.digestion,56700D0CB52728B313B17DC1BF257BE477561AB8D82B50F91C6C89F07AC5AC03,8570000
com.coloring.christmas,BC86F882712276FF193364F346FBFC49D344C25826F3E38A1A2E19C60BD85F11,1642
ru.allyteam.gramoteikids,0A50E45DD1D09F7780BE3DD27CB5E172EE25F32706A746CD1D2D174B714F6E49,1550
com.sinyee.babybus.kitchens,2B053174189392E545DB837D386A37E1EC120E8D01C75CD1A81BCD9A5C7A0A56,8580003
de.softan.multiplication.table,7813AFEE76E9B153CC9FB5AF3A7E160C917C3AF418829F845045008A4E41C052,41
mytown.farm.free,1294FFAEA4E9F4ABA438B36CD7B5002C6DFF09DA9E0F4AC6025B9C213573EA1A,13
com.tutotoons.app.kikififihalloweensalon.free,C0D93EF8C0CD049B991F5292F7C374A2CAFF295B81C28E41A5CBCA24981687AB,500011519
mylittleprincess.castle.free,1A00AFEDF60BCA29E074BD071FE423E9F455C03DC7949F34B34ED56EAF05DA44,55
com.sinyee.babybus.meet,60ACF6FF0E9FE8A02406BBDF5B9D61A9E4E44B8A3292ECC7F6B367E898ED6B79,8570000
com.edujoy.Baby_puzzles,1FCFBB554418CD435F2C8A0BB4A000D768DDF25580D47AB1D1CE1FE8C0461A45,81
net.cleverbit.Transport,E9B7FD58C8D499CD1DB5AD647A37C5A7125D30FA2AC1656B2501DB998C7E79E5,200830
com.sinyee.babybus.shopkeeper,F931B7BF3C8ECD7ABB9502EAA0E158CBDF491CC3202B1DC07C504410A0F4250D,8570000
com.sinyee.babybus.restaurant,815760A143729D1659B38839117DF480612229A70E6D9C16924007E65282186D,8570000
com.jernung.writeit.jpn,08F45F1B843CB10E328CE6FB1417472E2E5B3A1D807E268A01F7AC3C4C700FB8,300051
com.tutotoons.app.pandalufriendstreehouse.free,F39C664E5EDA7676746781A667577A09AB6E26E8DE15C931E4BF1F27FD6AE153,1001014
com.laboladoapp.labo_brick_train_5y_free,257E47FE528732A33898ECCAD8860573C117B257FCC734F0BB6AD49ED6AAC152,699
com.baby.toddler.games,4396847ED15F514A6EE236F1C91ABDE411ECD0E8C3B596AA68D3DAC3F05F616B,3009001
com.jernung.infinite.jpn,674F3BB2DAA5DDD1B3906E5F8DA2293F0134C2DE8F2D7A24D53949CF43AD547B,400069
com.rvappstudios.math.kids.counting,927FAA1BCC4A9B93B8F92A4641AE7AD2C1901233B1ECAE57AD23A618A3BA558E,68
com.bubadu.bubbuschool,19DE55600D65B5C7043CC757E97709F20ABC28BFA2DFB7D46D56BE6B325A47B0,11
com.orange.coloring.learn.kids,39D2CB5EF27995C5D709AAD5AB0D5F74F72BCABB0B64E25C9FDC6C2C6E0D207E,140
vn.edugames.number.counting,E263A80FD22F442DBFAA376B7F8898AC360A3AB87943AF57BB17288FE4247525,29
com.minibuu.princessphone,73E16EA07D6F514A6781256209AC2FD9DE09E93B040BCC0FAE329DCECF63BCA3,200027
pl.kidsgameprojects.com.AnimalsFarmForKids,6DBCEA6258627C68CE6C7BF86C78900F7F5B07304AC57027DC63F937D5261B5A,623
com.bimiboo.playandlearn,D5C7362D1538385B9570230F2582C354885F6ADAB0EEE4BC0F5E5ABEACE78FEB,611
com.sinyee.babybus.seaworld,8DB06161C6D3194AD582AE65B3F14E31F785BB8F52F92B7C688D1DCA67651480,8570000
com.sinyee.babybus.career,D88EAD435595D5F0BC7201C6C0FC188346791580B0864221F3F32741D3E0A313,8583100
mytown.danceschool.free,94595D70B371AEBE71D2CEF02A04D23403EE60EF461CABEE9FBBB6EA2C79C1D6,39
com.sinyee.babybus.designer,8F8902260334990C6331C321D3E3E98EF6AC90BE623C961090539870EB0DE35C,8570000
com.gokids.transportbuilding,42D00726ABFDD20234D0D05102B5C3ADE4ACBD15E71244635D3612271BA047E5,7004002
com.edujoy.vlad.niki,0A13442A8B15BD6160B2E83E187BAE5A23594FC505065A0786194C9D091428D1,27
com.sinyee.babybus.birthdayparty,D5B9F5E53CDC6C69538CCD19E39A7335078F8994D64D0020D7817BECE723F376,8570000
com.batoki.kids.toddlers.baby.care.babysitter,9047A1AD0041D05F4316D40B7E88226FE7F9CC9583448A0A582C365B6821AB70,10
com.kapustin.app.realflowersfree,E4C11C551D7F9C4BD8084CEE8B270AE9FA99D3ECF50C66B88E770BA3C5059D1D,148
com.foofoo.tracing,FC48B46827F02349952892AA3C25FDEA1FFC2F13E725055DBBE371C683E0EF4F,31
com.sinyee.babybus.superman,AAAABBD240011F9C22411BA12C772EA8BC0EFE1C5B63B0D56822AD7A4BB67F4B,8580000
com.internetdesignzone.nurseryrhymes,CF3948090873A3C47F0BBA0D19B27AC0A1BC9ADFD431CBD38DF3B5F0EC16E950,16007001
carrioncastillo.puntos.animales,83EEDF67C951C57634EE4DF6152420B3DE16FBC0653E7952BD4C6DF87CD18601,49
com.teachersparadise.scratchdraw,EC99D8A1EAF037E2E08ACF58C9DBBDDC7CBE0307CD23A52B5F7A9FE7146DE519,28
com.minibuu.babyphoneanimals,0AA9C3AB5086675ED6226E63E83E2A56DDBFC3C3F220B9A3F2F4631FF642BEF4,200019
org.msq.babygames,6F087CBA015D9CFE1CBD9C89B63A758AF9843D66E5977D1B003BC730D68FCA24,1159
com.sinyee.babybus.village,F29B3202DD17DE3A66B19D13F4ED904006B4C229132E0A446AF4620C5C3A6BC4,8560000
com.sinyee.babybus.cultivation,C886BB73B2EE01D171DE4701F1FDC90593149C89BBE239F40B719887AD4DDD0F,8570000
com.tutotoons.app.kikififipethotel.free,6F1FB25EA91A3A5B90BC124425D8A9E2C009A6E52200DE6B43CD674F1C5BF3A4,300041011
mytown.stores.free,3323421EF4E38E0D46F31A9199D9B66D8E2EA17EC52202B2289E461E59A07478,18
com.sinyee.babybus.ambulance,E1836788DE3112F4F089C582F611D2EF38FB4B6E98893293C762B88A2A33DA57,8570000
com.peppapig.worldofpeppapig_g,63CD9A236C38AED55CEA288206FAEDC00305D762390D9108FC238D988C405FB4,460013
com.rvappstudios.jigsaw.puzzles.kids,B460DAABA93CAE52159C8EB6F1E56FC4915BFA6311F5D932BC12879A5E9577B9,78
com.pizzagames.constructcar,AC43CC00F3837C7771C8354293393A07A1B09F8290D269962EA548A935A209C6,13
com.tutotoons.app.pandalubabybearcity.free,2EFBF82393F5307D497D57D835FCE3EC4665781EC4B07E54E8642E60C74EA03B,500010022
com.sinyee.babybus.behaviour,C9CD8FEDE9BC63D25D72E0E4B94AD23449744C9B1F6037612AA77F22E6D21D97,8570000
com.rvappstudios.abc.spelling.toddler.spell.phonics,8F911A5143C4EC3248CE809F4481B05B816411B848EEF0F0FDC96900806CA223,59
com.steelcloudstudio.stunt.bike.racing.game.trial.tricks.master,3BC30964865BDF648F1EFE8CED9FE4818B4252FB8110A9C93199D0D617EE0ED0,11
com.lin.duo.hd.english,85606580F7DAB0F990D93B549843A49717B6ED25427ED149DD8534D375F2C679,200097
com.iz.coloring.games.kids.drawing.book.color.by.number,2AA0C13B2ECEC6E20497236675AC3A7B23A39D87DC493ABB2B7C9B557333A7B0,4005003
com.tutotoons.app.sweetbabygirlcleanup5.free,6CB92EAB5DC5149E44BEA2983E5114D5D0C071EC951C4C4B9E8BB09B76806830,700030050
com.happytools.learning.kids.games,5CDD6361292F171D107EBB3F17D0EDDE979E223578E80A7BBB272E6FF1C6667A,54
com.edujoy.Masha.Bear,DB6F94A75D65E53853CD8C3F370B6BA6939E2BBEB88B2F2B5D61C8EBB9427E76,57
com.sinyee.babybus.hotel,62526C79F612E55484779B09A583582459240AFBC7BA1EC826F40D06AB455CAB,8570000
com.beansprites.richgirlsclubFREE,989288C0616887F1ABC49757EBE7F38163858343A5F1A5F499F6E283579BE0A7,10
com.YovoGames.painting,5E3E4DDA021EA587892E25DD06DDFFFB62163DC58A50BF5BC70F6AF667D203D5,40
com.babygameseeepe.shreyak.babygames,7A846E7ABBF6E26CF967DDCDA339F81C755FA1E77B6D5D8DC33D628CF6246078,335
com.libiitech.makeup,6CE8F79F530CEF87D4E0024B73D4817EE091F87156D5B4D7BD84A29CDBC043FD,14
com.rvappstudios.kids.multiplication.games.multiply.math,51B01B47882A8359D7F9A9BF045972E199DC53C121B32B57AD61E5C9C22E2678,40
mytown.spa.free,A596EC1D9A725D0A0F8172365C87F7D241D26207E1D6D46D99012CB56B2616C2,19
com.asmolgam.capitals,0CFF0E45EE60E1293AF4A7891C751A4944B4CD741A4223C17FE85F0E1F191A33,13
ru.publishing1c.fixiesmath,7790DB179B538B1BF4A881045BD9DCF34F3050BF5B21B9F54ED94FB63BF347ED,632
mytown.home,F6849D09E780A5785E610417C4C27585302B021D25B3C390291FC774A7F8D9A0,140
com.bearhugmedia.android_beautysalon2,A35B0FFA5BF034CC08428A9BE29EC18221911203026E1C8FEBB0D39CA1D094EE,20190329
com.appquiz.educational.games,409B9272F5E5D1203944B3939A009317E9A69FD55BA2FAABAF36DCAAEBC8605A,71
com.pjmasks.heroacademy,5B076F6C325C9AE2E5344600556B840E3E485B9B5A7AE91E55B8EFB20D10C03D,1603
mylittleprincess.fairy.free,24A92E376CCEDF4028ED57372E81431F844F91975B48584973174C018B67AB8B,26
com.sinyee.babybus.navigation,EECA532793C554ADA191F15C8AB052BFF7995211E64C7476B0C76E520711A4E4,8570000
com.playtoddlers.urbancitystories.free,9E396999C1F2A9768B612F6168687B1ED682AA9BBA5F3FC7855DBA808A90D2D7,12201
com.sinyee.babybus.talk2kiki.global,74975C4FA1FC6449DD639F245BF9E212DCBDE51A5C68A8EDADFEF1BB98528A32,8561710
com.firststep.alphabats,D30CB5575009D1A55E79F8062A5C64668AF5CFDBCB55F76BEFB55D975F13CD73,36
mytown.museum.free,4480C8248571E88097071A8D02891021627CD032159357BEF85735E580B6F820,21
com.pescapps.gamekidsfree3,7295F5F34B4CAD726CB861A1945DB0B4B4348BDD322535E22769265ADD8FC6B5,11
com.kids.preschool.learning.games,583A857243E8EC218C9F02EC96BB303A25D863E1D2FC3BD0457AC91A90925735,84
mytown.hauntedhouse.free,C7C18278B80C50012B5D7AC7AB1C2B09CC5E59E20FA068D5944CCCB9A605C898,11
com.gamesforkids.numbers123.tracing,123ECCA427116753CDC3D33E41AF63C090A54D7B119DB537B2F819F077F37E58,29
com.sinyee.babybus.market,105DAAC16D251B900A3D06084A73B50F6C6ED3FF0A97254B84DA1634B649BF24,8576000
pl.muse.blocks.castle,F9BBB671A2E75F9E3276E1C54EA6E9C359A7EDE3D95B93FAC9A313A539CD5BA2,55
zok.android.dots,BC4346A1AFF1CA10387D3F733569EE2F2880A40C021394C6E9A3500DD60EE62F,1000441
com.psvn.ThreePigs,8CBC012E8FC61D1B064626F5031DB0E8DAC3DAA3B8BDE4825DB04088D30F46A4,40
mermaid.food.games,ECCC1AB83FBFFDCE2538593075FFE3A537A136BC4FA2A21786C63A64C16495B7,20210928
com.sinyee.babybus.travelsafety,70D6C5CE9E95B0C1D57D2D1DE81A14AE79063268191A5ADF4701988713123AC1,8570000
com.crazyplex.streetfoodcookinggame,49C86BB74A11015C1FD70D564D5A94ADA88C6DEC2E11736BBF9CD052A8209B8C,28
com.bulb.alchemy,97AAA449ED4AD80A1E6B3C7356615BB330C03A8DA5C6D62372890B8FEF75A10E,49
com.winrgames.brainbattle,F35D68B8ADFEBA1851B0396862D2B6B33BF9797E6C5ED701E435BD01C73564C8,48
mytown.beach.free,422D27A65AD2700E0A0B6DC61D62ED0BAA2F43F277D52831316D4DE8C13F8121,6
kids.juegodesumas,7CB188DBC0D63823C98D930E8C7F67FAAF37A5614637DFBA71F975033353C077,23
com.playtoddlers.centralhospitalstories.free,1032F97D6C27AEE13EE7794CB6C0F041FA993A790369AA310124769BDA815429,13601
com.PepiPlay.PepiShopping,242403C97709E1D439B6C3BBA6C105C765F9CE2674C50610D48361F92EA2F386,127
com.tutotoons.app.pandalubabybearcare2.free,2473603E7F81720CF853DDBC2CA7957575D118088E56852360BCD0C9DD686679,500010026
com.gonliapps.learnamericanenglish.forkidsandbeginners,E40F3B201DFAC884E1DA84CF0ECF2EC66D2DFC4356DF20FB61ED9C4D8980A839,23
air.org.axisentertainment.BabyHazelFancyDress,1095D93C1BDE7C1FB03BF2B12599C5F5021EE72B763672D04D3B1B3995CF8320,2005001
biz.arrowstar.funnyfood3,41638E1A87D8E7C4A61C1EECABAF8DC74CAE2D61175B63B0CCBB56C7BEAD6C3D,2701007
com.sinyee.babybus.kindergarten,732D4B2CCF5F666A5DB955981A684785B6ADC6CFE709B66BDE08809FD23E8466,8570000
com.libii.cinderella,10B826E37D215A1FED5B538821C0E617F9A0C3F438CF50C2C1EEBE3240D2A587,7
com.trochoi.constructionvehicles,51470F8A46B79315984E8FB3760D3A9C1306B8A4CE2275BFE5CD3F6D6EE675E1,51
net.fashiondollinc.android_fashiondollhair,52C614B95F229DE02077B334E7435FAF2A5547AD8CDB900926D534F500AF4887,20190506
au.com.penguinapps.android.babyphone,1107758E9FCBB65F98C2147EB67A8FEA813036125B4B7E3AC77C7200CBB6865D,78
com.blackbean.tinypuzzle,C1470F323D55003C8D2E0713072EFC02307FFC677FDFA8D88F75D6C97E6C367B,500262
com.libiitech.sweetprincesshairsalon,A0308676A15CEE11E413EF61FD5FB4173A1FADFD4BE5315ECA00CA71EBB0175D,12
com.sinyee.babybus.taxi,8B2E276C5AD3F4DC88006A9CD87350E17E53644BF4C23A69AE488436DF785DDD,8580003
com.lego.duplo.trains,F39B75AA8E0CEAFC137DB34BB21622DB352C2B28BC6B37FFE2205CD863632410,965
de.mardukcorp.kawaiinihongo,935AC6F20502B87B364CD5343AB831A100EF4D4DE4CC6A4C1B38730E210B960A,313
com.budgestudios.googleplay.BudgeWorld,FB41903118B95FD727A13D065FDB617852A6D3137B37E8E0A2D745824B61B0B8,3856
com.bimiboo.tunes,D303752E153EF74F984CB63CD7958F366F11960A0E527C01246A6ED3CD7DA22E,607
com.budgestudios.CaillouGoodNight,4420E593FBC5F8B1FF6AD8590A2E572A250B5F6EFA00777F432711CF6A7CCA37,905
com.sinyee.babybus.speaking,AC91F0F1CEDCF5D491D879EC7F6805F2FD6A17E45F6FAA48EBEBF2F611944920,8570000
com.miniklerogreniyor.gamepack,C50236A505DAD237AC495E01E3F6D1F9EE312311F4CC215C20B28FC1D0DD4041,27
com.ashgame.little.dentist,304D292586D0B1F4180E53792D1CFE8D2EE7E1315259794CA16B29E0DDBDE935,66
com.pazugames.girlshairsalon,E61A9B64BDA0110CA640667F7C03002461DA2FB56C21B16515A6F33EC98C53E3,27
com.bergman.lerecontar,E43C9A4163845D6BAED0294C57E4FB0ED34265FCDB2A26733BB52E0C00FEE317,51
com.tutotoons.app.kikififipetfriends.free,B19F217F9ED411E78F573275FC5517F38F0B912EE14F8731A4301C1F0E96CB48,500030026
com.sinyee.babybus.foodstuff,BFE0F7EBA0DE00BB8043D19E1B7DAA178DB75748511EC1C197BBD01FF5B5320A,8570000
com.psvn.masha_and_the_bear_mini,D385FA8D2FC93DBD8DD585969AEA034BE1D7FFA0B164AB01F59F1DCB90F92188,47
com.sinyee.babybus.math,F19ED9D493C49746BE2B3C3861260EAF82E7DD42B70A145D7E6E3AB51A2E726A,8570710
mytown.garage.free,2FC37A689427B3A6419384997AB285215273233FB6F94A29E3B2D6562505219B,17
com.PSV.Baby_Cooking_School,E55E320E6B5DE7A676006FE2A5202EB88FD11FB653282C2E2E03147450631BFF,47
com.aprenderJugando.alfabeto,C43D7C0DD71585327A7DB6B74AE344B641206867D2C9F9FB8A72F44851FCEE0B,36
com.solitekids.secilpelajarantkdanpaud,BE9F9DC5B53ABCD78F855AFF66672CD51E8F97BE728D47D598CB8019C00B2FE3,43
com.sinyee.babybus.dailysafety,6C1764F9E5B9E4AE6E18F99EF0710929F63BE789511C9BAE0A8ACA0F6D592946,8570000
com.appquiz.Baby_Blocks,4AA4896D69AB94EDA0C84E2F55848906B8B06A170943A4D2BF70F60DB1B00BBE,71
br.com.tapps.donotdisturb3,D77F0AD99DF84650D980B85B5F1C8E6207342BF2FDA900F0A0495EA5112B6E2B,124
com.pzl1.toddler.puzzles,FB07A5E992B30D75A7F047C061849DD9823364EB05B26084253B8F3FC25E9A26,14
com.tutotoons.app.lolsurprisediscohouse,3E06B4DB196CD8672BB740C7EC9113820AFDF9880C470D7932FED672B08E8D3C,1001005
com.mamara.bakery,F5D6204C8EAB6F2BEC937DB7D3E850F0B1A429B7A7799DA96A6F8B14CD4317EA,8580000
com.psv.vlad_and_nikita.racing,E51E2F41B3373FC729F8BFED8F97A8D24D2440578B1225A6C925CFA364CBFCE0,27
com.aofl.adventureacademy,E6492EB353F51F96DD8D22C90C145520B868FEA89990F1C6E53DD3F43933E56B,1033000
com.tutotoons.app.littlekittytown.free,9BB5E97738E8DC14AF12A105A1B57FDA4663A9F5BBF0A1F1915771B32A8176C2,1003018
com.sinyee.babybus.dinosaurII,59A45A568D60B9CCC0D1C3E42D4BC75094F2AADD775DD15BD92B0808A83AE772,8580000
com.YovoGames.hair3,D19C73F0CC5F0AA4910BE2E7827CC3A12BC2533248DBECD8DB7E3F8C26AA9B6E,20
org.pbskids.gamesapp,3940470826C37C8BE5804D32BA0C1CE4AF8F1E8DE738E296479D1F87E04EC567,405
com.sedo.puzzlesforkidszooanimals,155D3B2FAF8D5F19CA5F72726B5E961098206699DC31038085B774C853A0FC5B,37
com.sinyee.babybus.dinosaur,C59960FE64AFB3259DD0A5D4C1E4A4E29EFF24E9F87C5C4CF3AF7AC7374493C5,8580000
mytown.street.free,64F164DAA678447118902983B0A578873AF4069776C3CB95E78C518E54C3B533,20
com.sinyee.babybus.manor,BAC81A99742436F9D63254E426B5B82AEFD9950AB9E01631F2B45C9BE0D9992C,8580000
com.pepiplay.bath2,C98956D4F85F7B1DED867FCB2330157469492D7A4BC7C260E154AD59FC20961E,34
com.beansprites.mermaidcupcakechefFREE,D07B69A7CA3B397509DC914ED7579BB148E59A9D5CA567EA7D267D4EC5E3442D,8
mytown.wedding.free,5A026501C89D13BBD86FB4B3DFD4B5F4CA28B995BADAD1E2DA9B242190E6A7F5,11
mytown.friendshouse.free,9291A6F2B34B286466A8B9F8792EDFAA5BD8450D08EA35770A9A1B66EA24C609,20
com.yasapets.hospital,451552C3840762FD469AAE27C58243793AF3DDD9148858E2A0D584E8E740E34D,6
babyphone.freebabygames.com.babyphone,2C655544282E5BD9F69776FA9E3355D6396810EA45E5BBAB7AE94FA9BFA0654C,36
com.bonbongame.hairdresser.hair.style.salon.game,61B62B52C727C5DDD2D2244085ED4AC67401B6DABEA8458E88D17D6C1C598B00,26
com.sesame.apps.elmocalls.android,91BA636B83B9890917AA0BA759FB0223DD084428CB5B80E7FE8F47C178106B3A,53
com.YovoGames.babycare,C4BE42C4DADD12D0160034C907C814D4312CA65F8EC901F1BC6D74B93E594F7B,59
com.sinyee.babybus.trainII,73DF72E3B9C6DD9B004BA409F0BCB7CB66F9E0F8D258708744E4FDBA7A0610D0,8580000
air.com.tutotoons.app.sweetbabygirlcleanup4.free,94711A4F9479A1CC63B59D2F17ED1B563A09772B0EA09EE761BB52CA217C51FA,400010020
com.sinyee.babybus.firemanII,22B0D4581BB4234FD18B38B872E6E91C1989F8659EEF6B094DE285B73FAAF609,8580002
com.sinyee.babybus.diet,C2BCC6335B0386359ED611BD9D993D2E46E43611867662CCFAE072820A595048,8580000
com.edujoy.masha.games,17AE7E9281FA5470916EAEB420F5523787C7A73773F67A808EC55D1FB8191054,66
com.libiitech.halloweenmakeup,C338C7418D9FA8A6E5CC7A5B6979E615EEA84433AA874EB87228B78CCE541EE0,9
com.sinyee.babybus.town,44C4E5DDFFADD8B9F8BF5A9B4E87A7F3A1837C8F68026078CE98336321F14644,8570000
mylittleprincess.stores.free,34ADA82D44D21D606D8480ED142AC1CB7325A1B8F15B28AB6DE67F0555E3316C,37
com.edujoy.dentist,31E8158050414D2C0E5444FD3AF847EF0B206A474C8194BB4CB78FBCC674AEE6,73
com.sinyee.babybus.colour,7827B4E48D566F7BC082F0DB837FD88C9B6915CF15E87FBA63532AC9E0568F78,8571102
com.sinyee.babybus.organized,D63E40A37AF0ABBBA3A3C2A94CD283B3A3964C55B734266912CD68D22FBBE466,8570000
com.spinmaster.gabbysdollhouse,275BEB8E4DF9BDCA27D8721E0BEAAEF71C4871A37ADD6D759C101B3C6FED9C5C,135
com.sinyee.babybus.grove,23B2E8375570AB8DDC2FD8940AE1B6AD20379AC5A0CB44BC5A73C66B5D38BDC0,8580000
com.bestkidgames.animalspuzzles,C043E481A9250E7C80D80AABAFBF0754D7C48B03CC932898993260D1FA4B208C,32
com.sesameworkshop.alphabetkitchen.play,33D45410740E42A4793E6FCBD5E21C4FA7D95764C564DBD0B1EBB2E39424C666,200251
com.hedgehogacademy.hedgehogsadventureslite,DCFA9150B7146FCCAA6F485D781DD4BA7BF4E25CCF2ED122DBA4665013DF3F63,43
com.tutotoons.app.partypopteeniessurprise.free,761A8B46B41E0D12B5CD83430BB41E57DFDBE68E229714BE5B1DF6645ED094AE,300030016
com.sinyee.babybus.foodstory,71EF90E25F2FD7D81DD8BC971A6533FA6BD121166F323CDA9B10B8731E4C8891,8580000
com.amayasoft.bookstorem4.en,875773324463659E9151D72A3CEE8942DA6F5C1E6F925F5F22B33D7AB4562620,33
com.tutotoons.app.candylockshairsalon.free,A53B1CE32612534B562C6ED85280514DFB74290C11D39D15C9E36839356301BA,1002073
com.tutotoons.app.sweetbabygirlpopstars.free,F8D6E2A704681295D5ECF4F902DCAB720439D2F14651D6FAC243B3AC0A26DBC5,300010057
mytown.hotel.free,1B9A2EEEA09126D9843443135BD2572C49B51DF14E579CD76E227318E8CB8FE5,7
com.peppapig.pollyparrot,1BA7498E58B0FC071C88789803452C35C8E55961789711BAAEDBC18E9A1B5F76,22
com.pescapps.gamekidsfree,1E94BEC27FA2D63CAA68FE2165ECE5338B863269E09DBAFE4B8E0BD610C55153,21
com.yasapets.town,1C4CCFEE7DEA57D9FC779C3655422866E91CE5992FFCD7119A8902AAD3E25648,4
com.hugsnhearts.android_frozen_beauty_queen,A30F092766CA18AFE72D9A4FE50AE4C72F6BDEB15480D800774BE211E6F146E1,20190329
com.trtcocuk.rafadantayfamahallemeselesi,1CE8B707C18DDB18F203E8C0F2E672BB1A7D5FB08FAE3D7849363B699D044B8F,10
cf.multiplicationtablesforkidsfree,53A495055233ECDCCE847788134A951086A6C44F7BA816695CC572D0B572AEE3,11
com.tutotoons.app.kpopsiescuteunicornpets,C2E3E392EA66A6733A9327541367B8C7D75A16FBE98A521088A1F69FECF2397B,1000286
br.com.tapps.forestfolks.petspa,F1B035C4A35163C3A9FABB737AE8CBDB7304937F1855D30773BADB4887AC313B,115
com.sinyee.babybus.expedition,E6722EFCEF5876E3D5BCF198E29ADA3C5A2E792B20CF9F10963A15C32734986D,8570000
com.arrowstar.FunnyFoodsLite,2A611418D4F7A1FC1CA44D4AAE525138EDDD7BA10A667E044ABEFE6EC7B359E5,2401019
air.mommyandmemakeoversalon,F2F1C67E2A661FC25CE145B900C9D3FC39040AD52E831B6717E9E93C4FDE5208,1002006
com.sinyee.babybus.earthquakeIII,9BD51E4D57FB57EFDA95730E3471F505FF27621E942BFDA0CD2D4BAFB462D703,8570000
com.sinyee.babybus.birthdaypartyII,58D53745A4021628421F599165EA78D93727B10F147DAE8CBFBF587F47CF4480,8570000
com.frojo.moy7,754042FFBE9A94DC35B5E4F3725189086CA189211A286437B8C1F3B34BBAF244,53
com.hippo.SupermarketForKids,83A4798496BD6EE826CC704927D7DCD03F361D5D6C88F34E2D0B1E4AF2A7FE17,23
com.infigames.babycomputer,89DE288FEE7619347170B97B7C4820E172D8B6CBA5B0F5181F0D7337FE3C7B2F,200044
com.pepiplay.pepihome,FA5EEF810FF14A31CFA1B3F2B56756716841EF7FF6D8312EEB4259C63659810D,108
se.appfamily.babyphone.free,2087020D03E291DC8FA4445324D4F78C94AE739D15237A06A849616AFEE69933,280
com.sinyee.babybus.culture,20B4FDA1DE41F308B2AABFC1C552F523B955B5FFFA781785D583D1F24D22FC1D,8570001
com.sinyee.babybus.careII,A120A50F95506887CBC3B377899CD9F15C25D2BA929CDBD79F6389778216B626,8580000
com.EducaGames.DinoTim,24CAB8C5099FC32058244B5FD5C00FF496E8EBAE15D606014037835D35DA48A6,700003
com.rvappstudios.kids.coloring.book.color.painting,375D88F22CAEBFC4AF570A03143FD05664021EEAD44AF17D270D775932095758,37
com.beansprites.rainbowslushytruckFREE,CEE9DAC88BFD77DA0EAAE9C1E5B79872FE260D60A8E1AB99CE4165B6880F9338,22
jp.colopl.nyankous,2189F07D4534D37855A94057CF2074AAA01CA3A42371F28DC7F5F8E6CFF8D1E9,38
com.imult.bebebearsfree2play,5306087D80E31347778B23358AD90232997FA5432CE4BB6C1EA3F77683768204,200215
com.harpista.perguntasbiblicas,ACACCD390D07C7FD61DC7A6C2CBE08DD48536263999891C91934A10A53A82D2F,200000
com.razmobi.kidscarsgame,FF82DA6271E4D9ABF71B455B6EF9695E8CBDC78C6B1B8A86B87C0A0B70BA180E,30
com.oki.colorsnew,A3FA8CE83B3B7A5553F9AA534B5AD2CE68C57F5ED2D20F6729A4FA4A43997F81,2000002
com.sinyee.babybus.bathing,868C6193485BA23EA8CFDF9D9ECB094F60CFE67AE26EB324E55B49BC44309F56,8570000
com.sinyee.babybus.greenhouse,7F923A70A6EB99C7DDDA38608DCC89FF78526B2D27A69B57DFC1ED09B6CF9DDB,8570001
com.dungelin.englishforkids,E392A281CEA7A1B91091C8FA1027E3773CB1DF15DFA782BED941976C167DDDAD,109
co.rijal.gameedukasi,FF75A4F36552A529F0728BF52D28AF55643C158306C319597E973CC8E5980AF8,20200425
com.sinyee.babybus.diner,27F9183CC0482E13C8E00D9F643813CF8DF6A709E31E2F8181649A8FCA98C660,8570000
pl.paridae.app.android.timequiz.capitals,F27500A9486708B91B7CE5318958F6340B4998F0795DCF92D11E31AD9DD5909A,49
com.colorjoy.Learn.to.draw.glow.cartoon,A061B5AB58E0BB9882189730D6283374A881110986D4B8AD40E5F5650022759D,19
mytown.school.free,C4A5E86E11A684646A9AC01416EF75DF90E59B7883F6B32BEA728FE8F4B95FEC,8
com.edujoy.toddler.games,81D9AB399E35366A1ED09EB00A1B1A1C552EAEF79073A90793BF2F414D4A9860,52
net.ipromgames.android_pitchsingersalon,5AC2B7028425EE1EDBE3E178017225809660B9F5A45B9D050EF41CE29623592A,20190314
com.imult.papermates,AC28FBA5A496EA7E5EFB0D21B0D897068044D9DFED94665FA9C092E94064230E,200335
mytown.cinema.free,3BA363569FA0DDC81A13001500B93888A6EDC45F4F1BABAA731067D10440FC53,20
com.beansprites.rainbowicecreampopsiclesFREE,7006CCB74570A3BF12B9D6CF9D86A5FFB4201BBB2EB5A2D2A63311321AAB9D06,24
com.infigames.babyphone,2F6D86749514D464E51815C15DF0AC5770B109860D00FFBEE3622802C9EA1DCE,200052
com.psv.vlad_and_nikita.supermarket,F23BD1093A5C331E0B29B4ACD111C1BCB97ECCC6771FDA634E26D216773C6153,31
com.libii.halloweenboutique,742F12DC8E3145E70C6C3170DB523B6F1AF51436B0E753B37482B9E74D2AECFE,13
mytown.firestation.free,7E56D506C362E5A7CD869242C4F592BF92D4A7F56036F4216A3F573061E6636B,11
com.iz.pretend.play.my.monster.town.airport.games.kids,C8B752FC58841E0CFD97E1F3254E8C0142D6E2AFD4FA35601B8CCECB19EE257D,18
com.libii.frozenparty,F9A5EC99AA838675C98CB4A999956E1A08B524778DC45792D355EC974291994A,19
com.kidsfoodinc.rainbow_ice_cream,C32C1C36DC57FED865416DC33AD20528EB4D3AC7C3D571B097E2BB9FDD9BC68B,20210928
com.juniorgames.girls.cooking.happy.kids.meal,BDCA470798234C4D6F2D2B0A37202130FBF1C880B0E58CB8DDD5AC4A42C85A6A,28
com.bubadu.doctorkids2,2AFCA7248652E18772BCFC2A8CC24EB1C813B45E9CC672318C679F1B0B834731,29
com.tutotoons.app.mybabyunicorn2.free,DC5965CCFD6F9D511B8A787AA8D1F5793C87FA0B17053AE2708B8C4E65E6EF7C,10000049
com.real_dream.abc123,B530DC442FA98AC08EAA39364B093BAEB63A5D397281522EACD18BF9DC926B5C,9
com.playtoddlers.dailyshoppingstories.free,A34113CCA0D4F07E8E7A242239ED47792941FA99A77890EF5F233F1F5958A218,12500
com.bubadu.mybabyfood,6A5A82E27B3A90C983CDBBD5E4EF0DBB02925609411DA09772A9C239B35DB681,25
com.yasapets.halloween,2C8BC176B9094B0A4156BA8CDB76CE8611A34A0F3493CC9A8BA3E98A97A4890D,2
com.sinyee.babybus.natural,6BA2D3DE28CA4294BF6302608E64CA253506D21863033DC24129A52AB0D9DDF0,8581401
com.sinyee.babybus.habits,5A7741C25F78BB13D56006D510DEA07682EA9B1BB3AC77AC3317B711953BBF9B,8571102
com.sinyee.babybus.world,E4D1695FA2ADE10928711DD898BF6203DE09D8CD9B159FFC4F76EC7A7AF0C9EF,8393205
com.tutotoons.app.fluvsiespocketworld,2E180D9C2BB117F2DD090A9647C4293BD689F2CFE6A63F74FDC0F210596F5D62,10061028
com.SensoryPlayApps.SensoryFishFree,8773D6949108E16169F947B903B9ADAA57FA061382EB4FF79DCB05F60951C9C7,85
com.hedgehogacademy.logicspatialintelligencelite,C73DD14C3F313454FC596F52F78254AF31DC1811D2F6D820D7B9F53108FBDAB6,41
net.ipromgames.android_seasidewedding,2EAA15E2D1BBA6A993CF1E6468F6249056309BF205B854CAF97B0D28EC9DF2C7,20190428
com.sinyee.babybus.earthquakeIV,E122CD402EBA19B4FE503ED183C3F392336EFFF0BA3CB906026C7239FB4B5D00,8570000
com.akita.hijaiyah,58E678E6E44B6E7691B42677D7FAD5E5EECC1F153CBE99E996FFFAE0CD4F1E54,102
com.prodigygame.prodigy,E9E36C41D18A9BCA1626D4587F4410A277501C64E1F23CDEADA2DC06D3A8A062,40014
com.likenastyagame.nastyaget,E48799BE035A7111A708F0C625162EDA582C6EBA92DBD31E8C81E59D4A41A002,18
com.yasapets.xmas,30C8AA6A4B44AD3B1A9D20E7B57BADCFB65AF53A8FD06F3AECDA610C9A98BD82,9
com.educational.baby.games,CD3BBA62D1235F5297484452ED937CB80ADDDD5082F9F2318D3444A6BED4C9D4,40
zok.android.shapes,52405B0AC131D488EC5A93CFDDFC2BD3F2FCD3FAC777BF85595532CCF3847078,4000821
com.studioedukasi.soalujiansd,56F590878D2269CF25136365E8C91D1CCF1D24C1EE92D2D106DB100DE4748525,8
com.sinyee.babybus.art,89145F3C779E5D47F15A791D90DC72735DF7E984FB14144F256468A359079324,8580000
com.libii.makeupsuperstar,F2D674F97A897E190AF4017A64AFB940972FAA0E5B8BC4C63CC5684C7A8B9185,4
com.bonbongame.learn.colors.and.shapes.kids.games,35FB0A99427C81C32F69E11645C93D1BF98E02998B762AB2245B301C9A732F47,30
com.sinyee.babybus.dance,E2D4C68D8C7F4F658AA5EE6AF00E573271CA0BAD41FE41C49031FCEB94AE5F80,8580000
com.mezmedia.bambaburgergp,374FC3FC8D1307FEB9F0441B4AF2C2B8835FC848F49D1DF4BC18A78B8E16C953,22
mytown.daycare.free,A3363B499C4CAE0D28B015BF0F02E3F647DA6243ADDDFE054E3CADB0CD43EDAA,7
jp.co.mozukuapp.upa,5B21867E48B8F50265E0E01D1FBB1AC2474729A9055B250A6E00EF7B487DCB25,11
com.sinyee.babybus.rescueII,4208BA0588EE00C9F13CD2449F08E44915C10A9C34D9746706AFB399BAB70A86,8580000
com.sinyee.babybus.diyII,A83CEEB42A07C32071C7E25E0F123C928C38E030A89229D0FBFE089E17D1B5A8,8570000
com.gameimax.kidsschool,764DF29A82686C241C957618EAD553E4D02075BAD77F31BEA05CB1B06E73EE9F,124
com.amayasoft.cars.kids.toddlers.garage.game,3C1272813108E0E5490D21DCD4928FD7E269193BF65A19AB5A481ED894991B7A,12
com.amayasoft.bookstorem4.ru,4BD48A3E4F7ED32B73533619B21D8B6A83B5C3324C964F6D0D02F0898FA98A78,84
com.pescapps.game4kids,99F0CF15E22EDEFA526C21DE3F6A12648C0BAFF48575CD773FA9F88AE9558E30,9
com.rasheedsoft.million,53D4ED353FE4CAF519474A588CE2460CB61446A302CDB9B802DDB8C5660B2EB1,13
br.com.tapps.forestfolks.homedesign,58E6D953EE513675C25BDD5298019F9CC4F36A40BA317AF18381720A7C31A508,118
com.generakids.myknitboutique,6EB02BA592D115D6E870AF19481F0F5D7BC298C97188D0C460006E2ED610CC46,17
air.com.hihoy.realisticmakeup,3F8EE393DAB6A5731A536896C079A0D2AFB1B2CD4279DBB4C3A6D90340B9DB5C,1002003
com.kid58.lianyong.princessIII,D419BBEA6BA48B873F0C5D54F7D7AB084347E5D2B63840E53FB19CF239F587C2,8580000
bee.crafting.game,A70578A8473326E014154F3430DDED94A26C5906180D2C411D909A4C9193D4B8,105
com.sinyee.babybus.dinosaurIII,5047974D0A0F9733AEEBA5416B2A3E2FFD2DDD9DE96DA692B130C134204520AB,8574000
com.yasapets.hotel,CA6CD474382D0CB86085BA63E345167ABFE27184A96585F149CE4704B2CBA4C0,5
com.tocaboca.tocakitchen2,EA758192672E138BC65561F9AD6BFC91A7DFD9F419382CCD16E91079063FA4E4,4336
com.binibambini.drawingforgirls,72E392513B8A1F7F73E08A6CE49BF47B88E924A61FB2A95FE51B6A30C4856BCA,1600013
com.trtcocuk.rafadantayfa,A524B59EE0EA8F221951AA6BB01CAF43B87BF89FB273EC0AFB05D012BFF73754,7
com.panapp.guesssupasitthai,4AC623B818A3D59E74EAD19CF1575000329FF94B538EB6BD39FD67655C41C63A,10
com.imctoys.crybabiesmagictears,DACC87C4236758B03783778258907B822739F981F239599B3526A07768BE8B74,13
com.kidsgamesprojects.zooforkids,F0A63EF849402834AAA0E67FB0EA22F981BAB683F5547BCBECD8B32D97A97416,315
zok.android.letters,7ED80C86EE88890F1EED3B99B056E17E199141A388DFA97816EBBAA5BAEA94AE,8600931
com.bebi.family.baby.games.mg2,D0BE11BE784D44FA7FCCC896676580F8211D76355BC67FE62D6B07F70EA1BCDC,14
com.pescapps.gamekids5,52C1C124FF27E318912A228F2F22259EB71936F3162500CB750EE2878470DBC7,7
com.mattel.thomasbigadventure,D76A07FBD2A5D10D7A2812F787AC237640739FFC2BAD6832AE322C686F8C8C96,171184
com.kidsfoodinc.android_make_snowcones,F397125DDE916BE7566924FF427C48C9A85FAFB22D9C45BB29F1DFA41A52CDBC,20190514
com.yasapets.village,5EF21135EC049A230EBD68F1E263F29F0BD214D358D82F648A64317D48FE165B,8
com.hedgehogacademy.cinderellafree,F8C92201548867D52DEE3FEC47597791C9ABD4E50BFC17D19A09C2AFEF94D122,28
mytown.grandparents.free,B1508BFAAB151D01DFC7773F0A90B65E2F8F0AE11549DE692093CC0EB9E12F3F,6
com.magisterapp.jurassiclife,C08934EB379D71CE629B23C447EAD1E47AEECC6F38AFE7EFB63EAC3776613237,14
mytown.hospital.free,A2E262E561D9DA18A1F35B3248CEA7A45AAE54EEBB4614E42F0D7F19849DF6EA,5
com.nuttygames.newyear.sale.cashier.fashion,EE0AE474A0BF229EEE27C4FA181814385769A711053D20EA2C50E23DFD039EFE,200030
com.ElevenGames.fortniteguide,677D6F861997E2FAEF98CAE11C53149A56532ED05C877D267FE41F2E0DCAB16A,1
com.yasapets.airport,EC3E1FC142A34956F9E34BE3A03041EDF3C711E43FF6E2E2CAC38354AE360098,3
com.drpanda.restaurant3,6F204A09F91623997CDA9DB4E2039B3933A41CE5E6C6AE4425E3433A48401571,212751011
com.abto.glitternails,709B5633FB34F1863D4E62DD148B5710DFA3A26F5AAE0C6B02D6E1449196813D,13
com.hedgehogacademy.snowwhitefree,70D2EC045216381E459789750BADEC2B9C10477A846FD29629293F428255585C,13
com.google.toontastic,713BC62548C59F490F71BEFDC8B3FC3D87C8709C40D4FA6CADE85188D851FB5E,10005
com.crazycatsmedia.android_makebeachfood,71425A9AEFE1197D049FF32D27271966B5673053A35B67902922935FE8B0AF61,14
net.beautyincorporated.android_facepaint,C739F62213BDA28E16185ADF6BDD657C7508DC491C09C52B9B63B0B4E5725880,20190402
net.cleverbit.LearnAnimals,871675FA82051A946E3666200E9744D96A7107723EEB9E874658DF9EC7B095C2,200830
com.sinyee.babybus.kindergartenII,9C7A3C734223FE48B0F48F34D87B2B77A0308864034B65B892E9C0FA24EF269A,8580000
com.batoki.kids.toddlers.hair.salon.world,BECAF2C68797D83076FFC30150274B19469940BD4BE214F9893C422003DF253E,9
com.libii.superstarhairsalon,7F0D7928C2343FC185E9CBC57BBC1DF1B1B5E10239451F2368FE2BF5FC30BCE2,9
com.yasapets.school,9363B50A8A5B9A45B36A70EE68153506773D73F86FF8D40D5C4749F526FFEC2E,5
mytown.airport.free,CD28B4B77E0C68A44EC2484998AA982F2324D2FEE5C5379AA26FD7C0533197A5,4
com.pescapps.gamekids2free,8E007430260CBDBB4D35BBC83D5E7AC64C50E1A1BE7AAAA0BB1DF895F384AE2C,16
com.drpanda.trucks,A2C32B271614CFB27195A4C588D7ECEE125C303C4EF9C8F75632063C5DB53BAA,212611513
com.yasapets.mall,FC90849BB0A0CCDFBD2117183285F3581DEF699494C751DC3560CF4080CD027D,5
pl.kidsgameprojects.com.PreschoolerWorld,F9FE051E11090AA404E9516BBB954B540F0828E32CF4453C7A73287AD55A84FE,311
com.hugsnhearts.android_beard_salon,9C0DB16AF2EB1C3479CF0EF1AB63ECC4D868E4CC7DAE2896184DD282653DD4F5,20190409
com.playtoddlers.sunnyschoolstories.free,9AFBA07F413CDF7DE8B7197D1A1A19061C9E87FCDCCB1BF51C876790F4BD60FE,10800
com.KnowledgeAdventure.PSMadSlideFree,A9CC5C5418B0F1786683EC47BD8D16DB97369AF79AF5DB572E31FFB2BC499535,9
com.yasapets.tower,B37406731DEF67D8C6F0C5237698581669019BBDA07938CE3E59CEE162717091,1
