package,sha256,vercodecom.jagex.oldscape.android,26BC1FC9642BDF0A74C6BE1C87310EA6FC6F9EED97E25B759BD5CB1C87FBE92D,2000101
com.gfstudio.survivalislandfree,121286D6F845F0CF651D5AD6FD56ED4AFDFB13CF1A089117DB79C358FDD30D82,24
com.dev3factory.shinbiApart,BD3FC7B8E3C8F91095FE8926C3324A638357C4B5654D156E1738F5627DA02980,162
com.mytona.seekersnotes.android,6ECDF87A0E1DA0575A84030F6DBBC9680A0D55A888A96A7E6365EAD57A692D48,5467
com.joybox.catshomefree,7C53999C0F2393C4739C9A4B21B07B74B8DACFA464A59FE72E7612FBE9F80A2D,278
com.pm.mega.ramp.impossible.car,7750AB1F3A7036F5F8CD09E91B33D5B8618F21600D32912FDD330FEE5AD979F7,53
com.movile.playkids.pkxd,D2FF250610D638F0ACB94318FDD0DCA74D93117C22E1B6004B613DFF4C483629,468
com.craftgames.plntcrft,101FE813231934575EFC7AD44C9211B93241F12D8E217594A1383DE8D00A0CF2,5032
com.nianticlabs.pokemongo,DA0B6EA5CA37EEA2C5472F9F688664153765EDCA1599FA913116CAF87881A649,2021093001
com.ghive.jeep.parking.car.free.game.master.apps,415DEC970DF6B11474A0BD1BCB4D6034C698F86A735A9728C56BF2A99C73FC8B,102
com.apc.impossible.mega.dangerous.ramp.stunt,2F56C35A415B2491DCD6DA4D89C636BEA2F6E25889D40D85BF9C05D9FCB71970,11
com.pocapp.castlecats,7026C96597B45C0F6DC0DBF05031DE8EFDC80787C4F219768F9828DA97BE26D0,100302
com.superbinogo.jungleboyadventure,39776F97AD8531BB6671272A9BD3E70AF7A0033D16C8B998CE35C9E94F778BD3,72
com.mustardgames.muscle.car.stunts.mega.ramp.stunt.car.impossibletracks,ACF45AEA477780F3B1B9EBC50C59ECBC0A8D0EEFC48E1DFA6CA6AF1666D4E618,87
com.door.glass.bottle.shooter.expert,4E258121322E164D73168B634C3F8259DD1D3997D3F886DF7DCF278058FB759D,89
com.roblox.client,03157C47F42C23FB98F11F0FFDCF2645184C5BCCAA764ADAF0958335474E9A07,1090
net.wooga.junes_journey_hidden_object_mystery_game,465A212440CF79EED2DFDB4BE44A37D3B2C13D58D9515C5B185849DC680ECA36,2430410
com.truegames.explorationpro2018,6CEB42AE57064C218170E9879AC498F932E4A76F5D1291C165743F0999A68044,85
com.Earthkwak.Platformer,D1C8CA4A1DAA4E8484C4A497A078ABCDD88967FC6AC7A261ED62F3CC9460EB5B,75
com.tinyco.familyguy,E860619D4705BE934D8AEBAE8E4C039042650617AAAEF3FEB53151A50E91DFE7,4070030
com.renderedideas.jungleadventures2,D08969A0A71573A3D0ACB161AD22313D933980885DB5BB71D61EC3E723C68CBF,398
com.hexxa.police.truck.robot.game,B564D0E52D401B74A6854B138DDDD375BECD437E9AFAC4CAD427A146B49881F6,33
com.capcom.smurfsandroid,DCF932BFD0C7F551806540C7453573FA45FEAB73267B07592A439ABCBB0F2516,435
com.hyperbeard.tsuki,30C2215F48794DCACB259FFD580A7C54C104D5BDBD03AE1A90632CB2563B2086,389
com.gz.deer.hunting.shooting,9E899AD53171D2AA5A553ED19F47560DE7D3382069507A52129BA772C90CD393,35
com.frenzygames.fgs.shooting.anti.terrorism.combat.mission,1926E9F094B5213310FE3F1C1E39BCE2217ED3C66EE0E454CD53AFD5B5406FAD,200059
com.caracolu.alterego,96293BFDC08350FCB24683A8242BCA2B994E980A23A27580D3AFD5ACDB4CA497,67
com.webgames.ghosts,0332A87CF472068C84B20689FEB3AFF5D349A26B712A94B42256EB9578ADBFFF,2284
com.multicraft.game,B5BB9875F3475FAD0CF1CF42F98EC185369CD420CC7650EA641008385DB4E7D9,181
com.umuro.ertugrulgazi,8D2ED2EDE53C058BEA1F75E61D8632B9E027171EC5E8AAE4B2FA0879E57BA37F,134
com.MoodGames.QueenBee,A857DCE218DC4425814B89D3080744D8FF59C5607D68EEA438175DA53C516678,32
air.mexicorexandro001,80BB250CF70F8AE2A7EF4813DEFD4D9785A299EFFE7B45CC3D2388719239A3B3,3005000
com.fgz.flying.fire.truck.engine.rescue.firefighter.robot.games,8B11DCE3D2E35E3DF9ED01806A9CEB55BCF3BB711DFC8F17413824BEF1E8E609,33
free.os.jump.superbros.adventure.world,61E670370C1B3E1B42E8AC8A65678668DD8663FD54E434C7CF906153C958DAD1,257
com.prettysimple.criminalcaseandroid,00DF7BDB66762728E4EBF95475BF39EA83E652B0FE83C8B5B8C2E3FF26F35E32,1794511
air.com.moviestarplanet.roboblastplanet,285289A0CC22D7FEA0EA99966F2EBD37B4108108BB0EB2DFE7BE15BED7DBDE90,5017001
com.sega.sprint,682BF09F85EA7F22A0AF7A45C00136F7DAB5F88464A870595766FD9DB06C68E0,1121246160
com.renderedideas.adventurestory2,DDC4CC2C09396FEF4A5D4531C7C40EE4940BE723D6591DCC95F01FDD39405FEA,234
com.budgestudios.googleplay.ThomasAndFriendsMagicalTracks,E1254A739E0D541261234B4603353BC124A6225AEFF155BF4BDA6B83408A85BB,4414
com.gameinsight.gplay.mmanor,BE467A216AD2910EF5BC653B32640F4F6F67206381D12602C913FAE6F9556696,451
com.renderedideas.alphaguns,D059A9BAE2D1CE369551E626CAF86423DC2A14BE278544C4EFEF66B901E41ADB,274
bubble.escape,CD8EA3B1A855DF7B113C68D009A38B8E028FFBDC16FF036D753B987DC43EEB69,90000435
com.eg.deathpark2,925B7BD0C8ECD9F2FF02396DB73BA224C47C89A520A7D209117F140293734B7E,47
com.bag.farm.day.village.farming.games,4E407E97F791B2D041D28696FB0DBDA668AD9A568E3757BD0928E59CF9A410C8,200097
org.nanobit.hollywood,708DC626DB4EB1C07733E84090DEA12E10EE6A46F75420C91FAF2E01D85513A6,794
com.sugs.prado.car.adventure,01276D9EA301D5FEEB4FD343A77E18EAEEE7D2E583FB86C89D8E83A7EF3A76F0,43
com.tohsoft.arashi.ninja.shadow,A4138DCA6CD5ECADF25C2E2D4A9A5D60243C885655150A322C4DA8D97D11862A,52
com.fivebn.LL1_f2p,7F447DEE860B9DF6E73BB849D61C724EA0116247A1C3C1B84FC97FDB9815921C,11001
com.seccia.desire,130A0F6482DCFEB84AAD31EC35C4E846207CAC7DF04CC9B0BC2550BFEBABFF1F,27
com.deuscraft.TurboTeam,CCB00B23927F555B714E33178DDE0D7B00B6AEAE7835902F2A2E7B83DAAE3084,1188
com.tt.superhero.bike.stunt.gt.racing.mega.ramp.games,0C5364B379EB4B528BC0900CFD66A81A5B58CEC964897FC82664E89CAB5FEBA3,32
com.nttsolmare.game.android.munef,171A08E4A195E1A7048B51107FB2C1C3A2B0E30E3F5DBE11268878EAE55D5054,3432
com.haiku.adventure.escape.game.mystery.stories,142256B2AE2A99568F6F0B0AEA31EDCDC9EAF6FFDE2A4653725E603FB9F6BB6B,110
com.appxplore.lightaway,320000841C964DDA174F64DC8DF8E2259FACF5D030ECBDF6BE17638065234463,338
com.sigono.heaven01,B4A13AE1389F48053F27BF33B8A443FED24AFE65C7432C25920E810C27B70492,2005
air.de.sponsorads.sieben,1ACE8B54424AF7B43480296D0DCAFD7EABF095B52A2B89007A42A73F41BCC17A,1005086
com.fsilva.marcelo.lostminer,BE9D827AD626FD25C8E6BA2A17C63386507BD1BD8390BE5E9B735EC9648E4D91,99
com.mustardgames.horse.run.fun.race.games,B121DBD3500A2D62C5A590A7E8D195BCCDFB1E0BC1FD44195ABBFDB0E2060ED8,49
com.g5e.survivors,037DCBFC68591AC8185CDF49A18651DDC7D76B06C3E0F64ECD568C85C5B142C0,97
com.fourdesire.spacewalk,5361F43BBAF5463136D0FF9401C78AA4CB8B0C3C6F2CC63D813D0BDD86EDCCA0,1032
com.BrutusGames.jocul2,017D6614F14E2AA0B64C4AE18BAC6F8C8B07B9030DEF9AFFF1BCBC7099300E2B,97
com.divmob.ageofheroes.braveheroes.battleheroes.epicheroeswar.epicheroes.en,5C9C47C13320915F660734A1603E4CBDC866FC7341D0A9EEC2B91AD1B7AC5BE2,574
com.crazylabs.hotel.transylvania.adventure,A33F8A5D36D00E09FD7D38F871792F37587B93A6CF6836D557529F7BA0076A37,144
com.survivalcrafting.rc.minecraft.helicopter.games.flight.flying.simulator.fly.aircraft.heli.craft.plane.gunship.chopper.free,2A257D4C8B8FF091486B794F23EFA677FD66EC4EC8CAB2B90FA1612E93766972,3031
com.wot.first.war.the.earth,A55C12645C163A74F99F2EB7CA4E7AB7BCA61E92DAD7F746A41C483CAD3E1601,33
com.RetrostyleGames.LastPirate.deadthieves,099103AB4BB8019FDD8528D2EC065BE0F7CD180B2B8EF6BAF2631648AAE7F7C5,163
com.goplaytoday.divers,B7EC8B7A2DED6B587F3029AFCBB1D3DADA6634FC836B18FA4FDC1A3EBBB09FEE,298
com.sgs.deer.hunter.animal.africa.apps,DF9F72C5B218A10002B95D9C978719BD5A4CEA2C6F811EC09D7C6368C2F480BB,54
com.superbinogo.jungleboyadventure2,A02A88027E2AE182BADB74A11341A5D6E47475D203A9173E1ADD6C0E9377F8E6,121
com.korrisoft.draw.your.game,CB4E3A93F858F18ABD4277D5E5BAD60B02834CD3D33553D9E36333DA7161E1A8,529
com.netease.lztgglobal,059B14226EC430DEDEB22C67FC2AB3C34FE1F87D675DA9E5EADBD4E97D318908,100433
com.loltap.farmland,C7E0F2C3EAED44245A51373A611C6F53F68C69C3047BC148D03DC14617A8B84A,72
com.doctor.robot.rescue.mission,5FDED7C2D66AE05CEA937B44D9961B993EBBB32064972A97C2ED8CF7F266B2B1,12
com.glu.stardomkim,7C2B1829DFDC2EA4F31CE813F4F53D89BA2EC39D6396DEBC0C6BCD5A0BF286D2,1204000
com.waybefore.fastlikeafox,01F579E6EDD10C79282B423098A1C6C71873952CC1B734656CC778455BF98397,10378
com.stormbreakxr.snow.mountain.bike.racing.motocross.race,EE5F0605B4A9EACD7AFCF5AA68BD6B3896CE4A6BC56CDD7A46691EB5D431F140,22
com.kongregate.mobile.throwdown.google,FE2C2696E9C8A3D6D08F7758222FC1483143833FA2AF70AACFA30BE290DBCB09,26296
com.ta.offline.strike.force,15CC88F6BD1C4A8E489E1DD4484D3EA5E94F08665EF045A9CD09E99550340C69,744
com.PSVStudio.BirthdayParty,022381360374A8089DA8615B8147CDA70CB2BA2815F1026E0417713ACECC27CF,66
com.frenzygames.fgs.uphill.offroad.suv.drive.simulator,022398E06E08D521BECCAC0D1196E42864AF5A3A6DFE80FF6D36B27DB099C0FF,8
com.rzerogames.charliechalle,042DE0B2CF2614B20568ED5EE2F43B1CFB9C315F7D73F3746A1BD38F931F2F13,44
com.ags.flying.muscle.car.transform.robot.war.robot.games,A0620383951EE8746A2BF02DA3753A2110BDBAAEC90DB63DC634A5CECCB1F91B,31
com.whaleapp.hiddenhotel,1F1359042AA4E86225E389DE9EC62816D6AAC2ACC7612FC564AAD6278D35825B,993
com.cgs.fox.transform.bike.robot.shooting.robot.games,4A5DA6FA5EC075FC13D49D42A36017A512EF0997EF87354EA4046D4037FCF51E,34
com.PSVStudio.HippoBabyBall,2267616FC8F2A8B0C6BC747F21761C8B73107A2E2B19D33C9394FFFE53F274D8,49
com.g5e.homicidesquadpg.android,02534AC888849C70F3704DFBFE7066D0D4AC375371DB0B0CC7B03A3A8BE97FA6,661
com.fa.gym.fighting.game,BBC16E35B875FF353F010338ECCA42175A75A6983CE601E1FFAF150B7F973618,200065
com.fa.bad.girls.wrestling.fighting.mania,82EAA9C03DE0377E7D0DE5CCCE353CB4F58193521ABBDCF1CF922722E0D03F8F,200048
com.playmini.miniworld,46BAD6A7E64128D05A11318CDFCF1D0D7D748E37D5B95EE68615C8EAF16F7F56,14080
com.gameloft.android.ANMP.GloftIVHM,26B8BC3B73FFF2F215BADA6662FF214AE5D8450E26D271D91258E6B9934C4464,20922
com.upjers.zoo2animalpark,806B66E0791D544602DE0AEBDE954179C833635DEA62CA8FD5983D867B7D8E15,301087
com.kiwi.goldrush,7FABC40D6E7F98E2FF86B68954B136D9E116B07E8F72B50E133591B6DF3A4E18,102
com.YovoGames.carwash4,F963B34F6B1527074E5311AC6988DD86D3C5E8ECD14B0C2C22D52D388CC49309,20
com.heliogames.westland,3F5410CD0950B1C9C8117A4699B95E15505563C4ED8D228691D4B59B51A122D0,2375
com.SGS.DrivingSchoolGames.RealCarParkingSimulator,1E26C8EFCBFE36F4830EA51871A29EB12ED712A7D805F5A44CEF3AB767C8F5EC,208
com.gameinsight.mirrorsofalbionandroid,A3F98C6C402A9E365F108A323703DDC09AD06B56364F8D8F6BDE84644DB15D3F,300490
com.teamsignal.opus01,D90149F96A84A077D1E68F2EF43773F4CBA4395BAA7650661DB8BDE438D5C7F9,1003
net.elyland.DraconiusGO,F155DED6019FABBB12A7490E95B234DE42ED91923D76B3D7CF4997CE38447AB8,14446
com.herogame.gplay.magicminecraft.mmorpg,ECACD5D43553B95C7C0DA9DF6C5F30FF958FEFBB99D6F5BEB678EE66F4852A1B,114
com.tricktalestudio.ultimatebus.racingcoach.driving.simulatorgame,03162B95C2F1EBADA2BF81F739F71766BAB868285E4CEE81AB237F0C1C1E7918,24
com.wooga.pearlsperil,DC6094032404F9F313974218E134181F96A9B5B3323C9264A211314015B16AB0,70349013
com.reeltoreal.survivor_adventure,6DE3685E7268FE6680160077621250030D013FAA91DCCC5EB699E6D2AA88222C,260
com.ryohei.haruki.Exit,52BE6FDF70DEDE734073A1C842B08D93E2EA620A3ACF0442D0EB013C3A02B86E,122
schoolgirl.supervisor.saori.sato,14D429F48440717A1AE3CAF9D254011EBCA56B914BF79D88AB23178539B7C433,303
com.fa.tag.karate.fighting,D7D3415B763AF5CE7D1C355038AB473E2F63BDF18CCE4FE165B03B4774BA7A5E,200103
pine.game.skydancer,0647CCDA046496AE53A08168D90BE19BC83591848C0F426C0F58F7B435022C27,423
com.cradley.bee.robot.games,5E821879F3B8690219AD4D870A8490DB3FB283C5CCE3509BD56D736793E7CA7E,39
air.YouTestament,0377FF3B68BDAD34BB1FA41201707F6C0253E439BB4D61DAB1628E97F59EE2E1,1099002
com.victo.mario.adventure.classic,866BFF8C896A0FBC1F2D0F71D53C209C5984D67C06164DCF1D3317BEFA805F6B,1070
com.oneway.Deathcoming,10661D43CA5353DBEEA7BEBFEB2D78F31D98A0D762D13FB1EDC6C26970020594,62
com.superwave.goldrush.android.googleplay,54E06B9638885E0D0DF92257682667BBA96EC31E866335F8F334C9720935038D,159
biggiant.newdawn,69686EDF50F78935C8DA93FF88AB78B0E09CD7989A1244EBD75F8F8D341B60BE,38
com.tinybuildgames.helloneighbor,7C6C8F9655EBE1E8232525341C2364079592F04B6B58198A753E72A39819C8B9,274
com.appblockgames.robloxmaster,A8FEDF17623DE755ADA2419C2779D3F19BC72DB22EBDD47DCC90DCF6CDF9BCF9,67
org.game69studio.nobworld,4C9F24C9E3F7E1DACBECC57A9BF87B96F693501B4117B11E2EA3EB673DFD4501,127
com.g5e.hiddencity.android,2883212BD2DD532A2B3380742837A4EA51C6FFCCB582564ED019340D5EABCB63,14905
com.YovoGames.farm2,3B8CD03E6FEDB1DE4FCF8D6258533DCD22E84AAE033317DE084CE21C913BB853,23
com.neighbors.darkriddle,F4C1BD60F43D99467B9B086AA194967E900BDE60695451CEE341E7A3BDDEF1CF,1346
com.silverbat.knightage,273DCB7EEE28949ED808E8A14B4C4AFB7C1D792DD309175560C17F03DB4BF6FA,125
com.kiwi.shipwrecked,A208227E8072D6737ECB922733F2E75CF3B6C3B9D2923471F04871E244345737,2282
com.os.falcon.bob2.adventure.world,1C38AB25DF0EC8C3F66C1D1081DD37D5A12CB757EC438F6E78E5A490D269B47C,127
com.tellurionmobile.realmcraft,8614B3C6AE1013F4B50C066482002D4F236DB30BE75722778F28E49993180CC9,265
com.HuaYiGame.DeliveryFromThePain,86560506F3C2E92F74473DCCD8E0750E0A71B87476B470118B435AE8B56A109A,103
com.umuro.ertugrul,51BC4A83058DF81FCFC31B9DFBCB55F97E2F2B51FB377CA48CB8946ABC97021F,1363
com.keplerians.evilnun2,6CACEFEEEA5983FEB70C78685E4DD3EC314B743300D89C3A7849AF29A37102C3,23
com.thg.antiterroristsquadshooting,2023A23E4F2C3C2B32FF1B917383B2EA629D03542D892A0BF2A952DED0B06883,79
com.qube.tinyminer,D5373333900C879128901C532826D9EA2446F92C2CA275BE151640EE75579C36,1006017
com.Goblinz.TrueFear,B0FA008B3726CCD2E66723E39974AB9E7BA9AA7C74A5D1E4F9F58EB01A83DE49,316
com.impp.city.traindriver.simulator,388CE95C4156494EFC7D407C79EBC5BA0716259BE5D14E34257E2A6840AD9832,74
com.Ice.Princess.Doll.House,AF123074A83057C62281205AE9F28DDA62639B901A58E2586E5D33674E5DB2CD,41
freedom.bubble,D7124DCFD8FD87F9905C2AE379213CD69D5686C3D12510434A3B14D077E77A9A,300000108
com.prettysimple.cctheconspiracyandroid,660E33F1A5DBCF94C2F1EEFBA80595FCC7D18451325BE6354BD553E2242C2AA1,1794511
com.BrutusGames.mobila,103D554A41782DF7921FE3479451CC164D69132F13AE1023109D1815CDA093A8,97
com.rtsoft.growtopia,83F9F62E28D0A5D957F71830189EE0E65295AA7054907B2568C87459C102BD13,263
com.kiwi.westbound,708BDA08BCAC2C571122873B3949C29BF7264F7CF9698267C62C0B2E08CD55BF,197
com.aldagames.craftingdead,7B475087DA1F3127A21BB0D7D0981597953ED3353BF889BDFC922C363E5E084D,17
com.KidsGames.SuperHippo2,FF8D7E8A5101ACB601E60C3CAEB7166DB78FFC66387B98B4CF0646E4C3EDB0F5,48
com.prettysimple.worldeditionandroid,F1F20D9EDE0CFC8BDEB75A726837D2AD3CFF71BE365CC8DC1749CFE37F3F84D9,1794511
com.frenzygames.fgs.offroad.farm.animal.transport.trailer.truck,990BD8FC79E531E6913D19012E0647D090BE014DE233AD1AEFE047D2E61763DF,11
com.nianticproject.ingress,B2B7911CFC85E80557519B93D4873E190DA038AC064137686D363CEE26EDA160,2021092845
com.craftgames.worldcrft,4CCB2A64B1FD3D79372712C59D0020B06506076C86F3457712A9A4238679702E,3740
com.orube.adventurellama,6EA6244E37EEABEEE787BC90BBA2C198FBEB736B13E8A426810F940B445B4182,150
com.nianticlabs.hpwu.prod,6F0B9A0715980EFCA7C42C6ED333882A79049C644DAA39A11107E914FE229476,25723057
com.devgame66.csshot,0FD2F1297776757E9EDCD535230A80D8F0D7690DB043DE4F47C3529E0ACCD7E5,641208
com.rzerogames.charlie3d,B7A94568DEEABBF70F387988901EA623A204ED9065EFF8C460CF5A5A9F56A53D,53
com.ackmi.the_hinterlands,7024A3AFB7301C674E803DF7817A699983215294F67CE6A939B67A54702D55EA,102
com.nordcurrent.murderinalps,1492A2F289EECC0855EF8052CBEFE226535BC0B753EA65C142A54708E71F57C0,1700
com.cosmiccow.cubiccastles,F7739F77A44B33DCB194C56D9FC54A48C1F275A1C91A763C09812C6C322FB5F0,189
com.tinyco.potter,DB0E6EB15F73AC6922F0887778E3DB9BAE09D92A1DA76A3FAB08B84ECB9E34D4,3070100
com.aps.crazy.tricky.trail.mega.bike.master,AA6B5CD281921B2445DF548B1A6702264824509A93AB955C3E0D987E361F84BD,14
com.sandboxol.indiegame.eggwars,B294AB3AD7AA3D24128369E9478597DEA67EBD208C1C82CA2C4513C9B958062C,4072
com.fire.squad.battle.royale.free.gun.shooting,053EDD27332392906484348D5513F91457FD495CADDA65495DB2E651C7CE8C95,2
com.indig0.freeroamcity,054BDA4A30EF6A61BEE5011A4ECD2C3E5DA0C3701A09EFA04EA49D58A6F5A2FA,44
com.renderedideas.jungleadventures3,D59453F5AE6B334FD679F3FE67AEA277414F696FD9A69E25447CC2496BA0EE03,302
com.mobadu.Maze,4CC928BE911BA849622BEEC5D7FC4327681B78CB27E9E1B2B4A21E6649AA0668,45
com.cscmobi.cookingmarina,A43681DE17260BD0ABA8E04EA08A038FBDA0C5628C12137B0DD3E29BE71DC8B6,121
com.gdp.fps.anti.terrorist.squad.counterterroristgame,476DDD19B7B0AD8CA7573733C74471DE3CB73F15294A9675013C2BB087383B96,31
biggiant.prisonescape,0579F0BCA26150F281A36F26315B53F830E72A253C14384C08D46F3B07ED2C3F,811
diamond.quest.dont.rush,1FD64AB40603E477E21DEBA520EBAD9A4253938B3C4B1CBA514BDABBE78B5817,200121
com.suiarts.DenturesAndDemons,58DDCB948992853F6E5E11F205559B19EB778364ADDA81A2F564B55F20A5E027,86
com.enteriosoft.extremebalancer3,864DBCC7EF57E9D12AF9FA512AFA69A241AB9B3D945B6A99A6CA00ACDF8970AE,716
com.shootinggames.sniper3d.assassin,1014B98272793089A818B8FE6FF471B5689CE396C57ED8EB3BE5B19D2929A589,64133
com.playdead.limbo,507D2A3AB6E09C5206F905148A35E031D28FB959BFE242F5F3563919F596705C,116
com.kongregate.mobile.tinkerisland.google,A78DE74DEDEF228931D16A6B0BDEB4CE01CCD117282232FBC28287232B584AC7,277
com.eyesthegame.eyes,97D46C4882507A0EB101753390EE77786B868BF05DB0DD6DC18E3DC95274A9FA,306153
com.renderedideas.skaterkid,F13A2FDCFD45D82C61C59A2FB1C012E7E2F084359FC994661B31FA153420A168,196
com.mustardgames.topspeed.formulacar.racinggames,CF94F092E3BCD4CB3E33E74B0CCC3C28D7DD6FFC32E0F9826C4F53AF2667C0AE,74
com.noobvspro.mine.block.hacker.god.craft.storymode.earth,F474B6E59FF2AE143076DD8F05AFC4B9FF431406009593497D31C40609F34CE3,2090800
com.nttsolmare.game.android.def,B5FAED3598A295845AF3EF3C7B9B96E6835692E4EAD0C942743113D6DF3F7FED,3426
com.shg.superhero.captain.flying.street.crime.infinity.war,27BDBCCB991878D7CC2175D8FDF98EA82081B136F0BDF0E02296EAA43A197639,57
com.hazegames.fractalspace,B831D6CD422DC5E97B0857930E0EDA9BF7E57601D664C98DFEAE4549B7FF773E,302856
com.spider.ropehero.superhero.gangstercrime,747B970A14B167D54F4484F74F8F73282A4191DF7180E17763B1EE7ACF064E7A,1516
com.tt.mega.ramps.ultimate.races,BC38566445CD83A75B3F495CEA8F1E32BE4EBC88AC5D14BE3926DFC90EC61D2C,41
com.deathcity.zombiegames,0647CC586CB5FFB21C94B781D0D9587F2076C5E1CBD6EEB844792AC5AE4C2CBE,12
com.renderedideas.jungleadventures,33A2483DF775BF6DBA677D82EB513249FC477A5F6D85410FBC0D4A52BD9187FA,382
com.mine.explorationcraft,D7581B3D0F5483D34001AAE6C802DD07FAC57BB7968BD14CEE530E6B94591291,145
com.MegaJoy.Rescue,A4E768BD6674C94B2A804AD8881CDDFB6ACAE8981C4A93DDD8F6B208B1DACACC,34
com.RAM.AMAZINGMAZE,15CB39B84BB7BF1CA68C962B6934881041E014F1A39BFF5FEC392621C26E5C98,30
com.buffstudio.sevendays_free,ABA60874EF436CFA11225EDB6F8F026FFBC0173CA2E9C6DFCD2178B3EFC5007B,398
air.miamirexandro001,0942ED8FC4FAED4239AFFFB73FDD0E0149068EB47EC4531A7D83424E1FB86EB3,2009000
com.gf.virtual.tiger.family.simulator.wildgames,BDE68DAE070EE087051ABB783F2FC8AB175A92B93C398A1EBE3EF1C2E534EE57,29
com.gamenauts.ninjafishingfull,0ABECBD46EC5D6E31BD6A37B293AFE01F09258674077558743D63F58E6F8B812,6684
com.spirit.commando.war.combat.action.free,06F667916822ECDD86BAB37D8DDAB42F3CC70417F9AA227A1282A847CAADE8DC,55
com.g5e.secretsociety,6C24FB6A79EAA1DB739FBA2717C411C7C83A9A3C8253E388C0F824F047A72B60,738
com.monstergamesproductions.formula.racing,1791B6A8584E51773007039D62084964814E5C22E6217CE5F4963A5472337F86,44
com.gf.rampcar.racing.stunts.extreme,20DB7F585138F3EE60BBF61079D77DFBFF3F5DCEFCCF2E08A4BF24E4E980AFC6,48
com.tangiappsit.shiva.cyclingadventure,EEA756EF128D14AF07863A9890A06834EE1430F96FA4A1E0935807D3ADF1ED8D,29
com.ludia.jw2,EF76BDF200B57FBC903ADCEF251353CF9FE5FED76047E657A1206DF2C253E068,42051
com.bl.critical.strike,331656018369499E619110300B06593C6D9CAF694FC59D6C4CD66AB087C815BC,200618
com.indigokids.mim,9A3D9CDD3BCA6F1CFD5FBA610303E6169A6322B57690198B4415A9295A514E16,1710041844
com.one.redandblue.stick,749BC9F954D6BD1B4F14F0786D8DBA6210B315D96B502BDEFD3B6464A044D170,149
com.KidsGames.SuperHippo,D56A7F9A0C6F9B9774BEEBE586A3207D2D3B279E0A2B8DDD43B7B4987C52B6EA,62
fr.purpletear.friendzone2,07767DFAF3CBAA27D8D10B788F3E141B129A6C7F438B5757D06D3DD8D3359858,34
com.inpocket.school.girls.craft,973629CD3444E7B879992227F409F32306A42D121E1C0436DF22862825ABAF7E,39
com.manababa.BeggarKing2,F9A1D007A92C6625C5E230D055B5CA9BB947824726C41A4C1CECA9358434660A,96
com.lr.animal.jeep.hunting.drive.sim,225AF75BD5F2883AAB47C355CFF337E29A23F0B5FC3C8163A5DD24BC5F62EC50,38
sk.inlogic.templerush,D07D90C877F3E24903581D0A5A452B1DFC65F7F1583CCDE8EFB2F938DA96A26C,2122023
com.pologames16.pocong,934735EA440BDDC514FC2052909393423E29C5AD29C471D1FD7BEA14CC8D1FA7,71
com.pacific.wildlands,4B8D8727E4E9EC02AB3156CE9FB550935F8667889618611CD125F886FBA69F7A,2411
com.upjers.newzealandfarmer,2EA975B7313FB3B94C449B5A791789958103577A741578FC08BB02CB8D17FDE9,304010
com.rockvillegames.thegreatarmy,5CCFF053096CCE0DD9D570465B1CDC10017B03597FC87CAE6598AF2D45B995AE,210
com.prettysimple.mysteriesofthepastandroid,0841F918234A84247FC7AFA91494E861FF765B8B6D31D602700D95A21CA07B72,1794511
com.hanaGames.WolfOnline,D764A76A818B6260B6CBFACFFE3D328C037965CAA9C097B1E10406FBCBC28C67,99
com.gamefirst.arkofcraftsdinosaurs,9A5653630CB827BAA20F0BA8E84CCEEA7CF07C5C44BA536251982A7814D7B152,3317
com.g5e.nightmares2.android,0871ED64472ADD4754E72BF97C7A428A396F00F819FCACD7AE6FDA5C22F0C8E5,2022
com.appxplore.crabwar,6FC620193F0B132A271389A3B9B9AE716BF10A7A7D86A768310E99DFEC33C66C,482
com.mmircil.cnb2,27F47715BDD162DA38A642D567DEBED211B230A3FD7B95FCB53B2133DAE0ACAF,3427
com.gametornado.short_life,B1944A503941080EBC056A43DB7FE99557C132CA117C8309A418D6EB3F623585,19
com.studiowildcard.wardrumstudios.ark,458BCC6F0FD4AF5CB1B589AFD2A05162F54595B9C2F8731A98D8002CB8B65E0A,143
com.sandboxol.indiegame.skywar,567E8C459B127498A006EBE9B543C30B370B60AAA656D643D28F93D362E6A988,4078
com.netease.ko,BD8E46F3D23244BC6E9DE8C0E383ACECF36D7A1AE749C82B0E6FF1FA7F57E987,151
com.MegaJoy.PrisonBreak68,B19051A4F57E2A0B91377D62C62357ADC223B33CECDF892575D6DC2FC300713F,65
com.nttsolmare.game.android.biref,A6835DE09697FEB3C17D788C904CDEC54BE93DB0E3D53A89749936C51F207026,3410
com.hasbro.tf360appstore,BCBF06C936A17D916D9BC919ECE29799E04EEA42EB06A4EA7B404206EE9C5F54,1009000
com.aidungeon,4CBB29C994BC812CEE9200992A7EAD70B592306E259DA8D28C2F46A33BD5407E,81
com.crescentmoongames.morphite,782EAC6586FFBA7DBD91B2390354E4BBC2A9C4DF12A86A7EFEFAF407F7407EFA,161
com.sgs.antiterrorism.counterattack.commandomission,55604E26DEAF92C51FF5E7C4836538D6BF0B7C8E09CCDC5459852EAA491A3B06,11
com.igoldtech.streetchaser,AC711F8F46BCECEFC6315BB9C7622D2CC1005E2C4BD1241CF1E83AA21AB15578,95
air.com.pixelfederation.diggy,A098D3D5019089DD3D1C5E1475A49499D1F39E0A9950EF59A1689022A21E8B76,1005529
com.mizo.police.robot.transformation2,5D6970F25FC62A1ABD0A27238B9F2461952AE6B32BD72A2E4C6E85094AA609BC,25
com.aaa.adventures.scary.horror,35B1BC7F7EB1C05522AF02841B2FADAD167A786643E84DB31F8D88FA768CAA97,24
com.Bouland.BallResurrection,FA2EFF88347FD38B93F651E44ED07210F381C70733E3378FC57A91D4CC8D7612,54
com.FoxieGames.DinoProject,B42AB334CFF149E0A2CFA1D5703F223A01D4CD13399FC79D306A6E9317D7C603,162
com.endless.templekingrunlost,FD09E2BACEA2EDD2C75A73762C70635D5A7F2AAE3C27E80C64265F75BC39DC97,19
ru.publishing1c.heroes,09E89355A8FDA482330EAF86B7A3CAF6DC04D513EAEB95EF579C600598B5CF34,958
com.nttsolmare.game.android.wihef,ACF9D01DE41191A28D19C2B2C6AC1946F2B2EF6F434B706C0F15D787949F9A27,3401
com.bandagames.miner,5B6DA8C7E1598BF6C0DBEA6DB0DBB217BD7EC306EAD1F1B2F6AF7EF07EBDFD77,165
ilmfinity.evocreoFree.main.android,0A50C8387F27DE13E50660A4595B04B0F2D48E0E52715551634B4FD4ADF6EB6E,218
com.Gseeds.JekyllAndHyde,AF68238EF3F3AFC7D46309F402C288EE0863E12A9815D4A4869685F28AFF314B,333
com.barbieprincess.tonyboyandgirlprincess.barbiegranny,0A6AF7A4B5E6EB62D984601EEA3C81EC0FBD9C13CB2C05DC62358A0AD2A38644,15
com.imult.leotig,3C3B8C1CE930D3265268E4BA4BDC665FA501CD22E254AB511CD44BF54D2DED8B,290
com.rocklio.superjakesadventure,B65A58D86085B885AA67C55DFF4DAB59A6EF346288E6234B144F0FA86E9F3FE0,126
com.hitcents.drawastickmanepic2free,18A859C964A75DB30E451FED621464187276F51EEA20E7BF487AE3B312CC5DB0,112
com.kukouri.wizworld,AB988FCAD673B81F2F574CA07E4FC54B543F64B0863FEEDE94CD32A968673010,134
com.impp.construction.simulator.forklift,7E63B0CC7D7CF41FA842846123D582134254C59761F4CB2D3D1D9BF7867EB31F,121
com.happy.family.limousine.robot.game,26DAB08F31B6C8A02F7565E45F914675EF8E618689E3B8D381E70D58D0ABA839,33
com.kiwi.wabeta,0AB9BDFDBD7F0DB96977DAA343DC531188FE2B584C8E34193973DD1F8BDD9428,181
com.cgs.futuristic.flying.dino.transform.robot.games,B6A369C319617B1B6DEB194689A3D8B8F7855D0DD544099A9CB1AB3B99A31E04,26
air.ExtraLives,0AC9639F1EC4021EF5AD99D7C3B057F1FDD6303CD92B3160BC38982E2B895DB9,1149064
com.techvision.hotelcraze,5C5B4CD79C9CDF4785F56F872D9F1B2B66ED2DFCE4ECF05EB6FF52BABBBA383F,32
com.orangefish.app.pokemoniv,48CC30A4994DBCB4FFC452D852719E66897A0E4DAA947A4102B09D12E8A492B3,165
com.tntgames.boomcraft,66219B91A2975DDF597FEA5A722C4358FE46AB33AA0449F26BEE4684BAB250B6,65
com.tgb.modern.flag.forces.shooting.game.action.commando.sniper.mission.igi.shootsniper,DF59EC073F03EE54EADA0DEEB0CDB4D52236B3709F34AB01052010DD164CF271,200055
com.joydo.cnrjb2,A53AF76C50F9F809EB08F8DCB77C6593757E85278EF76E08987800276E528779,34
com.blyts.nobodies,9817803433F3C12B2199287C2CB1087D628475D74A1D5B7AA22B8C26D1712E6A,2600
com.RbwInteractive.fortyfourCats,2577971B7F43143B4F9B9981A1FB14983448A9F631CDDCA1EB9810DEB32FB997,364
com.ghs.dragon.robot.car.monster.truck.game,0BD205EE1ED038C679D0BE0AE44B19DB7A12B2825B8ABEA9678C5DFF2449A33D,32
com.marblelab.jungle.monkey,81B25AB3BC8C9F671EEACF7722098F0BD93409A65821B87602342F54693D7499,178
com.monstergamesproductions.ramp.moto.rider,6AE73A768AD197099E5CC49E5FA58727051FFC2A9E2BFE57C9D24952B1CC732B,44
com.offline.commando.strike.black,20F8D4070960FE8DAC860D01FF6CCC3D6E3467E4D1EA62E91381B2079B73546B,641118
com.imayi.dinodigger3free,B29D6BC2999A8C9A8C685F36494C0CF6D524FD841F7A9D4D6448D9E257F09E0B,14
com.grand.police.transport.truck,FF652A93044FBEE4A4C5B1EFFCE2426D93AACF28A710D8BC71841CBE1B8F1B90,28
com.xdg.and.eu.lifeafter,0CFBF4F3FF2F6E6E534FCBD190E4C9AF4AE197F8607B769E5F52298AB2ECBDA7,152
com.appstrend.army.robot.bus.tranform,AE73E90873E996D693C74EE549D9D591D6EEAB79B2811DBFCA353012B5D85DFC,47
com.gangstar.crime.fps,0D373250A7ED26C690B338A9C24603DB7BB27BBC0790D5E048BB722BE05B116D,105
games.dali.adventure.point.click.lucid.dream.witch.planet.riddle,4E96DBB9C8ED4F28282A29054959B4475B8680A72FFB941B83FBF02EA4CEBF3B,1000043
com.veewo.supercat,C32B7536DFA720873E69BF25E2FAA7511F48DD05D0539069BAE0C25A6E965C73,10107
ru.prodigydev.minemaze3d,4EE916FAF98ECBA6D68263BF0F2546865F12E65F219B1F11E08F5313FB03516B,22
com.starring.zgirls2,D3B3A19564321E90849854C25E33D7939C27376D27F762D182D3EA7B02B483F8,10421
air.com.RustyLake.CubeEscapeParadox,FC7217A789D8BB85E7435B004FDE7F86E5B522591DA6BC1BBFC9AE3090352878,1001003
com.BeautiFunGames.Nihilumbra,CB134573525C5768BB0E1475CE804A5F3E2DA124C03EBAD3EAD9185C45A3772E,200051
com.happy.family.crocodile.robot.simulator,EDFDC80A79BAA86CFBDD9FE1FF762F37E7010E75A7E774E328C717BE664B116B,31
ru.impossiblequest.two,CDB55D350960968BE2EB41C8EBDD9EC2E2FABF7C7C6D79952F48CD6952804E2F,1007031
fr.purpletear.ledernierjour,4A2EC3FC0002EA1E50A32BFA20B8CAFA5939E119D6ED7C04C5AE7FE7C1D10514,61
com.sandboxol.indiegame.luckyblock,B45B806AB4B2740CD188DCB84B820CF947F25B3D1D1FFDD216844802405DD190,4072
com.playfoxgames.monsterballgo,35D37B3C8AE33146D8BD879298DE5E56B6684558E67A71FBCB3097E4F05B95B5,46
com.keplerians.icescream4,0FCC61E266BA8940986CD40FEC25A6E7996559AC2D7B7F82102C3D921046984D,9
com.sg.grand.stickman.rope.hero.crime.city,5C1E9B3E768ED3DC60AFFAF600A34C8BACD9E494F60EF5F5B7E1BDD917CA0135,14
com.kiwi.volcanoisland,AEBE0246E83B152508F93E9DB08CF31098E0AC4B391AEFDC69652723CA3BC784,194
io.hyperhug.mr.slice,7088B5409E41E3ADCBAA78C4AE673A2CCEB92055F8C74299811894AF9B11D444,154
com.adventure.super.machino.go,19AAD4B10A13C5C113CDD69E348B9EBC5CAC509E636FBAA0F78F242B10D83268,35
com.Goblinz.TrueFear2,AAC434F1704835AEDF3C55188AF353ECC50F0D68CEB81F5DCC690C3D98FBB096,342
com.akgames.blockcraftworld,0FE5BDFC5A1253C3B1DBD0BE7ABB23B7B347A7917F259B23A37379B95061CC01,13
com.lunagames.jurassicvr,F69A2DE96A29A9E042E7964000A79A8D1FAB0D8984807AD84099C1AE8040BC28,2010102
com.islandbrilliant.happyworldof,6EE96DEB2B10EEB0BB73CC82D2AC72F68D773EFDF992CFC444E71BE768DAD09B,24
com.myappz.firegirlWaterboy,442AEA7AB7913516EF05FDC84A27C778ECAC456CBC56D3EEE9449E16F4A4DA12,510
com.jhatka.dinohunter.revenge.fpsshooter3d,6BE7DD62940AEA8584C73B6133CD7B3CC3F047194FD81CF4166CDE7C86A85A6D,31
com.coldapp.hometownadventure,9ED194898E6D0D1C489BBE395F8B2A07CA8759BD3FFDCE694ABD5C1DD276FE48,2000009
com.happy.family.deer.robot.game,102D3A47C9B7C032DEF4E3215DDED2802181DE757D69C90884A3417702C7844E,17
com.cgs.us.police.transform.robot.shark.game,303FDD9A652044223E117D588A78CD3D11026EDCDDA95FEF84E4DEB1CC541738,46
com.sugs.police.highway.chase,9885C1C5781BB32DE881ADC89D995584B1D0B1DBF62E0A98A60751E9F4F3E9AE,36
com.kgs.housedesigner,1DDB59964E8C5E71C73B4BA74DCAB8DDECF8A4CDE9A636EFE2B03B56E9DE48BB,36
com.volcanoforce.lost.global,565B0E8013F21EE69C9DE6B00AFE221F447CCE21E4B80F1587A83DDD635273EC,210929102
spider.stickman.gta.gtastickman.city.crime,10AD8BD6C846EDFE52C8EB70FCBCD22BB681DE9F9213F225E41E762AA6E45637,6
com.rabbitmountain.templecoaster,2F54C288A263FDC9E06B618F672C496F8A2B3CD9A9331499CA158E9B73AF5F6C,1070002
com.partypoopers.roomandahalfarabic,5601695181F7A5869DF5E75B0BC86CA4EFFC5CC65FCBF3C7E06C10186DC956A2,1001071
com.wb.goog.sdmc,74516E7E89E977A16B980E3F3F9A46FDF181F8AFE52CF2EEA72145C46479F5EE,154314
com.bispiral.gs379,EDE481C8F72D2DBF8C71F92D5E3F4783F65D3D0E1C212CFA9DE3F6A12C76BB96,6
com.lioncel.NoOneEscape,115AEF6552D6287FF0F9C33B50E33EA5F3F7E6293D8188BF188061FC294B0BE2,26
com.fgz.us.police.flying.helicopter.car.transform.robot.games,137D67BD7B0E0BC6790E7D811941323A3B10D6B7DC0307BF8441892A3CC87CCE,34
com.gms.impossiblestunts.suvdrive.dangerousroad,B40735BB96E69547B39A0B0BA3776462234C876857EA9F977EF2B6AAC13E3472,32
com.rps.crocodile.robot.formula.car.transforming.mega.robot.games,EDBC5A827ADC2D7D51AFAB44D74DE5E078E22CFCBB80B23974D7F560ACE779A5,41
com.buffstudio.uwofficefree,A63ED475B9DC5B966B2129EE03689AC2C625270B2E2DC261E7F1CB9C45915FA8,97
br.com.tapps.unicornevolution,FC54C81BE435990603C6C5DD22F45420B3361A6F80794D71693C4BDA880C3F26,117
com.hanaGames.DinosOnline,63FAA66722B4896C6BA1DA70BA10F8FB7624AC00B880DC679DC482FF34A7B141,90
com.WildSoda.MineSurvival,6E144A0CC39A7BB608495160A8ED8A93A367B4D4BFEE720D453E61039D7FF9E0,88
com.fs.rooster.kungfu.fighting,B16D6DCE3D96659E46A8A10038848CCF81ADF2362731DB71D52E5874A33EA0A1,200022
com.backstreet.flying.helicopter.robot.transformation.tank.war.robot.hero,A67C958560446EBC82A4D535F472F42B61F50B60456A304B6E378870F86B1B1A,31
com.sgs.antiterrorism.counterattack.commandomissiongame,12962059B1CB0DDE41C90BFC8193ED72AE5D8BB5DED8AFFEFDC17F29DF81A78E,43
com.crazylabs.jumanji,71E26034EBEF7EEA74D8FC686A00D70D0E3BE2E73DFD15764228CD6294BCC14F,177
com.ankama.dofustouch,EF8E1BDD42E34D59BF4EFAB8E315BBAAD65E7A4194EB53DE97FD1AE7055A4CD1,10140052
com.YovoGames.doctorBear,D7A945C1A3B0501F92390307A7963327DA62E5A6EA77A73E39DDD684160F889E,24
com.apps2us.slither.slink.io,297A457CEB23D01003481A3674F9F79B380959EB03448D9C2E80DBF08C860DFE,2005004
ru.waxtah.jadv,201547CE828BD57C1F6BD28DFC4EB32F578CC70D664B7AFF6BC60CFA814646E5,927
tatarnykov.stan.mopeioandroid,750504F01C964BE4AD4745359B63F72D0D3E2C3853D21406EFA3CE7D2858770A,4
com.red.blue.stickman.animation,FDC1DC29C3D5DA8D0A163B0C173D3CF45E9350CF999F991186A8F1A071F0ACCF,233
com.cgs.us.flying.police.robot.speed.hero.crime.city.hero.games,349F63BDF0B7B2D4BAC52E9199BF8834DB29AFF2AAE56753491E0E72F86B7B38,1524
com.manababa.BeggarKing,7FD98053D31FC0DBC27F86DE2298F5D3F0C66352E6D2C669E7C7D2C2EC57E33F,321
com.buntoo.drone.robot.transformation,7438D6E28CAD8C629D13B8B5C2E9365D2C0A62D42BD0D7AC25D07B99D98FAAB8,29
com.sunraygames.md2hifree,4AD66B89650A75A89C79C41F46EB186398FA9B94FAB65ECC3A38EE9B81D35D35,157
com.birdydogstudio.oceanishome,F4B2503D92E8410857FF36C92040C6951D5C41F3C2E3E400C8727BE967C4D6B3,109
com.candyrufusgames.survivalcraft2trial,149A8EC3F1F4AFA390B9ED116ACE6FD45348630AF7B31B7D220054556915BA13,42021103
com.frogmind.badland,7A67D90F2297FF422E44942610DE2D93417AEF6C76A308E9216236272AC93738,217266
com.advent.snake.io.wwe.snake.io,FC977A2B00CE408F1633C61F872A423C7F07699D375764F7E73E4FCA924D39F8,9000028
com.tinydragonadventuregames.pirate.island.survival.build.treasure.mine.craft.exploration.pocket.block.roblox.minecraft.game,589E0B721C0F6317ADE059A15746A2224E37AF76B4EBB4C1F0BFC7CC7A31C82C,3026
com.HutsKoen.Kaasje,B9A627BDEEA1D81DE64478582F9417CBE0CB5B609D2B21C69B694C4981079EE6,16
com.BlissGames.Juego23,1551940049FA989D6540AEC13BD930F87460371F963849C12CE5AB68FB338686,89
com.frenzygames.fgs.scooter.water.jetski.boat.racing.mania,155272A62E9C183506C7FAF73B67DA94BE48D4036A7FC32B0DB7136CFFEC46A8,200007
com.fingersoft.benjibananasadventures,157476C9477B1D8053B087F4ABB6B42C4D577ED6A134398042A896709134D8EA,1200
games.mini.sports.bodybuilder.fighting.gym,158C3B42AABFCEBA3CAB4EB726ADAFEFC739DE604689F3D5201EF336C25668EB,2000035
games.fatlion.building.mycraft.surfing.craft.free.simulator.jetski.games.surf.league,15CC8EF868633369F0BD3AFDBB311A9233ECC6BF4C799ACC5E07B086BA8AF967,3015
com.YovoGames.Kindergarten,445ADFFF52A65525B928459BDDF8940F8A21390614BAE205B9B2727E73121FC9,21
com.playrix.manormatters,C93B0E5A469276A4476E6E678AAD862B98CAB07764925E7F12A231D2156427C7,1000270
com.tulip.crazy.rollercoaster.simulator,BACC9E36F4C12FC1BF3619EBB60BD1E0C4F1889C4CD32E09FAFCC5BA6DD5C6E9,26
com.prettysimple.criminalcasepacificbayandroid,B9DCFF426E57DF1699B3D54329E288B9D9951D80DBF319EF4C2CAE9A008EBC17,1794511
com.tinydragonadventuregames.doll.house.craft.princess.fashion.girls.minecraft.barbie.creative.exploration.lite.build.mine.free,6EBF93425F1033FCB804A2733DC693FDA5E52DCB955513AD3F9E10C97E49B71C,3049
com.grand.speed.hero.highway.gangster.chase,BE53DF1A054D0DBCA3A3133454A07B443C6F498C2E05434C9A83E3F8DBB5BE3B,17
com.blackpanther.ninjaarashi,764F1B47628FB85EF54F8671EF95091FEA1CB27E2745A973BD32A0CBD0A9D6D3,8
com.haikugamesco.escape8,1690E89967052EAF395DE3ACF7D6E0F41DB0DC7FD2C598DDFA6FA96FA98932E1,10
com.tinydragonadventuregames.crafting.building.exploration.blocky.cube.lite.boy.girl.love.date.game.chat.minecraft.boyfriend,288AC9F260B8D25B399FFC05B31DA3BF886A4354C55D39C2C14BDB2002D335C6,3030
com.mizo.counter.terrorist.robot,8DE4A944EE5F606B7CCA487845BC2FB61366B0177F5E3038BC5101D40A2C1CE5,22
com.telltalegames.walkingdead100,7D85C9EB22E88C432426698059D497EB2C1B72420F6D26FDFF63C5546F63F1C4,12020
com.starmaiden.egdeofthesky,BE5647FE1397D44D5F34D70CDEE510297C467AA58FD52EB7DB4982DE4CDB018C,10973
com.samfinaco.paradise,E7F1207D122B223F18894FE3F0F4803CF898C52C60542273AD0089E2305B4141,55857506
com.miHoYo.GenshinImpact,8C7E6F57FF313E0B498EB68ADD196F084E53BE77D74F3A8FD9332910740669E9,252
com.pgstudio.survivalpro,41949AFB9E00D1D8DA2A32716CD6AA6D09B9E360F9AFC2A3C4DF49EC05C02476,83
com.ubisoft.raymanadventures,7F8B2A25382A5EF7AE003EC8B6AA7E36EE6910FF4B2551FF3CA6474957AA65D2,2057
com.rockville.terrorist.shooter.fps,CA8D9012EF2D1EAD37505C53B17049FDADFCC5DFE3B828A01B235F1368C07ADE,112
com.roonto.horror_free,1DA18397B1B6110712B1DDB0B56F0D34329C694C24B099225369FECD7D30A030,4046
air.com.RustyLake.CubeEscapeTheatre,19FD7F11588870D434FB8CCF3EEF23D491E0D2264168EA2E477BBF4E764D7010,3001004
com.dbSoftware.siepro,E88352EC8A6007AF73B5956DD630C42169FDED232206C223EE68398F9D5DF7A2,400525
com.gn4me.games.fananees,A18FF991561E4EFD899CB194A637A3716D71B10AF3ECE96EEB3FB028D8E2534B,225
com.lonewolfgames.losttreasure,906392568C2F0D1B6D0360EF26B3F449163C4E5EC54B6C3B3803091A71264B8D,19
air.com.FDGEntertainment.Lonewolf.gp,CE91572B078AB2521967A631C58EEE03821D43A9B006D6F2724DA25ACF76E70B,1002090
com.nggs.mega.ramps.stunts.driving.challenge,9214AB8F85CCEA034C8CAC3B6D5D324D0647FB9175465D948953B6316683471A,42
com.threebees.army.bus.driving.transporter.simulation,23B243C6D016AFD657EA3E9738543C57E81493FE99CC463DF8A537DF523F3415,19
com.techvision.hotelfrenzy,6292CEE7979E2A7519C6001BCA440A10959217E151AD3E79D6AB6E77EBC91C93,29
com.superhero.spiderhero_ropehero_shootinggame,8AE112BBB61207FEF5516CC2F334917B07955A1F6428B58DE57282236942E3AE,7
vegas.craftvegas2.adventuregame2020,BA15029046E4644934DEE02A2038D4A0B64BFD0EBAD27F76F3187B8A34DD416C,3
by.RedTower.a4horror,7099643AF0E97E8298FABAB6217979A3FB94C36F0FAD486EDECBE94B73E1BC9F,81
com.devgame.robocar.poli.postman.kids.games,8887AB11AF3B1E8BBDD8FF32CB3D79ED7E6928048F8D001E07BB6C3EAF937132,132
com.mizo.police.airplane.transporter,C98AB8D3A5A62DE619CF2FB557CF9D3773B76FCCF170F1A3BB52752AB05FB0F3,34
com.tinydragonadventuregames.minecraft.exploration.lite.crafting.building.cute.pet.wild.animals.savanna.safari.tribal.square,1D038EC3C5E2C83D8A533FA4C9E99DF5E7BD32B5DA36390D16020A98D4238509,3014
com.ammonite.forestfree,95A33E12449238D245ABF588619944805F6D7BC5E003B639D7345F55C82DA7C0,12
com.absolutist.twilighttown,7EF34379A4A6EFE8D04301232FFB524E89B34F442B80199DD6408140514554DF,3001513
com.gameresort.penguingame,1D56155E38A021D2D7E5686E5992591C68C1A59BC5296224951331DA66895186,13
com.tapmonkey.dinowater,CBD1525D4705A2E10EDBDF3847212ECFABA48EAAA33A3E0D18F19C63859A1A19,1604126602
com.fingersoft.benjibananas,1D81663FB583BD43A7DCC242DAEE9D07AA908517068464D00B700BE80F10C9A3,1430
com.vcraftmodsstudio.supercarfmod,1DDCAFCCA7BC0F6D0CCDD4A1EB5685EFAC73972E8406EA971E0D157FF3A828F7,9
com.squareenix.lis,DEEDA2189C0A9D8FCFC070DFE2A5B8947514DB3D43478E16C79CEE27B4D0393D,100092
com.bunny.run.free,96B6C9FDC96E0C644A29F76BD316B24F1D29CDEA393003AF8E99A2B2F92E7C0B,21
com.mobadu.Maze2,D07A1E0E422387EB92BE65A7EBC60F883AB39537D998797ED17619A88320295F,26
com.rockyou.swnewworld,364B8DAE076A22E5B57FC58B8F774B31977EE9B99AC9E0ABB19D1107BB24F739,54
com.armnomads.hamstermazer,B4B9863904B2291280F15B66A35BDFB59165B969223B0291A6F6428371B4666D,11
com.gamevil.monster.global,62CA194B56B27ECCD965CE91F45DA40D7F0AB749ECF2649E2DA3001F0B24CE75,795
com.cradley.fps.shooter.gun.battle,E664883C68AAD68BEF4E87AD0AD52CA7B57DCB99CEB331793AC14EFBF1E8F49B,18
air.com.begamer.adamandeve,B298F0ECCE0FE59892D2BF175596C608F41AB46DDCC5C9A7883E5E28E927187E,1001002
com.turingame.doranen,4207D23B2E6CCF7A1B7661BFF61A2BCCBD714BBB9960E0C309FE2E42F00C6F6E,10018
com.absolutist.timegap,31ACF291315E3B73591715E66446CDA26C1A5D52CAD29711943D9419B62DCA35,5009517
com.budgestudios.TransformersRescueBotsHeroAdventures,979BCD77E549AB82537C74531DF9949D0156DCD02FEE92F7B3BB5B2E2F956CBF,1659
com.methodmobilestudios.Minecraft_Simulator_Free,2DD6C757296D69463B0F6CEB0B6505D00A1CA284FE89CDA0971CEA7A1DEF3288,100024
air.com.RustyLake.CubeEscapeTheMill,5A98A8A6A3A553116BA38AB3401A790BE2613F6CAE0F5CF8068C8D663AF9A11F,3001001
com.na.advance.parking.car.parkcar.adventuregame,A8BCEB5A2561FC98D9E5CDCD09C65957B6B35942738E274F16CFB16BEAC99B10,20
com.artifexmundi.enigmatis2.gp.free,FD3DB7F7F81FB2954E0BA7E617A6117BDF39831302BA8B34880AEF6637490C72,10041
com.izumiartisan.rime,C0EC0ECC58FFC3B123A6AC12F06DE051F8A01102A0BEA98D67D9977443CD5052,57
com.g5e.islandcastawaypg.android,2308085022F47E0BF403F0F43A531128885E32A0F7C12862FD9CEE8BD1CD3F36,100
air.com.fungamesmobile.escapeimpossiblerevenge,4C7E6D8E4922E6F00C6178E2638A426AF2A4F5CEC52C3599C4DCEAF9D1B90E06,2008000
com.tinytitanstudios.DashQuest,805DA9B37DC05310FFFF821A6E65B54AF156B8358A74477287672E7827DB01DF,707528
air.parisrexandro001,2F472BB095D465075297AE3A24C8F5B28BAAA66A01E6BF40A061CED6DFCC4DDC,3007000
com.threebees.heavy.excavator.crane.city.construction.simulation,4A7BFD604344F6823EE0B25804E99B6D812AD34208A566BD6B3C255171A2F345,20
com.LardGames.PeachBlood,35C6C041E8FD5C18DB54F863D3ADB73CA6467CAABC959D1705D2D74F77837BEF,42
com.microgames.deadninja,C48CB910FA006AB36146AB209102923D719578B420512980577BC3FCCC314F53,1002001
com.aladinfun.clashofsky_th_pig,2659916C35D3A4C3993997FD9019457D6E2D1B7E3B99F9489DB963E108F0C2B2,20205
com.naturalmotion.clumsyninja,BA62CCD910E766CEBF4750C05FAAA596B2B08895B9B20427A7552823A03A0D05,13200022
com.aldagames.buildbattle,27B7D779D5E0482D4386E862B1ED6170EBD29F589095F8FBD8FC5E750529199D,17
com.gameswing.ramp.stunt.bike.megaramp.jump.bikestunts,396B1B87D67C63479676845D240307D1B6349B8B6C374358E6946FDE60856608,10
air.com.ber.escapetheprison,D6692B119ABB75AE3490AA5DD0211EC2DB12EA7C2F798D79DAAF000091A3F69A,1000009
com.fivebn.ll3.f2p,C97CF831E77962B22752D63D18AB4E19BC28C9CBA9A5019D62796E1DF4234359,11001
com.glu.kandk,2A8E3E36E24A844332088EAF3C220AC8A523693E995E7D2D6DBBB7A7FFBE5604,28001
com.turner.super_slime_blitz,BD2C4808416154DE127FEE429C3C04BCEC8CE848883BD2951FC919F3BBD99979,220
com.zam.car.stunt.games,94A2D72F70EF61F6A3CFB355BB6CD1391E1F335D8422B294D9DB463D4C58A034,6
com.survivalcrafting.ship.yellow.craft.hotel.addicting.sea.games.mycraft.eden.exploration.lite.build.roblox.simulator.joy.city,59C7137BC705183DD384D24E33CF75ABB3725AB38BCF0FF1A7576C6FB6C0F9EF,3005
air.Wrecked,CF4CBD6FD5D1A4F2606A49540DEA4EC6D6A6BBC0DE85A0421C8D6FFED7DE4E37,1159064
com.mobge.Oddmar,34DD23B6F6B80B707F9128D3D19D3335CBD75DBFFA9D02FE12129AD173624A6A,110
com.bigzur.slenderiiifree,2C0FA8C945A5834C8CDD9BF9A51B22F59506B07E35EAFC9A0F023E3A3C656864,42
com.buildingcraftinggames.fun.kid.games.boys.block.craft.minecraft.story.mode.lego.create.build.marvel.hero.dc.legends.mcpe.mod,3535CFB66BEB5F537F8C13B64D078D0DD412258F63A5682CCC7A6A519129932E,3022
air.com.RustyLake.SamsaraRoom,3B97870C93933D447B51864910B7AD4081177163A9FA77DCD35F1814853710F0,1002001
com.haikugamesco.escapespace,2E61EC055D1619E6363962EA81EAF5EF0D8A5812A4F5652E7282B579A16B2BE0,36
com.netease.wxzcglobal,F336ABE7D23D18AF6F6FD95C4DC131609224110B01FFA71A51BFF5BE21D91590,100131
com.locojoy.buriedtown,BB7A3E7815A9A6D4200F1CE7940AB8B92B2767641F597F72AB65228D40CD9C0B,10401020
com.haikugamesco.escape11,2EDDEDBF7F96CB332182B49C6E3B505A380F69E131F25D4BFEB5879034E054DB,23
com.YovoGames.babyCare2,609830E5E3020C09C9323CD42B82C324C1109254F7BD54B1A4D7D12C7B405B48,7
com.aleson.casefiveanimatronicsfnaf,F6DE5EE4E5A6DDCA513D09AF510408DC90006330B034FE090F3BB753C26E0364,76
air.com.RustyLake.CubeEscapeCase23,5FFF4676081C43DC12ED02FC4E0C7D53506824953CDFC9D5F3902647FFF85356,4002002
com.survivalcrafting.scary.theme.park.craft.horror.ghost.zombie.monster,BF1BD564B5A1E14D80D6E748C24FE8913C3188A6A8A5C5F38CCCD84F405A6EDF,3014
com.raiyumi.catbird,6ED5275A5D35A97DE79A09FF739CA734CC5CE29C54672A71F976B5531CB3CA43,57
com.winterveilstudios.DISTRAINT,3375E5616E466ACD47207D683261C815770E9FCB80AAC82F550C82705B3760B1,19
ru.prodigydev.climbcraft3d,33DBDD83D393F3A66BD8C3209C9514BE00C842CD275FAADB10504D9C82B6AC8A,9
com.GS.Superhero.Tricky.bikerace.kidsgames,EA493434D29FB5D9425DFCB1BD8FC01D686C88895C153A2E204D11E6AC5C2D77,14
com.kookygames.wild.heli.rescue,358214B5E73BD15343833FE62E00BF7194621EB22230327CACF3A5D937CDCDD9,200022
com.sheado.lite.pet,36A94BB8FC40F7B331E5DB77AB2687BB83AD43E797B8BE30B1213F5F496E13BE,28
com.freerange.goosebumps,CA44CB9414093181592A5E9BBE7A7AB7C4EA493777FC9FE9C11C17A89D5CBE23,50200821
com.coldapp.prisonadventure,F16DF2CC06E79DE82CD0FB38C8109D4793E74C4F7C38CAA8765A0B4AA8F53DAC,1002001
com.telltalegames.walkingdead200,38C1E6E53FF313494BC4D6CC0B205491632E993816564BA98B980C48DCE45EE0,40108
com.evil.cogs.game,9E6FCAAC60C451EC494523D001FC65712BC3045F67698AD8897E530580D074AB,121
com.coldapp.hometownadventure2,3A3025ACDC0F7FE005734B2DE09395F659094D583FA69FD960BA4AB974F50207,1000006
air.HardTime,F4C4CA99B2CA03F21CF3BCE4061DEB3D01E5DCDDA2F3D7AC05473ED029FEC30D,1459064
com.gv.grand.deer.hunting,85AA0532383E5F1A7F472AAC4154B1BEB9D5B7D55FE55C6A40B842100FCD812B,33
com.gun.shoot.zombie.action,4BB4494019DCFE8D7DE5FAE61BB3E28058D05313694AD97F15B41549E558A6CB,64115
com.OnionyStudios.LilysDayOff,87D18EB9F74DF641344B074AFD50253CDC3ECF9F3E62247A79EB5C11E62590CF,45
com.spinmaster.enterprise.colleggtibles,3D7E7D6B486B6B8F976614282952DDD7061CD8CC42A2EFA6753DEBF31A9E9622,106
com.tappocket.monstercity,692D698C6C067919AB377DAD09BC3508605CD08DDA457DF33C689A7551EEE968,1604110202
net.wapsmskey.mrush,410CA958CE4E6837011FF4557CD47BD9E4F4008E583C86A20D195C53EFAE8588,52
com.mobirate.spaceexpedition.gplay,4185658A7AE0E3F08C7EE03EFC3156AF8CE0E199B8EC780F49BB30AD3979207C,1001001
com.princessschefofiacooking.games,42C1C8607BB4811F942F72DBC695D5D48573045AF6E4AFBC4AE518CA4661DECB,1
com.bigzur.slender4,7DB2D0952E2AF223901B2C4D1A1F000BEEEB66152B0A46A67FD516516F2AB126,26
com.ig.stuntman.water.run,BFC3776098E5BA5DD541FBEA7B561DB6D94BEED9761B9FB5FAAF4CFDBA664F56,30
com.creativemobile.beholderfree,9829793469702D86231230CD863FA6DEF801707E068EE2BA7513D7B3AC8E3E1A,253
com.joydo.copsnrobbersJB,464C5B068E5A28D52260200B93575C08B4C7BBC89713D2886182E77953340A08,60
com.fivebn.ll2.f2p,465951975686511AC1EA3489E4DB30728CB0DD50C0F183103961F4F911C89457,11003
com.appsir.dereevilexegp,A8B7CA3423B2BC6B482CC5CC3972978B2EBFDDB013B8773069855C811FF1F43B,17
com.hanaGames.MurdererOnline,5F0B4B4806B17DA11E8D3EB9F9DCFCAE3A6E2866F8648FD5C2024DF9EC24FF82,34
com.pulsmo.StrayCatDoors,4A753F20B6E4FE39994EE5207E0F227C4706B15801C366B79919C08A31533A31,27
com.globalfun.adventuretime.free,AE1D71B6F62EA36574676B95B06BF7017A5E8DBF7B7B7D47E630A84A0B2ACE53,24
com.haikugamesco.escape10,4CDEBDCEFD35E51CC66FC7B24654016CF0779E21CC5951555BF5EF1C997A0A0C,13
com.cleverturtle.brickbuilder,CA6DBA9B7C8DDA7AC201C27558BB30C22E4933C7172B402602374EFE1EBF5E31,21
com.rockhead.starlit,ABB648001FB67674AEF6E2EAC8BB5BFBB662FC9C109D4FFA7E06149AFC76DC16,51
com.cooyostudio.penguin.run,6BFB4B6F321B889E1D84B81647DB34D04E250873B1356FC4E33F972CEBC1483C,165
com.haikugamesco.escapecult,59D6E7810FD80582658869BDC360573F3767F0397C33B44BC143EB0952F8D965,34
com.wb.goog.legoswtfa,5D740ABF36EEA438839C90756B9D817604548D38192E1A2AE485774482F2592E,2014
com.tinyco.futurama,5FF63E3F46622114C5A14D86038E1D5085A676B8A3F919E02ADD6BC1F5991D0F,1665
com.haikugamesco.escapeasylum,E40151BCFEA8627BA298877C34C324B0BEE5B3D961338BD5EB3407ED19B270EE,26
com.vcraftmodsstudio.toolsgamesmod,9DEF3A5B362B4845B191ED24F6818B0878438F87CF7A0626FA5D5E2CF554AA44,8
air.SuperCity,8B506C989A68AEEB6B1A8902A7E4EF2138DB8E64922E8C0C21C7190B0261ADF3,1240064
com.rzerogames.ParaAsylum,F8ADDF8521C6DE24AB8383D2DE1BEF538B7EE4F79A7A2CE90F2B49BEE725A5E3,7
com.survivalcrafting.airport.city.pilot.plane.craft.fly.simulator.flight.air.traffic.control.airline.commander.building.flying,FBF75EF5E4715B96DD9CC952013BB0EB8E9E90CD195215F4337E0AE6474184F7,3007
air.com.RustyLake.CubeEscapeTheCave,F0FA7D3D20D340F5CFDA1335C05CDF855EB76EEFFA9D5B9F5B5FE5890C3396B8,3001003
air.com.RustyLake.CubeEscapeBirthday,A378B92E471DB401E82135DF4FA31EB7512C4497FA6671C91CD7227FB00B1F48,3000005
com.Chorrus.SuperOscar,EED2BC3F8F736DA51F558E02084814DA91B772ED2C19ADAAA93CAB5C5CF970C1,2002000
com.blackpanther.ninjaarashi2,9DA090F4A79A060AA4AF3D5A0B397BC628E71EC61432C08FE5231DE9800ACF52,8
com.explorationbase.ExplorationLite,9D0BD6A542B3C64F28A0C4B0CEA451CA34884E8DCE32F100D61649EF23AA0264,2000000
com.playhardlab.android.redbros,72AAF082D546A31DF404C773B9ABB748BA179ED8C7C457F38B08394D2143AE0C,50
com.tinydragonadventuregames.exploration.lite.fishing.game.boat.fish.wild.daily.catching.sport.free.hook.rapala.ace.river.mcpe,D50422724D1DC4E430617A432F8BFA83E380A9637091E0B869CEB3834C1FB696,3030
com.joydo.survivalgamesnew,7928BB311E052A6B1237CF3D3490E36816F41AA98CD9D71E92204889156D6E39,20
net.bigbearentertainment.android_ho_guardians,FBBEDFCE9966E9CFF72AE89E837F412DD05CB0B30779F9F8835513F4FB954E82,26400
air.com.goblin.timetoescape,7BA4CD57312FF531E68A2BCAB33D57F6CA45B80DAF47E08399D735236305662E,2000005
com.koancraft.commando.hawk.offlineshootinggame,BE9C1345617AEAF94B5E834597B4446D296E82009E2EB0CC002341313DCA0717,5
com.Interactive707.VoxelCraft,CCA3A0011A60743FF2A7B4331D7BD0F9275FAB87A3B8238A06055403D56EC78A,29
com.droidstudio.game.devil2,82AE90B1178D015077ACA30ACD16BBD0587F6FAE9F4736EDD19A49A9C55D7AC7,149
com.tapinator.legendary.stuntman.run,830BC0B08BA4FED304DF0ADB45102BF97E277321F49ACDDDFB00BDE79B23CAE8,9
dk.houseonfire.android.thesilentage,F57BA5F92D180DFCDCB40514CFF19358A36C3AB25E2AF4DCAE6395DF04AA0891,49
com.telltalegames.fables100,89D7A87F98C0893CC65B4DA660E8463A400FE9237591A25539E24F29B432C49D,40121
com.art_industries.mine.pro.vs.noob.hacker.god.craft.block,A042C4B64AB2A4B3FC5FCFA00DD01CC718B4EB64AC21B429B3372F95F67152ED,5060000
com.chudanqing.escape,DC3796E55B299E2251D771078B26FDA99237E678B8F25A780F7A56C392352461,30
com.glu.britney,8FD0783079ABB60EBA556DFC6F4192C97DCA03FBDA0919FF4095E108D7B65EF5,2013
com.sheep.theofficequest,92E6C9B91EFA037C83C88988E529C6D8F23A248BE85A39E5D027C8C600DF326B,500038
com.hitcents.epic2companion,92F07559A6F6560037B3054EAF36A8EB3EC4ED5E2704CC8BE7D790BB07504008,232
it.tuomuseo.fatherandson,B50AA30CC1183267C3D04119B2721C2967FFFABA7DF3769DE95A427625557889,910
com.touchfoo.swordigo,DCF79B8B496AEA1A55498961FE97B34B85DB20746B2F94685B95D6008F3DFFD0,35
ru.empiregames.maze3d,D267A779CEC36546690718C567A06A1389C21F506633A8BED7CB2720E2BDB2F2,17
com.backflipstudios.seabeard,A28E26094B5C4DA8EAED420B68DD5DAE8923C3A02436801AA3D33AD595486790,58
com.yellowgames.yellowcraft,AFCD13DEFC7F2ED1512E57DCF18ED51A5A5266FF3FEE7DD42D40ED1D0AA5F254,26
saga.game.jungle.monkey.run,ECF54B903B6D46C7154F2C31F6487F73242CDA9B89799DCC35601F6C644F958C,1613
com.dq.zombieskater.main,A715ED15E409032FEA03E9231DDA29FA54D9ED71E6FBB538302E42B7448A16EC,7
com.teamto.angelo.ujbr,A8759E00D7CD37445DE834F2E3FC3A8BAC30FFD98A1B46A1588C73FFAB8A7621,4001
net.appliss.ojipockle,F5E07B46DDEC0A6ABB311156C21FAE7304FC958973A59EDF93E48CA03F83AC27,24
com.foranj.farmhouse,B8C7D74C68D0AE9AF932386CC2C141C6606993F68328A3A13AAA4A6220901E6C,11
com.kuhakuworks.DOOORS,C2D696053B52A699452FD7FE9566423E3589410105596FBD3344270FE95F139D,13
com.grimnir.frostrunethe,CBB4B0BFDC7CE9A3ED5354D7F2035BF59A2855E1CD1B00BB1A53BE9951785DFF,4
com.armorgames.sodadungeon,E8CC62E8ABC94777867359A335A64A7060FCFE2491F20801F453D17A56C47671,506
com.appbond.the100roomviii,DC5D5A4E9BAE60DFA80143F72B959B92118D919816DAD18C2D8A1F711E742721,1001003
com.gamefirst.Jurassic.Survival.Island.ARK2,FAFFB32D74ECF93914677168DEA1CAB2C87CD84BA8C7E481E4A3420859C50A4C,148
com.ZeoWorks.SlendytubbiesAE,F2E05353A12B1B387922DD7C32280CB64344647F17302E93253BE0E004D71641,11
