package,sha256,vercodecom.pavilionlab.weather.forecast.live.widget,C69992F4FE0C327F9D33A362096EE7B7C9F605CD85076F79A67B8B739C3CB079,33
com.xtreme.animal.safarihunting,000F65C46D96C0DAA1A7B9F77D09BF71789087C253576C1E6C7A98EA7702B6C0,66
com.rds.heavy.giant.truck.robot.truck.driver.simulator,340B1DCA7BA0C3603BAC99FB6F7351F2CF28F1BE7ECEACB95F3DDF0A12484166,51
weather.radar.live,61346B867EDE3B5E010DA22F06F139902363E07681F329FA9FA23AD7C0B2CC01,18
com.windyty.android,2896B689D130B42193092996432E1C5446A90DCFD08094594BE19C3BF692FF39,3300021
com.appstrend.speed.robot.game,3F1690DDDED2378C3369C827D113C428107B0477726C0127FF50B382B68F3E3D,25
com.aws.android,002E6988B8B6EB8F1A22A84B09B94B944277010BB84007B8AD0CD0840A3B2AEF,2105000207
com.studioeleven.windfinder,3C90ED4BC974453450D7D4764368BF6B5E804F3D2D1A956A087E91FF40E6BACF,201
com.wpl.oiltankertransportertruck,F410569997244FD377E6DEBF32E0C89DCFDB6A6205F86B7743BA1BCD5226326E,200029
com.jrustonapps.myearthquakealerts,61044F6D620CC0DBF63FD1D0B4C8CDEA3D322E25CC852220815229B87A77C331,175
com.farm.wild.animals.transporter.truck.simulator.games,3BDC5AEEF0B34E28285792EE2B8F83ECD33D65F56695296132BEB8A161C4E314,50
com.vg.survival.fight.ninja.warrior.hero,ED6FB4A3AE880E4E00049B1F8BA9F7F04D530A262F1CF81259A0D45DC119D132,200113
weather.forecast.alert.storm.radar,B2E2E9A231FBBA143A9F89B6A29C5EC3BA0E84A6B6EF3047B12946DA1765F25A,59
com.arabiaweather.main_app,59EDE074FD553295FCD123595667FA40E943565EC219E06960EC6A2F9338DF2A,454
com.appstrend.spaceship.horse.robot.car.game,6732B76D4E0A64B0101DBA5B967325B5BB1EDB413BD85D2F6CE767E89AFEFC6A,26
com.apalon.weatherradar.free,ECEEB1119FE74548A28BDDCD2F396B8B83041269A5825C05009EB9122DA2820C,129
de.rtl.wetter,C8AD15C24D7327A40C0730D46793F2B26AD571E7E99B251BBC324A53E8853390,191
com.gcg.traingamesfreesimulator,B687A35C5147DCD41B3F44B4FF9ECCFC02ACA096418CFC5187EDD3586C3EBA68,40
de.wetteronline.wetterapp,E7238B8805C660D8A549B3752FB918F6846B948AFD4D70D00271DC2D0436C945,2021200
com.Meteosolutions.Meteo3b,43B57C7FDA6A09B11FA0977FA4E45AC21F163963FF8E091B4F5DCBEA9971B0E9,32310374
hko.MyObservatory_v1_0,217BA918BEED7EE6F356746F7DEFD27F3991A18AA7816984B2B581106ADE036E,181
com.wetter.androidclient,E2E4DEFEDE0A0BCAA1B8CFA517C079706A7A0581162A0566219EECB7848E6462,1515245806
org.blitzortung.android.app,1F188E4A1DEC71453336072AB6B72A4969426E88463BA48C2F7F1B4795A9E85C,279
fr.meteo,1FCD66BC2C108288E361B1E2BD3D44F7872172F7A6C2A9DA0271DE99C0BF32E1,7005500
com.ngv.offroad.dirt.bike.racing.stunts,6C94301BC28F60DC963E8A45E140FAAC839726C05AE75810DA19FCE2294ED180,34
com.brilliantgamez.us.police.transport.ship,C7B58555F12A5F867E63D6E5197774E42167ECA937B9C1F8B27BA69350230AB4,29
com.gp.flying.oil.tanker.transport.truck.driver,009B4B8DE9C455945FA23AE722344EA121AACADBF137D4DDB36946DD2F817342,12
com.ilmeteo.android.ilmeteo,66FAF58FE080552647473CC2D21CC5716BF98BA40F6CD008117BE768CA50EF4D,254
weather.forecast.barometer.storm.radar,9CEC782BDF5B9C6F27BA43379D42133387F141C6E6174BDBDB861DBE873C2A6F,61
se.smhi.mobile.android,F12EDB6175DD6F3B97E0C3D19ECB152BA09662B27723F604C9D5B7DC91A7788A,401002100
com.gamesorbit.airplane.flight.simulator,2DF20E3359555E113DEAFA06FEF3728A2C008FEC6F1ADD262593EAD5F0788B6C,62
com.nice.accurate.weather,4284ED9E84CD1166B78D9CBEA189C05D14948873F1D3695EB99EA6BE9042A043,108
wongi.weather,A04DC9AD6E9EEE20BED4230FB5BC818617C71861B382DD7496C7373B9512D6AB,211
com.droid27.digitalclockweather,09CC9AC87503B7CE7CF0ADF667D08B5035667648C878E066B5D3EA7E86A66311,401
com.play.io.police.moto.bike.gangster.chase.games,9AF3736A5AC9C5037AC0FF3178BDE3D0EDE08613F21506E61E3E983DAFB7BBE8,200021
com.home.weather.radar,95AFFD7052DF6DF1ABD35F6495AF43506493E3A147BA5E056660BA97AD2795BF,2001058
com.cradley.real.robot.futuristic.rhino,00D793A69AAA0B5869A94E1AEDC7262EA8CB4FE85FEFEF13DB73FD065979DCC7,18
widget.dd.com.overdrop.free,255278DC97A2F2EBCA8FA5C88BF641C6C4C46C8D1BD17B8DD96D3A7650F17403,207
com.cgs.sea.animal.transport.trailer.truck.driving.game,58BF5BB340FE70B24D55B1716A59AAF0D129B3551DB5816981C60FEE9CF912F2,34
com.Connect.FPSSniper,1BA8AE7420970D2910EAD4FCA365F95D3566C1AA47DA46850A5035F02B66EF5B,25
org.androworks.klara,4BACA503D20BD1B56755C93E1A09730E2756E230FFAE9D9BB750E4D342554731,13029
com.gamefeast.us.army.commando.survival.battlegrounds,4F08E0D49F48C75E0D2EAD02BABB0089493DE0D492D15D166DE13B7595171B8A,200045
com.live.radar.accu.wea.widget.app,99F281330AF149ADDE84C51E92FACA6565F54D7267C105A33FE5756A850C8F6C,19
com.jrustonapps.mymoonphase,58AE470C6C688FADFDEF3493C1BAF7290654F06099DC0278876B22A7B200408B,126
com.tju.android.worldwebcams,3DE9A67A3F8129B1B1F747300FD62E073285BECB1B8BA754DC5C089DD7A15B90,211
com.abreeq.snow.mountain.atv.quad.bike.racing.stunts,DFF387F3F03F16B21129D92AE962195603B467AB8D3C114A8CCBF83F9B0D2D0F,200051
no.nrk.yr,977CA063C79BC0A04E9901DFF4DD2DEEB1F0844EF8674FD999AA2A533C853CD5,1100006958
amuseworks.thermometer,E4762818208AA6188FCFF592A6031DECED5ED2A8E4B67034FC2F73C7B316336D,510
mobi.infolife.ezweather.widget.rainy,9C0BF23A12FD188CE113F81A106CAFCB6BD6CC600AA6B7358235DFD700924416,50185
com.droid27.d3flipclockweather,7D7602A82DCD556FA6D1D99BF33AEEC9A6D996974324B0B2A7C9006F37819E56,401
com.gamefeast.battle.unknown.players.survival.shooting.game,73F0FA2817E823837C72A1F59EBCFCFBD41720589B91587D59A99ACAF2891885,200051
com.mizo.police.counter.terrorist.games,3F7523CD0C3AD9A64969D2147656F1E354C5C42B2D4BD6B8F50078B0157A660C,43
com.kellytechnology.NOAA_Now,992CE83EBFAEC4CFB045BF6A3DC7AF50F4D2755EC3D7C2A0B13BC3FF3E722C5B,215
com.wunderground.android.weather,E0CEADC117B5DFD957DC38E0211AC923EB81863B4F7E6F16E0F538EBAD3B3277,2019063053
com.weatherteam.rainy.forecast.radar.widgets,319C0B3A8A2BD73FE424471E175F3E638FC53A9CB54A68DF038324ECCF5F92EC,67
com.appdlab.radarexpress,38963F8E17897DE274E3AA29516A47D9802F95AF736F57CA5FFA472755E6FAB4,2040499
com.plattuo.snipershooting.worldwar.battleground,5EA8405C35DDDC2F592BBDF40F2A40A04055815F75D87221ED69BB7AA685DC45,200048
com.nag.pet.dog.virtual.family.adventure,C5B0691D926419CABFD787EC1BF7C48B19F024262C3570635946939B380B07C3,200034
com.apocalypsegamez.us.police.car.transporter2020,53F01803041CF5CA437617388093459D7816E68DDB02977BC6F1B4C699AD9235,17
com.robot.ring.fighting,96F51A92CE0A857B776E5CA2C35CCBFD46FBCD26BFF71C19F6325F20CC0B9CB7,53
co.windyapp.android,DBF35A331FB0C04745113972AA707111AB095CCB6372AB0D4B324A820A64EAC5,569
com.appstrend.robot.ring.battle.games,AFE27FAF01BF2FAE470F3B633337F8A8A9C0204A378D9D3B9B849059A766F71D,31
com.real.snow.blower.excavator,37BB542AA29A4F70F2DA822F22FEA21DF0D17EC9FF5D6F2D070642F9AC2B08F5,19
life.channel.accurate.local.weather.forecast,B918C4C260991FCF5D518A670BADB18FE6A8D86B6D117DA9762B6C36912D8045,28
com.weathercreative.weatherkitty,266C6C120DDF6AA9A09CF1EB1DC212A50FEECC9844A5D8E6D51BE643EC9E4A2A,535
com.pelmorex.WeatherEyeAndroid,BADA07E1CE63B613FA1723CDDBA0F14E0CDFD8E67ABB657B05773AF7DA33BE61,7353
com.weathernowapp.weathernow,FD96166DE0A078AADAC3F1571E0996F887FAAEE4B38F538520A6557EC1ACFDD7,803
com.zeevision.modern.busparking.simulator.real.driving.games,D51CD6BEB88C6C2191A39183989B206F3BDF5D7A9366827A81F5861B8C0BCC59,12
au.com.weatherzone.android.weatherzonefreeapp,C8BE05C75E8F2AE15FAD5B2BD66089C258ABF9A6238DCFEC724928E37736F179,2104
com.gamescapes.anaconda.robot.car.transform.war.robotgames,C105DD90F93F1F7A94ECDDFA2ACC430E546EF2F1CCF0ACA15B037636C7C80317,23
com.weather.forecast.accurate,18CF209BB606F488F8EB1EAC760FD93DE2739C0D24C35B905F182BC8C8CA1003,38
com.droid27.sensev2flipclockweather,D31578D9DDA681AABABD844A95CCF29283B86DCB75E4D24290701CDC4DF20715,410
ru.yandex.weatherplugin,9355A4B121292D3619D95BD055B4BB0252BF8A1905DEB27D59A1CCC38F29CA2C,110207001
weather.forecast.alerts.widget,28E86722721FF91A560D904BE0C129151C8E057018C25148D9D9F620C136EEE9,55
com.microclip.secret.agent.usarmy.mission,317BEF38A658AC388F11E720173FC370D7C60613625E647A1C953E24CED92563,69
com.gu.superhero.man.citybattle.transform.robot.games,6B089C600D297907E06C8D98DACC12AFF163C983D99FEB142987CE979FB7DC1A,760
com.supportware.Buienradar,C779F49B67D47A926F8C52F1C04E542F8E94B0A0A3490FF9E895C58FCB420FE3,5536
com.accuweather.android,11267AFFD6FA0C4EA0611585F674C412D1B6AB52A2206D5AC206AC39D3955534,71400003
com.gcg.bigCruiseShip_GCG,64DD9A14B9A7301575F0AA13E823790F8AAB2E2B1EFD7FE1C8B48BCB26E09939,32
slo.lesnik,B1DFD85A2F2484A99D82D66CE60D49D532825AB75F8EAAB420B781F8413D7BD7,41
kukurin.WorldScope,5E969D880011D757A9D8598B56BDC5879EC126D1F2B823D0C1F0671C92C75B48,47001
com.bvl.weatherapp,B228797B963FC5BF8234606463A4DD3DB75774127601E9467CC006C3A86E4B2D,101
com.droid27.transparentclockweather,9AA474FB7202DFE35818AE693189CF5B1B9EE6CD446AA498FC8D6185B31546A2,743
com.SeventhGear.tides,0C9C8A4606A389266A2824104B7962F652F79BD96AA2E837811A96AD33AE21C7,28
com.aussieman.car.robot.dinasour.transport.truck,41156548131E2560ACA13D684AF71AA7EE39AF6A3FDF9C0F5D0FDA3C09BF6FAF,37
com.was.multi.level.car.parking3D,30CCC42DEE0F0B218BA393D49C28EA16C413BD2F5C325C88802723410FBDCBA7,25
com.mg.android,4C8D35DC49F2D4AA3D6087910A628A3082E9878663B16F5B178CFE3B522F1162,816
com.gss.atv.police.bike.transport.cargo.plane,526D9906F441261075F50E82DBDB3C02C32D91CEC956E95D48EADE0CF9F72F1C,200038
se.klart.weatherapp,3D4C37965EC80419A785D35AFC3565330493A432F0DE3876A586A3921AB4B8C5,8299
com.jrustonapps.myauroraforecast,974A173CC542942830B0822BBA6C10AB8231216500F5F958A7E7FA87BD39E4FE,156
com.yhi.prisoner.survival.prison.jail.stealth.escape,2609F64B202D234AA6C7168FC7000CB7F853794B637E946CBD38CD8F3F980259,200030
com.vg.police.bike.squad.gangster.arrest,30BC232BFC4BA2213A94AEFA53E34D81CD7AC7ECAB159C90D31CA8CA04B5BDEC,200029
com.alp.trainsimulatorgames,E905C1799E54549B8CFDDE98782A41A03A9E62F5F87F7576BA5E6BB74F976E05,101
com.gss.us.police.cop.dog.crime.chase.shoppingmall,8783779700A644FD4EC5A0668C3068330D356B35D0C0A690C4A95627BFBDEB6E,200065
mobi.infolife.ezweather.widget.weather.galaxy.widget,2E85E05842695ACC6143B86F1535394409C5A4A2BC87D7DD1733C4CBB7C6749E,50185
com.gss.ww2.lastcommando.army.survivalbattleground,03D16C3C626CDAB9725C19446F3D60611319C3BD516F518A7C473307096DE5A9,200036
au.gov.bom.metview,16D05C272F90C1FB86DF4082191E34E204CB8D3B2738E99D894B49331FC404B1,3000268
com.grand.jail.prison.escape,BE73C485C2B9A202E62C40111D531B40F4000C9C9B7E7DE97BDA8CAAF2E74228,53
com.gismeteo.client,EB0492ED955ECCA253E18D3B88AE2AC46B29B4F23052DED5E9D6713C37837314,3555
com.meteoblue.droid,21272CD868A43EB04E933A4F9E6513B85D09D346BFE445DF3745868D6BFEEC03,21177
com.weather.wetter.meteo.wow,92F504F44FAF8D773249E649B4097381A42E82C55F6734DD46FC57C41DDBAF22,102
com.flying.car.simulator.extreme.driver.cardriving,DFB628FEA2BA41779F793EDF40EF95527CACB11D55945AFD01A65D19ADD760B4,9
com.TopWinGames.AnimalTransportTruckSimulatorGame,02A40C74C73FD7EDB02826F57404BFEC15121935A172597253788624A9048033,16
pl.tajchert.canary,36B2DE4C1B85CA45E027AD70D292EF27EE99566E033E151490A91F3688F96B86,235
com.foreca.android.weather,E7E5575D08163C355EC09379DCA49A3BEE71209FA6F47F84173A55786CE7D152,3337
com.gss.shooter.city.police.sniper,E41AFF4E7A6A25F08DA5A9A0EE7F6053B3E5AA13BFE75A71CA0F66AE93CCE833,200030
com.appstrend.robot.superhero.games,A5A82E6C1D2A55C0EEF0F18CBD90FCB50FEED0A12CC2A72903AE2FC682413747,39
com.fgz.us.army.robot.missile.attack.truck.robot.games,049C1F3E391F15827DA36D01E60DA144536735F9A7C4F615F49255C6E3C3A08B,37
com.skireport,02C63CD3FC520A94783E493C9674823D26B587582CAD55EA3ADAB4A45223E766,820302
mobi.infolife.ezweather.widget.storm,1C934D116109F07037F39A0E93F3C0A17FBA13EEE203E05B1F751AF80656B176,50185
jp.co.yahoo.android.emg,0E0439D91BD73391D28B8EB5B9AC895438F56DCFD4C692C54FE40D0353C59695,30762
com.macropinch.swan,F362357E2395E9BF674D28D9A2B155BC918E922AF340A11EEDF376DC892CEB19,6060140
com.gamefeast.battleground.survival.strike.shooting.games,1210EFD91F0940978CFD07CDD132D80BDC5A8421A195B4EAE2B84F881D74C54E,200030
de.mdiener.rain.usa,2EB9DA1BEB04BD3FE97243951473D1D30964ECF8769A28D55422B6E0046C2FC0,469
com.yahoo.mobile.client.android.weather,91BF3F8CD6B5FB4620D11BFDCF03D04578B5801ECDA59C6E9B3B9B8C2E25D756,91596701
es.eltiempo.weatherapp,587CA7E48D1F666B4E261C0A90EA2A5F4AD07E8589B6DA41DBEA27DA14BF548D,1286
com.apalon.weatherlive.free,0D2B74C4292A6CEA846FCE0607B80175F001957B7F6FB9B4C1E31758C7C7D84D,227
com.droid27.senseflipclockweather,D696BE19EAF7F5D79F9668ED56BC8EE5E20E99E7841749610492DACFACC06C81,386
com.rlg.flying.tiger.bike.robot.transform,5F715751D459515B29A16EEAEA68DC378CD535CE754DBE8CC11E4366918070B9,85
com.acmeaom.android.myradar,CD4854C0A1C6C6DD8F123A2F8A7AC36D6403CFFDA2C7D4FE0F78A5F9DC5000C4,437
com.bti.tempMeter,41E4F21336FAD4C17DE5EAC22DEFE94937369977211944484C92BF3C08F64E1E,23
com.williamking.whattheforecast,E511B16DB245B96C351E29498CF10320F247B04827B51DB036D13F0D9CB81BBA,318
com.audioguidia.myweather,A36D5FA7CF09F2F2899DAEF7CD5517BE32BDA082DF7DC333D8E5ECBA0DD3BC6B,79
uk.gov.metoffice.weather.android,A63B5DA29524B06543F465E3F07D662557C6DE38D39E5D537CB185AE1AFA4D85,2130003
com.vinegargames.hotel.secret.agent.game,EDB423D5217D717635B981030E49541FDA8F90EE4FA2F275E596798D8F6B83E4,51
mobi.infolife.ezweather.widget.weather.location.app,ADAC9BE09359F286C4F0937A0E881579E9FCE858897D9018C92339C10D0AE232,50185
com.gss.shooting.game.army.sniper2018,0F355B6E2D375FDBEC1087562C311188E0173B8D3E7B5F4C98C17A003F7BA67F,200027
com.gkstudio.incredible.monster.robot.war.bigman.games,D76CC1C1CE7452AC8CC5DB397F188321C77176A14CBC8301B864CB39A9B09FED,219
com.rds.nypd.police.robot.car.transformation,F3807C1BF6BA80379EC56E9A3FE1D94394E23526AF30FCD3069E04ABD31724F2,180
com.brilliantgamez.secret.agent.stealth.mission,C8259DEFF1A4D39FCEBB577A4533B7A9283DB5AD31C717A6A1532792271CA8A0,33
com.flying.car.robot.transformation.simulator,4EB486B86120C8746422C5B3CC7FF677CAAD2B542DFBBF4CF738CEC376896460,12
com.tractor.forming.simulator,7EE0222927CC833F3B7F1E21FAFE3FED754D34A975B6328E1DDB41F3CD08F4D1,47
spapps.com.windmap,5A55E04D08C387C2D710F75A44DF4A3E7C7D79BC56BAAE5F00B73B8B52C49FA0,57
com.fgz.flying.tank.transform.robot.battle.tank.lion.game,F291180DA390E15D88022C5BF6954D4131D1B3F791F866F99B8E9C127FA8E327,1043
com.grandgamerz.mermaid.simulator.sea.animalhuntinggames,AAFC43CF69CEBF693783A988034843F16C079925911EBFEFAD5ECA094674AE7F,25
com.perfectly.tool.apps.weather,2101FDB87ED753090872C7401EB84DF2CC5676A4D2F74FAC366E60481474A954,166
com.newactionstyle.driftadvance.car.master.car.drivergame.simulator,626A89918B37DD3BDE7E49331B41449F197F74A8DC98F7A49E4F2AA09E1D2CFE,13
com.lachainemeteo.androidapp,14E2B934633F9587FDD5DC630DA4EC9E813B45320374BE4E25F84A5AE463F28E,202
tools.weather.forecast,03BE2220DEFBEBECED9F34CC4982B490F1CF1B2E12FACB4B106EAAAFD5A7C03B,62
com.devexpert.weather,3F1F6400BCAE621D1417063CF6F84FCACDC8D1E9B82D4094517976F7B7AFD11E,235
mobi.infolife.ezweather.widget.accurate.weather.report,75F72E97D3FF5FBEE4B67CB0F46B2871137A8F5E55B44F93FCC41C3B8C1FC43B,50186
asav.roomtemprature,EFA6554F4F16D203DE88687ECB6130AC770E181AC78B87FEF621A6595DEA2F36,112
com.vg.heavyexcavatorcrane,2D9DC49808FE138BEFFD2FC3D8E6D4B3653F857D4FAE1BF9D9F17B46E71ACF8E,200051
com.ramp.bike.impossible.bike.racing.stunt.games,85FC98D09C281A816EBB3D70F0B79D6AD2B1B0AC9546CA55AAED96F74FB3658A,20
com.fun.games.real.commando.frontline.lf.shooter,49B3D45FED49100DA6BB2B256BD7F0BDA8DB7BBC159D5E34E32F1C94ED7EF246,17
com.real.police.cop.car.transporter.truck.cargo.game,4D5341470A6FD66830846936C067E9E0379073D3E23D941F505C2A9BA3C55A8E,200034
mobi.lockdown.weather,72A6A60F62814EC0CB8FDC146BF26CDB3E9ED92F5DB4ACDD244E996FFE91036E,350
com.mobilesoft.meteomarocarabic,12E0D23ADB4F84F6E2A04BD71DCB5F1A4F07A0EEDDBE42E74A19C13FFCEAE2CE,185
com.handmark.expressweather,06E0F5E9DF300748A7F087DE55E8626E356A941B3E2D7DC4DFEAB2364921BB20,52201
com.yhi.police.motorbike.city.cop.extreme.real.gangster.chase,CB34195FE9B101ABAACE6BC8F9437A98084130EC4F39E059A22C88FA7B1C2EC0,200085
com.ags.flame.hero.flying.superhero.rescue.shooting.games,A99C5D00EFF244F3CE82B4DB6029AFD089906F20EC2ECEBE962648D96E9750E2,214
live.weather.vitality.studio.forecast.widget,95A93F624807D2DF5D4F958CDFBE56DCC68B07FD845E9D9DD3C67B9F51AFC81B,35
com.tgp.offroad.usarmy.cargo.plane.transport,041EEF243D209EF514917B27BA7BE2B0C4A32254A65CBF62B5C90A9219DA6014,200054
com.shahul3d.indiasatelliteweather,B2BFEB85A8207746D3D9C629BC8CB0AF0B57A48A2E0775EB0C048E4D2FB1CF3B,29
com.gmh.extreme.stunt.rider.games,58B3A61117029158B715FBE7E0352AE1B1113752ED5B81632A7E9823D74AEBAF,50
mobi.infolife.ezweather.widget.weatherandclock.roi,C723CC134F8477C00F47977D4EA4A803662F60DDB78159A6AD14783BAEE4BB56,50185
com.firefly.thermometer,8F451AA3ACB19CFD26B66C309744D82F03ED58EDE268C8CA2D2586B3B0FDD46A,211
com.madcap.extreme.stunts.gt.racing,D0AE146D78E9A5994D5A8920875EC4E2DCFD8981CF7F01ACB0B315EDD2E884B5,25
com.cgs.us.police.flying.transform.robot.bike.game,7180FAB04F576D599DC8FC4032C06CEF44D0B41CC01D53ECEE2C3040D93D6383,47
com.toucangames.world.wrestling.ring.wrestlinggames,3F0A689324B4ECFFE48968BCDF37A69714321EBEBCF709C0807DD431BFD9DB37,23
com.gs.lightspeed.superhero.rescue.mission.doctor.robot.games,9E3ED936CF188028D8F097B9377FA426F3FDCEA73CABABA438F663D7DF216BB6,44
com.inferno.formula.dragon.game,8989974BCEAA0097C569DD7C58F31AFC8B63C3FD82241371562F3BA994FA8D73,15
de.wetteronline.regenradar,557FF81125626A09FED48F431EF8A309BDA19078FE5806B62D5DBE4F885B641E,2021200
com.fgz.flying.helicopter.transform.futuristic.robot.game,AA3470C4EFFE8D7C23CB7C89A3CD72C0AF3F2F14EC9F10F9D17CF846FD93401A,46
com.channel.weather.forecast,DC2332D136843274071DE15C19B85FCDFFE49097F83593474E3CF65F477AD7F4,69
com.gp.grand.train.robot.transformation,0C3ACB78E44E73F7E7CA55AE717978148E3DFC6479BCBCE2D13CCD293C1A2E4A,32
com.oil.tanker.transporter.offroad.transportgames.trucksimulator2019,CFA2DA40927732BC5180F32FD55C04406CA3AD0863952358D2A0ECA4DB5D7D3C,40
com.brilliantgamez.robot.tornado.transform.war,74CAFA8013A3FFD591D2E746FD443003857838379E877FAA526544A4FB632910,57
com.hetweer.in.nl,A0C9669B3A25010DE6909DBA2FB016F6DDC94DA6C686408FEBDAC8C1A22AC164,250
com.superhero.offroad.bike.taxi.sim,87AAF3AF6D15AECD50183D4DDC52B4E74B2CA0EC4A689B5D0EEE4FACFB17E8DC,19
com.hyperfame.bus.simulator2019_free,C8A469DC4F65D8F8F555B23D11B1AFE89CBEE792FC50370D8A53A35709E4D308,12
com.getone.getweatherAPP,E52AD48E3A5ADA03BB0BC775685C93B96F4A9184A194AE130012E83514ECA828,55
com.xiaad.android.thermometertrial,C711D65649AEE6C4BF5E6F171BB6730908EB9A6726546C96ACC2E5F78F931EEB,9167
com.perfectly.lightweather.advanced.weather,3E416699C554F358D14E963A1D1C747C41A1353692286BEEB5E2DD30CA9AE5C1,31
co.climacell.climacell,8B844BB760198E08D95430E84C839829010D4753B3C3E88360778642E5900624,4277
cz.ackee.ventusky,47C357F43D0C4F0C94F13F303F325814BE61C68A5766AD34C838901433B651F5,1611
de.dwd.warnapp,6A7FEBB477F24A4AA49C938B3FCF971E51CF389A3788DFB22D85418373EEE190,3506
com.rgs.monster.hero.incredible.bigman.games,6D7AC9A5F5EC800A384C54194BB665C3B8438542E6F64640C144426C1D6D5922,9
com.gss.grand.city.rescue.flyingrobot,1759C0A7B37FB41609CBB3D89BB1A3C7606A70803B2B4A719E5B1035FF23C21A,200035
mobi.infolife.ezweather.widget.radar.weatherforecast,6A61553F068F6CC83E7075BCC9A92741E0991D3F2270373F2CB37557CD908727,50185
com.spirit.survivor.commando.mission.apps,1EAC1FF3923F525E7EEB2912E424F515C8C1934964309723FB030B8E2CAD2BA9,22
com.probadosoft.moonphasecalendar,0581555EC6E42DD0A3E3B2D185E05A5D6582C736729D201BFCD8031131634602,46
com.us.police.limo.transporter.truck2019,6CF216A5E1B97E59E7BAB7453B344C7313F8B725480D19EDF7FFEFD2D52440AF,73
com.wpl.car.parking.fun.driving.school.car.games,C5F745B12D0A32E8592B422C66064DAC0A93EDE47A7794942F22AB00A09E76B1,200042
hu.idokep.idokep,B41368C2B473A34C242692B60E292A02D8C65492D11F03D1F677CB97A1BDA3C2,265
com.firstscreen.weather,FA29533FAFDCD7D03B6808969746B9C5E0CB4279C3E705F877E7B86C844A6909,273
com.idmobile.swissmeteo,55B805128E26BDB3B51D21FAA0BC6D4267D801ECD48A7FB58CD0117122C4500F,800
com.amber.weather,1B32E202835B9D75333EEE61A07B3AEFAB786044E83DE49F7D434B232B90712F,471
com.saevio.weather,8E22F685724600D4DF2B13CFF6BFCEA82179ED6A82E3A455A1C4E12BC91B3727,101
com.lifeoverflow.app.weather,5F10619F72E22A45174B3A8818D3A9D15E99D300572248A0C57924E1D09F39E3,239
com.gast.missileattack.army.truck.driving.games,7877D91FD1EDDE6B60ADE2F31A31ED2453B94657993090F14A1643855C48CEEE,128
com.gf.drivinggame.transportertruck.sandexcavator,AA27E556B1ABFFFD9AD6AEE0ECEB22A2236C184050B54F373A069441046D1ACE,11
com.real.bumper.car.crash,B804433A295E44E1380F9EBAD6EFCBCAD4E0F04CB97E829C7949A2D8A09EAB6D,13
com.weather.weatherforcast.aleart.widget,BCDE11E698A8B6BB00CA393F6257F3F55A7EA49B796E5A669C6A00FCC43CBD52,71
aplicacion.tiempo,B635A555AF9D9AC0873A80F78F169C0D16C36E165BA2D715AE0EFFF43DE70394,469
com.fps.shooter.counter.terrorist,1D69C78A2E4A426A1D9B32FB28EB3210AD8C7EAAF306CDEFB1175D2A1ACC24F7,200042
webfreak.si.rainradar,3B9C343A23739A75E5430694086F4B189692A29AE7B00136AE59A254319040FE,1010
com.gss.flying.spider.superhero.survival,2C91A7507C0819C020E1CF281DF0EFB4BC4C6FDF90FF9DCB8C54E92054B1140E,200012
com.gast.real.tractor.driving.farming.simulator,4DFD68881FE01CCD9E2A9813245A09EFD89008F7DE467CBA4BF2D42B73E06460,380
com.futuristicgamestudio.offroad.transport.truck.driving.jeep.driver,466CFCEDB4056C0C96FA3E2805A072F544468C86DB9157004793CBC4D789074E,12
com.gamescapes.tractor.farming.simulator,3F410350E38A617CEF50FECB4F27994615642C78D986A62BAB10970F8E77A7B7,22
com.grand.gangster.crime.city,0689903B9DBD14C037B59DC76311C7C63A80DB0FBE14C3D882094DE48ADB7C24,40
com.crsh.flyingrobot.carwars,4D9F22BDA22123F5C17953EA336C6C93F7EEC3961E5E8559072A459019F75404,61
com.pgz.underwater.train.city.driving.games,9C42C9396D91E9B628D0C6B7E4FE434DD1CFC19D65749605B0D41D295819150F,800
com.transsion.weathers,0993EE4116F393E962E5E8E5AE280A5A5CDFFCD06500D4E8AD5746E2A54098E9,4136
weather.radar.alert,06AECB615934A7C462D1182A5A809F111CDDBCBC43D1CCEEC662A11902851F4A,31
com.fatmobiweather.forecast,DCCA9BC4C0E285371051656FCA89C42CF9B05A4840827A66075B7B9988F81005,101
mobi.infolife.ezweather.livewallpaper.wealwp.chanel.weather.accu.forecast,94C71FA5F58CFA4FAB1182DB2472CBC074A9A63573B8009D9B4493101F576AB6,50185
com.spider.rope.hero.man,A68EAD6D0BA6B975D4C35C95DC1FA5C1E8117B00DBB7C597E834EEDB0EF0BAD1,11
com.gf.mobile.car.wash.servicestation.workshop,D27323832527027FA67D004058E2EA57E552FD76E582212AD80B2FD433CBFBA1,29
com.tennumbers.weatherapp,6AB66CF8413F12CC4E85ACAABC8DAB2C1147341DAF794B2E8A51C40FE90D3A69,237
yo.app.free,9B4F149EA7E97C18536498604E1FF0592AD1020F952861FC4CA3028566471783,1055
com.weather.Weather,56C28401462A4334991E34FE2F7807755276832A3EA8E3DC64B29AA1F1A871E5,1038000179
com.city.coach.bus.simulator.drive,DC329874C4DA7D16B74233706525359160703F2C8751B57B2C3444180AE7B6FA,16
com.gaminglegends.taxigame.taxisimulator.grand.car.driving2020,E5AED5A409008B54A2D0B12D352D880F7E9EC8A60314A4693C20B8AEB28EF838,29
appinventor.ai_szymon_dyja.paraMeteoICM,5E6B2FA94DCBE36FCA0D446F733DF00A45400EB0D423226B5F7CE670AE62FF7B,21
com.universetoday.moon.free,D4D8188675725A2B94EBF25E916CCB4D8F7873ECBB2552596880136AC21FC09F,147
com.biza.fashion.game.stylist.girl.games.dressup.gamesforgirls,DD6FE87C7FC46AD6477C3B03D5457C7EE05C223F58FE63AFF6A047F0BBE58575,17
mobi.infolife.ezweather,3094AC173397F0070C5C5BCFA3B2283C111AF9BF0F0E20FF49C94E8D005B521B,471
com.rds.bat.bike.robot.transformation.superhero.games,D344BC334C5A1A6CE3E61F45B80ED556507ED8792B02FC34A3680316048B5E8E,89
mobi.infolife.ezweather.widget.ripple2,BFBD1E2BA3772AD1E80D6ADD5F75EDEDE0509BF0AF2F24C1EF29148CC817CD10,50185
mobi.byss.instaweather.watchface,DEB4A9466E000203F21155F243051F2905A4D85E484AD9864D720ED167A2EAEE,262723
com.exovoid.weather.app,797FDA066212EA6009559E35F02BF558F0AE64D1799481FF7233FD040724A8B9,130
com.tregware.radar,6286A85CD3B3A09CE7997CE788CA9A1BEAB3E944976F37C957E6731F136B231B,196
com.cgs.snow.excavator.crane.transform.robot.shooting.game,9C6A32ED1DB4957C5DFCF7101949E0A81B6BE3F0F7BE459101D732953D2D07AA,26
com.play.io.shopping.mall.radio.taxi.car.driving.taxi.game,AF3DC43D0B78F282B746F3FC1BA7CDED084F914556C6C837AA458773816E2879,200041
tr.gov.mgm.meteorolojihavadurumu,330FF38EF454CF9391F47CC4F24DC6B30A5447067C08F022219128DB0BA2D800,104
com.bajake.tractorsimulator,41BA0FDE67854442FA31A56B1AEFF662C534FE833607947F9E6C74D0C85CB4A1,23
com.gtactiongames.offroaddriver2019,8594C93DFEF590666A967F760FC4628DD754BA6B6282AB2A56F33CC3C340D1A5,107
com.yhi.police.monster.truck.city.cop.extreme.real.gangster.chase,B1E78C0AD21550B293CC9DC38D8140BA16F14E1A0207896F5AD2FA77EDF0A439,200033
org.irmavep.weather,DC53D871A9E4CC44BBD28FFA165A9CF029917ADD449D87EADC4819AF1E3984B4,3375
com.playspare.partyroyale,FF9D23CBA063302B74745B8C31AFD08E84EC49DEF946C7CDD55B50FACE84EA72,59
com.gamefeast.bigcity.limousine.car.driver,112DE503F2A3FCDA927F0685F77064560D8DAA3405DA25149A530D0FF6AE3099,200049
net.difer.weather,927E4F654227CD112B37B2F398FB8F6363669A7476F03999D18E0001781C3AC1,318
com.interbolt.impossible.mission.counter.terrorist.fps.shootinggames,A84BC17BE20AE5983AF76C3B22422E436D00B970F92D64F456DA230B8377E885,45
com.gp.crazy.tricky.bike.stunt.drift,A1CCC6DECED6B20C3DFDBE18D5D7736CDF5CEE8D7DFF997565FD79D2C14A3A0E,14
com.play.io.train.driving.simulator.euro.traingames,1E789FD8765A41E7CC6257EBDCB51427A2A4F1F2FBA275FD8010C076438FDAF3,200020
com.airvisual,F25238201A72D31DC06A3724F97282BFD0779633E6579802C4AF056E9F2A46A5,994
com.meteo.weather.forecast.radar.v2,995F1CC815586A3716467F8D4883520E846F7C97B279B50CBB0C3AAB795693B4,26
com.spirit.truck.cars.hill.extreme.roads.apps,ECF5EDAFDFCAB7F086F40FA20DBDF6E6869CD39B889217D8C8F6CF0516C55815,19
ru.rp5.rp5weatherhorizontal,EB963688E571E6CDC061AB2A2575754019B79D2CA2C29147EC264BF888C55F27,22
com.fgz.us.prisoner.ring.fighting.arena.tag.team.wrestling,E7B853F2F11284B024A3D327EC67E4F38CA5B2F908267A6CBB2C26F77C92E295,22
ffz.com.barometerprofree,1F5DE6463D7FE355D9C8CCC3022FE1ADDF58E6BBC7F3C5EB01B4CECCA6013137,34
com.yhi.virtual.wild.horse.family.survival.simulator.game,137F91B2154ABB81D9F3C8A842133C6137BCBD0D91FABD6A9040332513281E5C,200025
com.alp.traingamesfreesimulator,ED451969F33F9801D521841F7E3170AE9EFE85C7F8F1A689A752357BD8A99951,36
weather.forecast.storm.radar,77191B836413F307417851347E65580EA292209B33690C346DC155A96DDB698D,69
com.ga.scary.joker.mafia.city.crime,2AD6715EDD6E8FCF2706555A41F7410602FDEA148B4FFB0C091C0A9E2E1118D3,38
com.weather.forcast.accurate.weatherlive,86BF066F44A8FBAD3FE09185E80069BB9F270E505B54041FFAB4F2AA36173C62,52
com.threed.wild.hungry.wolves,4DFE1E92DD2122EC0EA493231DF4BF73F45D01D72977152CBBA56685B0ABF8B5,200015
com.vg.mobile.home.builder.construction.games,642F0A72653AEC4D6FBDBBAC28D240950DB2ED5E4EB8DED16755C59578903E14,200016
com.appstrend.tank.robot.transformation.games,F5D69C5A7956D8FE5B932973290AEED12C44A32873BD42AEF1E531A983B9D5A4,16
com.nstudio.weatherhere.free,7AEBA4C03EED33B06C1DAE2DDAD6F4586267F1918358DE69566B001E1FAEE522,190435
yong.tools.life.weather,DCD222CB022B4E90D40D648229FFA059099633FF3F9273F07A42F0E91BD521E1,78
com.racing.car.stunts.games,88470A874539AF3BA82AE9E1B03870856551ED1E7D3D537020AB039E25703C8A,43
com.idmobile.belgiummeteo,AACD7115E774D90E9DE05A60DBDB2484122113E8ED2169F11DFEF50606ADC142,800
com.mas3dstudio.sea.animals.truck.transport,63CC9FF1FDFD09DF92F13382D923BE964F50694BB02EA55212EF01BF907670F9,200010
com.bbs.flying.garbage.truck.robot,1AD0928207A62576540F631408B2D06B740C3B42B27408221AE211E2F29A224C,30
com.interbolt.impossible.limo.gt.car.stunts,1011B8356BEBB09D8DDE62798110D5BE11EEF201A6C1F0287B4E3BA3FC4F6C88,43
com.weawow,BA6E70BF900126F862B93A83633DBFCCB9E8AD352E844D0D76055EAFEE0E5760,470
com.doortogames.real.dinohunter.jurassicworld.survivalgames,09F06E240B117E37627FA753083DE05763564F09EA8D9E697E18D0F6DF706F7C,21
com.wea.climate.clock.widget,EB6620FE608AD33766B2AC63B621FBADC532941E971AB01AD8D30340E7DDD5D5,20700
com.gss.police.bus.transport.criminal,C33061E464165105493104E9A1BD1DA880A7BDB8642EFFF3433345387CF9F1B5,200044
com.microclip.waterslide.uphillrush,52A3F60639A255E7474ABC728FD34EA8797067ED33125739FCFE5E7326075F23,45
com.mizo.quad.bike.shooting.games,CB27B48AC87EAA146483ADAE964CA7B7F5BBB04208E1BAF868C04AF3E9E3F14F,24
com.weatherteam.dailyweather.forecast,564A8D40E136D6244555989809C00DE1DBD405983C88A1090093D318CB3DBF2A,69
com.bikesstunt.motomaster.racing.game.trial.trick.bikeRacing,B0756E7C66CBE1FE74FAD377F46CBE21570892979A89F02CC07A5A0953DD11AC,25
org.satok.gweather,624F2224F192659D6DDF7B322958E88007978EB05F3E1146EC2BBB759A0A48B5,8018
com.monirapps.thermometer,4008F14BF9579F766C2F5A932A194A6A6ABFBA8261852B08E95D0325C0460AC6,49
nikeno.Tenki,48A4ABA9C47A647A63FE31652EFB229B6D27478E6A111A13C72546F353EF2670,26
com.sky.bridge.car.stunt.driving,F104E651B0B35C14F53422CF3E967F221FAE4995A1018F3B8886E7A50F5CB722,18
com.cb.cakebaker.bakinggames.makergames,CE421867B46F0392C79ED4D13846C4ACB6F801F4B33422F897A7DFD922E91DA8,35
com.gf.autotaxi.passengerdriving.rickshawdriver,0AF9956A5B1CE4C49137486EAB02DCC07696638ADCE82F4EA3F09FAA850B46C3,19
com.xs2theworld.weeronline,0F6FE3EDB02795F52FC850CC66E23DE54E5A1EAF04213311466C328F7C256C4F,2030001790
com.droidteam.weather,C01CD5EA4609B934C023B5175F746881B0EB14C3AFE9B62BA15F54D7275D70AA,113
com.mobimidia.climaTempo,19F9B9C992E6127D65940741BB8EE4C10522E1BEB0A41DFA0DF5D28B9FC06BC7,3000059
com.weatherport.android,E3C9BC9207BC7A3EC3D30446FED6DCB1E6F9740017ECFBB1A95153397A9066C6,223
com.mizo.jetski.shooting.game,F5EB77FD2E6DFFDD5B358C20A0ABB59AE9711C9CA7A150F585AFBFB6366F76F9,20
com.rhg.tricky.bike.stunt.moto.master,138710504BD93707CEBB9C2DD4ED9A5B3123EE5F5D2975AA4E6A84FADD978ABF,44
ch.admin.meteoswiss,7C1D20FA9213E4899320876588CA4A44C09CD43D0CBF144313ED436D2E17AE2B,2120000
com.igames.bottleshooterexpert,EF45BFAD379DC759BB9DFA94A4938FFC19E389F4AA82A4C439A6C6E615566C34,112
com.graph.weather.forecast.channel,3978D870A7A35F178E3D367F632258E68B39C54ACFC8EF5C3FA20203B0400E1E,71
com.trends.games.production.train.crash.destruction.car.demolition.derby.simulator,6AD3C915B0CFCDB0D68F3A1B13C65D3B230735ACC5E44C2A5A208276E1F02989,39
com.trnz.policetransform.robotwar,96989F2B15B37C0DCE79166B58C9D0BC25346D99C7F3A4CDC7A0CA707AB40DD8,23
com.projectsexception.weather,77CE1F16C568C3B73743369A26A17A15C7EF17B3D2B38030BFC37E0CB4BB4227,95
com.tgp.offroad.us.army.transport,279ED2DFA57C70B1E1C9A0BEB009D782E49EF5318F879D63F75CBBEF91533994,200027
com.morecast.weather,D0E7878D241401267806179F58A50E0296A51FEC02236DE0BF1DD9681B3CB2F8,4000030
com.gamestr.tiger.family.sim.city.attack,ED83B020A9C6B4EAA44C3E32831D4D29B154D4E3501C6DB573B753BE06CFAEC6,200051
com.offroad.suv.driving.adventure,44D0A9C4933F6BA8929FE102D72A57199B9179B04F1FF21E4A82A1A8253CFE9E,43
com.gamesorbit.army.truck.driver,4DC5E604877010D0F5EFFC6609823A119591868B945E8FC732CD0135DFA4AD3F,24
com.yhi.real.cruise.ship.transport.simulator.driving.game,0C137BB9CE233B3B3FD1B6920F80AEDB80C8070E326CA0BF64C19A43ADA64D8B,200014
com.weather.forecast.weatherchannel,4C915F3443558C3297D8272F973A2E5A67C76E1E29E2DEFFBB184432F7E2FAD8,59
com.channel.live.accuate.forecast.weather,54EB189C3DB0FE9E632ABD24EAA539D979A4343CF6FDD14663DF5ECEF09714DA,33
com.heaven.thermo,D12F4CB09BFA1195105446706880123B41651A3DE42BA4FA384B664DC7232C2B,10
com.accurate.local.weather.forecast.live,66D5D74096A2B43BC4AFB35A63EF73B6438DF373B15CB7EB6A447899DD0F4826,17
com.idmobile.francemeteo,69FFD634A788B58AFE4E4C954639A4CE7F0836A8B44C0AF7B0CEF53018ADC60D,800
com.md.us.police.dragon.game,EEAE3719828053E73E6D984B4DE4770ED0DD537BC968A8475FB5A1A5DC5B7B87,24
com.hg.cupcakebaking.cakemaker.bakinggames.icecreamcake,171BBD1737852CACE629B747C0A7F111C5BC6E71F63BE9002C19E0FE4ED3C912,19
com.channel.weather.forecast.live.radar,2C43C08796DBF26974A1E92B05A89E9786D5660289270CB99713156346B7624C,44
com.animal.attack.simulator2019.wild.hunting.games,70CE9A89E3EB604AC3183CF6A96B52D91B666251E2A1ED34CE06FA53940672C6,50
com.ew.dino.city.attack,3C8A28C5337ADCBAAAE9A3E24E1771BC0FC2A276BBB3FE6FDB90C8E04377CDC0,49
com.gt.real.truckdrivercargo.sim,1EBE2EA770E2E8FB937A900302C7AB84AA9D6D3F5E88A813CAFBB3C789B0625E,31
com.lucky_apps.RainViewer,A4AB371C454145E64EEA92B25DD8422C1803DEB8A380AC9DCDCAFEEA641230C4,2849
com.accurate.weather.widget,0DD88C487DD8EF3987899CF6C61D595DA9A97291A119DE15C69499115AF06DF2,40
com.appstrend.policerobot.speedster.hero,570359E5B2845DA9F6D01E7C290178258D266C96C16BF0BF7387F6C103E5C5AE,50
com.accurate.channel.forecast.live.weather,D1506486745D7701239CD8D7C920B372B6015DE6A8A5D955A4983FDC84E88C15,39
com.us.mega.ramp.car.driving.impossible.tracks,AFE7951DB552A2AA9672F379DA546B7C27B78F73036968B5F3E4B74580778B9D,66
com.timuzgames.missioncounterattack,35E0F329B4DC4DFEE4AAB19643E623E37AF96F561DCEC05394AE143F76E99C81,114
com.bau.asphaltparking,E1498728BD55BEDB5EB815B613B99E50B3A6DB0E3F509F206CCC5B7B05B71C84,5024
gov.fema.mobile.android,0EB1A77209DEECB9AB7F8A5AEDBE96FC454F3F3136DC5D5CE02618AF5AE92E0F,2021092701
com.vg.secret.agent.bank.robbery.rescue.mission.spy.game,A021B737B89BD11B142F342A13A186D9B7F81090EFE763BC8BAC739E454AD332,200017
com.virtualsim.lastday.worldwar.hero,DD95A912B0C152F33AF327E3E00BD478DBD662D31947B9BE1000F6B7E2109C35,14
com.vg.police.dog.subway.criminals,96B99A3248FDF9B425EA25E3092A92F1BF3E3D677847F581391E88816BCE43DD,200012
com.xtreme.heavy.crane.simulator.game,B8177F27C0CE4A5976D22E537510175EFA6FF318FBEB7F1A009159D4351D4F90,25
com.gss.offroadcoachbusdriver,19AE5670BDE35125043FFE8E374BB3E32B5FBC5E27407CFB8321B0055004BE28,200038
com.kaloey.prado.parking.car.game,73A0A607DA9A629D15FA4A9E16B64D44A6C6D1A8D7D50CD8C05C8C6A1941CDB1,13
com.dfz.gas.station.mechanic.parking,B551B6D89A91A98C95EBAAD39BF170B3C7BD994229A5C1F4451FF0C24B1D006C,29
com.gamefeast.dragon.warrior.robot.transform.battle,1C21B866F021BAC619B8BB1CD61A35592395432339A75C85C5C254BB904312D4,200023
com.kny.TaiwanWeatherInformation,D11C566FD1A6E07D442E0760F6F235D2A110710C767FC6E2313ADE81D5CA0228,2020012107
com.accurate.live.weather.forecast.pro,68FF699F6C68B101F6D633FA6395A65FC059CB4AF3B6DEC1E86F4631B61C4FA2,44
com.info.weather.forecast,19A69F71958B94247930D48CDD33B0453A1B0B6AFB29B17EA85949B023EBDAF5,11
com.ghs.dino.robot.car.robot.game,79BD63D0B3D75D0F9336E955C258AA1BA96CB26EF78E6378F2C97790677FA38F,21
com.vg.survival.island.lostworld.escapemission,4D6665C65247ADBEDD837D63CE91EA5E1E3CBE2D47144E0240E9740BC20AD96A,200016
com.accurate.weather.forecast.radar,5ACD08FB100B7547B03FCA5AF596F64669A703857F830C12BD6AC6A4C2738F82,67
com.cgs.flying.school.bus.driving.simulator,48746B21CC50670544EFE7EC5FA835ECAC789F278B2B08A4595E82EBE47A72F2,43
jp.co.rcsc.yurekuru.android,0FDCEBA7AE2CE31618E4672E0870D1696A6CFEB9DA29922C0A1EFC9BBA622520,126
com.rds.real.robot.firefighter.rescue.mission,22C3AE1BEBB26C762692EA60531B0BE0E52975F12B00A033C6893175892E25D1,88
com.gks.us.police.robot.muscle.car.transform.spider.games,B3CD3DAE7B6F923047E467506F6C7D7AC7C612075C51F139F966E9083222107F,926
com.arf.weatherstation,A4993FA79AF37D5F5FDD134014EA6E817E0710339C28714DC6DC473733DFB906,617
com.threed.flying.panther.superhero.crime.city.bank.robbery,B7548F4733721A108794DDE3BA4218CE316FBF0280A460160EDBAD820E406771,200026
com.gks.incredible.monster.bigman.fighting.games,8E14E7FA9F807DDB6ED4AC1858A3F66B03B981FEE531B7BC446C035A250DC818,610
com.livingearth.free,67F371C484CA0ACFB0BE13B47E8FC0CB2802BC14AB60EA7D21FC146BAF36EA3D,534
com.palyten.extreme.car.stuntdriving.simulator.gt.racinggames,A098F2EE47373055BBAF4DACC4C19E21A0B306D5BA645DB5D901155B71ACFADE,46
com.wild.animals.transport.simulator,4EF19893FBDDCAF9BDD6E984781D92207624650A9CAD4B494C26FB3336D98F23,38
com.doortogames.city.taxi.simulator.offroad.car.driving.games,F88E346BF7B0263FE12E407677917895AFC656D08243A5D545BAFF8162861564,15
com.games.commando.missions.combat.fury,CD1457C0BDE2E6C7F2F5E92276D8FD46D1DCB418AFA35BC4CAB44C892B5D2E87,56
com.real.truck.driving,1AB1DE935047DACBC648551A4DE38E8F11C3286EDE3E119455444C1FA5082B3E,33
com.chanel.weather.forecast.accu,81607BC62664D46947BFBC435EAC1E3FC682673B549F597129DD1987F490CE66,82
com.mizo.elephant.robot.transport.games,96D572384E6A503B577892485E71C47D1343C9D165609295DDDA068348D4A2DB,17
com.gamefeast.ww2.battleground.survival.war.shooting,443865150352B9EA80592F73EBB3B2A908C983A836467369DAF420BF509C2378,200009
com.traffic.sniper.strike,298DA00D246DC53A184DF2AE178199EE7045F69D973E9041E2B55484EEAE8D7C,71
com.branches.wolf.robot.transform,EB181E26C887CA4618720FC2CA8868E0718E938E7B2458CD48392B25B7A281CB,38
com.gamad.helicoptergames,CA9B022CFD1928B26685B94054AC202013AAA360374FCBE8FE1FBEE1E5426134,33
com.fps.shooting.counterattack.commandomissiongames,591EEFBC86042FD16DEB67E4C08886EAF61EFA282B6CC7DA2DFF84301F9E15C3,16
com.wpl.transportertruckfarmanimals,6911E9DBB3AB03CFD7CB9480B61584473F41E2C9F1E0349864931991425070E3,200019
com.mm.happy.family.pet.cat.dog.games.adventure,1250915C4D3BD31404C49F70E72534E34FEEEBF03E148005CDDDD4EB426DEFAF,165
com.gss.offroad.policetransporttruck,8EE406ABD4F089CFA0945A5853F3B23A854B46B96BC42D755B0B953973A20CB2,200028
com.plattuo.counter.terrorist.shooting,DF1DAD660EA58DB0AC988DE32F405BF4DDA37318D2BB127ED1321D6B720A8BCC,200042
com.cgs.flying.bee.transform.robot.war.robot.games,635ABD9D80C62F27C2CC0BC7EE44EA006877D5D0E5895B8A68C87FCF2FA759F0,13
com.gf.monster.tractor.pull.tractor.games,AAF2065B8A3B8F14D2DF48BED90E3A8252C9C9A6DE02B19FEAE4D3564E3C2CCB,18
com.pog.army.truck.pickup.cargo.driver,7F6917E5FB14C9D091666D88BFEB14890853C5D515B6ADFC7947EBE6D7E64B17,3
com.rlg.mechanical.excavator.robot.flying.transforme,471207ED063081B1571243CA4343878D4A2EECB0A994359879D86A8F53A563D0,24
com.wpl.monster.truck.destruction.derby.racing,EF0DD2F6BCAF90BAE470F9DE04814534666AD5478415B6A6EB7EBE8164791D1E,200033
com.ga.light.bike.flying.stunts,EB4340F6778031594CCA05086A6453DE193514782E84A1664318A3DC201BE0ED,21
com.speedymarks.android.temperatureFree,AA36098015376D760884EEAFF9250BA8AFA1C10171F7EFED3B7055DCAC3FD957,27
com.dailyforecast.weather,C7587186E43F731089765381AED0243FDA2273D58DEB93E728832A0EF63AD771,971
com.devbuz.drone.games.robot.games.car.games,B1A93A06DB48F984984EEA950100CEDFF401773B8F38A1D90D039CD63B32DA8B,38
com.threed.battleground.fire.survival.strike.shooting.game,AE34C277FFC7273D909D8AF9D5C8FC86D1C868F0FD0D4F0F9D1AB240B2575DE1,200024
sw.tytdroid,6296F5FE75CF9D2572C066BAF87386998A8DF6E38F8C934D3D38EBB89F737C70,101
com.hyperfame.train.simulator2019_free,81D845306512A188236F490AA53129AC847546008D69792026108B23EB850826,7
com.usnaviguide.radar_now,323BE10AF3336638C89D6F3B7391EA8FB7B8AE3BDEC7FA866DAAEE46B473E6E7,241
fi.fmi.mobileweather,D11EAC9A7FFE7B0A953D402045A948304E9CC9A52F2490482B67984EE93429D8,2001719
com.xgs.flying.ice.hero.robot.shooting.games,FCB5B3C9E7A484CE1EDCD283989407D73E900C050E6F02658A1218D74C61E6FC,600
ru.bastion7.livewallpapers,3DA898F340807279FFF3D40AF12FDC7522DAACFCE4B17652869EB2EC5236B65E,60
com.gss.call.of.war.sniper.ww2,918D847642A7B5295C9C9934BDD7449694082C7E306DC91A5AB75E837CDC2D74,200017
weatherradar.livemaps.free,50297F0F406EEE2676E8501BF2D530803B149D8B842BA3359C1766BC1F8019A0,52
com.wpl.us.army.shooting.training.school.game,7E68DFD5B9BF196FA100F71B4A62936C69DCB43A6141A9AFD4692DDF1347FC18,200028
com.sms.pizza.maker.delivery.boy.games,7C77B5F880D9C8DD01F56257A565671063181C19AB0321DE9AAE686F6542F943,30
com.ps.grand.farming.sim,6CEFC6F257DC629B282DFFC3B42F974A7846A94F09C7715843351C02DFAF53C9,33
com.interbolt.real.lion.robot.bike.transformation,CAF9E99B469BCDE5A2F57D1C1E7E12586E397A6E1A2C5464FB5ED8E6FB398415,23
com.ape.weather3,171B91861588FBF3992EC6E22A621DF6EC8C631317B74678BDB672FEEDA4A3ED,1001401
com.mustardgames.army.prison.transport,35FAC83DED219D35B88B54F64A598B39AD157657D4F6CB043935E698A95DCA97,36
cheehoon.ha.particulateforecaster,7CA48D0B953497C30E47B7D62B2E49B91790A185A1EC99B68E15625EFA67419E,655
com.accurate.weather.forecast.live,81EEF62715766FBF93591EA66BE781BB1EE04753EF64F112690BCACA44360D1A,29
com.nag.family.house.builder.virtual.mother.games,B0B8723A12CCDCBD21F9DE1AD96433E5087B35311C5B64BCE86A3D70E4FE8B70,200014
com.tenlogix.laundry.service.dirty.clothes.washing.game,62EB87063D87D79E75CF804FE6EF18D928B384E2D2A1C927C5FA4AE331FA55ED,200024
com.weather.alert,627643ADD8DBB1622B1E14527F723B6D3250A98540FD0302C07771E5932983D3,100368
com.carracing.streetracing.freegames,60223F81367937694179CB442712C7E01C5DE265AFD2F026AA2322549D6D6EFB,9
com.trucks.offroad.spintrials,5A94BBC37F9CCA92971F3CC2CED29B4AC11B71E1CD8CC22DEE2047EC6BC3681C,101
com.offroad.jeep.driving.simulator,9B740804074F99ECAA511B2D6DCAF2898F1E129F2B19D5CD3B714D798C2E5A96,22
com.gf.offroad.jeep.driving.parking,CF30F146F557E420AE5E3DDE8EEC6EF232C561C30D9F09642289E1D7A6934DF4,13
it.fabbricadigitale.meteoit.page,19B4FDE31CE113F58E0F17922F8F9E0DB3860FA40DE57D15E8130F53BC0FA896,5
com.vicetown.thanose.crime.gangaster.gta,59C327354FEC45DD2D8E7A29A6F6C33206A34CB95EC78CDCCE7CBCEBB0485D6E,3
com.gss.us.army.transporter.prisoner.driving.games,E33EE271F30BFC8FB991F810390C7709FF60EE920E7C257FDA3EC5D80AE0EF42,200016
com.rlg.snake.transform.robot.war.game,1A5FCD08985BAFDFD2736BA5782ED7FE5215918AC336337005DC25D86DAA8F37,16
com.gu.fast.furious.car.drift,FA1E62990CAB511DEB111E01C3E0F8035A7700914575F0281ED8AE19D6B5A55C,185
com.gamestr.light.speed.hero.city.rescue,E4E3C7184A1FCDB90F6D47DBDA5B5356BA9FFBDCF4F2F92E91A5E00EA6E73A06,200100
com.modern.games.bus.sim.offroad.game,84A3DA08C49C9D5F2BFD30C1B7D43577ED0D9D99341C542AACF7377CE4126A1D,1020
com.aa.extreme.city.gt.car.stunts,BA49C7EE5566C6D815DF23A0D98DF456005B255465F9E0FA81F8AF4FB5CF766F,22
com.gs.crime.city.gangster.theft.cardriver,FC47803D11878042D893AA1DFE86C0147E1555CAF99DC3CA8CFAA39F4701CD38,9
com.mas3dstudio.bus.driver.sim,1BDC3869F113603F4715FF352392A0CE88129C0E999CC6501D2BFE69CE83FD46,200060
com.toucangames.ninja.fighting.spree,ADD63B8D638677804814B31372F90EA43830A73CA2558721B498E7BD1340FDCC,12
com.interbolt.airplane.car.transporter.truck.cargo.transport.games,DFEDC5090364D076CB2888C6202B61FD026E1AA2CFE0789B2E27C18D330AE01C,16
com.dts.criminal.prison.break,6A74AA8F2E5C12B10867352BF9E8FAB77D8F43F1BCADBD6EE85713EE8BF00986,202
com.tgp.extreme.rooftop.bikeridersim,D79A5ADE721AA8520FE4A10FBE1227A3A085869F50F7B7E776824975DBC67612,200019
com.mobilesoft.irakweather,5B611B9DB76059D5A07C666DEFFA5337B06F64D4189844E08B017F45830EEEC4,177
com.tju.android.radar,2ED79E2F9E602DAC6A57B40EA5BAA1503E3ACB5B13AF14DD0D47B9F3E29B4632,105
pl.lawiusz.funnyweather.release,E544BF4E6A1CCEC6A89192CA0DAABF830774D2969B8FA7E7FFE09715021A9804,101102112
com.apex.jungle.deer.hunter.real.hunting.game,4B4D80C17B57627218AEE348FFAECB588D00947FC2C34543CA9D78623415D25B,38
org.androworks.meteor,A269FF3A94B26E30AC9ECF133C4E3EB18070F77A559BA06B9C41C7966D2E1A99,51
com.cgs.offroad.farm.animal.transport.trailer.truck.driving.game,2CC8E794145707AEA9BF8117C39B15778739615EE888E88128C78BE4244147B5,28
com.Info_BMKG,5EEC68DF4B055FED8543CD5C0AD06D918486D5E91E1D2ED7009D64317BCA6B40,20801
com.mustardgames.impossiblecarstunts.mega.ramp.carstunts.racing,6CD9A7086BF602392F3672BF41A67167F2F5E88E4AD908AC960E354D1E5AEF58,58
com.tplink.weather,C2758C757421E98B2CF4A778424349F7FE4B58B114D96C26E0655AF8DB2ED19A,90110025
com.cgs.stickman.ninja.warrior.assassin.revenge.action.games,6AA9DF1C7B25BBBBB20ADF5C6A3C6001FFD97B6B2ADA5EFCF1CC9BAFF97956C8,18
com.bpgs.modern.car.taxi.driving.simulator,88884C98F4ADF767693CA97A4AB5F18DA7C5EEC344332DA645B7C36C162AE3FD,16
com.grand.army.shooting.game,68EA66C435290B12FF45D4AE40668A0C26D82DDBF45A38584A6AB9CED0ABE3FE,12
it.meteoam.app,1FFE5034E6921D4981C0203ABF1BD72AC40C3B3BE1ED3A885F86AD4CCED98D07,1020666
com.secretapplock.weather,56DD8091B0AF546325CD79CBFC19237BA852A84DC64E0C99CD5D9AA0DC25569A,40
com.lachainemeteo.marine.androidapp,4D17A6766B53B5F1DE3471F40ECDC4CC8CF73007BE46C617CBD1236C4D0135F0,56
org.emsc_csem.lastquake,F45B64CDB94FF629EFF354486FC3FE19445231C043D15D8CACA58D3A5699B643,117
com.vg.moto.bike.robot.transform.flying.pigeon.spy.games,E774377060D11C127AB692EA0CE3C73068AF33B13174E55AAF43B6860CB442D6,200014
com.extreme.games.production.offroad.mud.truck.simulator.truckdrive,20B0AFB9D3C55736BAF41A750B2B5250D8C5DDDC2CEFC86DB7F1625EEFA025A5,12
com.telekom.wetterinfo,210752E46663FA817A64235B3EA82433DDD8D695EEF743EBA454ED6ADCC275B0,117
com.tct.weather,4E890F1ACA440E9060D29EA34866F99079BC4A44235EABE5594F4EA6DCFB61F4,618110121
com.vg.crazy.car.rush.pro.taxi.driver,2934C403259612BF350B3F19922DBBEC32C73513C41DDC792EA2612E92916E1D,400024
com.tgp.offroad.extreme.highway.busdriver,4C56AB53BA5621A41B12D63DD756BE35B995B2DA0BEC34B5650A83924C45C46B,200011
kr.co.core.technology.clock.widget.free,F676CA50F7C18F07A5B3CB90486951EE36EF7CA4F0DC167E28E6E53EE0C4745C,136
com.bbg.motorcar.wash.carservice,91DD0594A6CF909C814EFD9158CB9F765EDB40FBC012BD9E19CD8261EEB9EABE,31
com.cradley.commando.fps.shooting.game,AE5DC30621D363379BE84219AA272C87518B2893EE6091CC222E1163F429FCB5,4
com.gks.incredible.monster.stickman.ropehero.bigman.games,920EAE83845392D58E2EFEE0C093D3EAEFACE687ABB8B5530F1C128E15BD1B0C,306
com.zams.car.mountainclimb.stuntracinggames.impossibletrack,23B9198C6B14C8B5119ED48B7B0762DD8D6B59FAF8763326884B43EE90431F34,7
com.gamehippo.shark.robot.transform.game,97241B672914C9816407F1A937835514D22D46E95758ED13EADD6E82C268C7E3,20
com.stunt.bike.racing.tricks.master,9CD5FC2EFC35374C6EAC895033B4544A8B53DB150F4D8F281816C2F859216CC5,12
com.vg.police.secret.agent.crime.gang,7704862C0627F9CD39BD36EA7A77B47C55EA7EE0B1F73C8E73DB3FEF326E5AB3,200011
com.ocg.cargames.extremestunt.games2020,D6528F42D2E2D114BE9C2514AD0FCC423765BDF29E35ECDD9AFC23D335D938D3,15
com.gamescapes.house.construction.games,7F2579F1AB926AE342AE716D229936E022E4EEA3847DFB9CA2AFE474633DA824,20
pl.tvn.meteo,BF7E9F318C8099D02A6D6C8BA631B3081F83C0A2AD25869037158EB3BE6C1EC1,2021091514
com.gu.crime.city.GT.Auto.sim,D025FE7AE2C9E7E8606BE326B63E3A30CC8336663E9645E3A29790484ECC7BF3,660
com.tricky.bike.trail.stunt,4EB4C868FE01E523E1ECC534ADDE1884C1988CB8735910F09D6174FD2C65BE93,18
com.sms.bakingames.dessertcooking.cookinggames,9ADFA0BD2F6D32CD815EF6B0D18C6D843037BC178EF0CD12FF46C375AD7DE62E,51
com.gf.impossible.train.games.driving.simulator,BA6F087BDF5191A4A5E985BEFB33B6D44C2F040C2F6858E3FCECFCFD5728E841,16
com.flying.tractor.simulator,8804BF4E8500D875C2911FAC93FD59F2898919F555D5247BED008CD90EC1C9CD,34
com.army.counter.attack,F56158A1C1675BB439D00089F1DD0D8CA43A4173E579A91583F68E7570CDDFD9,29
com.gf.washinggame.serviceworkshop.carwash,8BE9BBDA531BB5EB12D33A53791544F5CCC19B86DD7FF294A1A28845FFDF3FDB,21
com.gts.Crazy.Taxi.Car.Driver.Duty,2BD1DC08A685C4F48FDAF80FD44C8CC09060DAA78D664FA2F7E613122398A1A3,16
com.ppa.real.shooting.strike,B02909F1B52C80DF5C3286FBE3228E54DD35255ED7569FC58162F2284EB00256,18
com.odnklassac.weatherdarks,CDCB28FDFF649C3632ADCCEAE8045EF5B2590AAECE29273490F955A6ADD0EC44,17
com.cradley.tiger.robot.transforming.games,F6EBB9C090D84910CD8230682FB1EC4594DEDD5E7BC58DDFB0CA3D2711C3897A,17
com.funshootinggames.babygranny3d,9A44C78B95C5F85F4D20F0BDF27CBC0643C317EA527D0C419392544596CEA881,4400
com.grand.robot.ring.fighting,65E97085D7AB659D471BF3F4FCA81110D741940414715731AEC252F4E8B2F56F,21
com.brilliantgamez.cruiser.taxi,8D53C544C43DF58E1AC85E985D4EB4B2AAFFB14DD402E3B2DA78F9C4AA0006D5,27
com.zam.bike.stunt.games,7B3F56BE7E7A08D3AC7F878A450ACF2E8805A77731235D1E4AF8175F146427E3,20
cz.windguru.wgapp,318F9777AB91FA0573FF6C502FACEFFDDAEEA816EC73AB6D8BD2D4C4F61C43A0,20103012
com.mas3dstudio.atv.pizza,56318B4EA620DB7A58D29F0528F006EFB4A091E11DEA37ACDE2EC58ED693EEBC,200030
es.aemet,A0479A50BE483C5552C91BB82B06AFF5BD63F87D1BB2E5152A670FCD777FC0ED,102
org.yoki.android.buienalarm,3BC0F6AD49F5A30CE8114C88EAEEDA0B81BA93BB62DE09B70BE8BCF884C789FD,309
com.gtactiongames.bikevstrain,F440C4F2B650992F14B326A40D57874ACDECFCA87160FF0E68C3E10C69543913,102
com.fungames.gun.ops.cs.shoot.free,6E0B6AEA29EAEC774F324D50D386330DAEBF6595001D8B5B86AB72D0ECB506B5,12
com.vg.police.car.chase.smash,CCAF496DBECD1B024B7519E2083C6FE0EB1C68AEC6C9F089A571F9D6CF61A5FF,200013
com.mm.garbage.dumper.truck.sim,F63B06161ABA4A16960CAC817952E98A3CF8F50882DD8CE5E95DA04342BD9C53,239
com.gp.snow.city.construction.excavator,E39079FA1184441EED428109177873772943375BC839330478A595D9FA60DB30,18
com.jima.car.stuntmaster.impossibletracks,E00D05CCA761C1EF317004868FE6DC48634B26F8D87D58E3143DCEBAAF5FA57A,20
ru.gismeteo.gismeteo,5502CA9F56D42CC979F71C08314EA1F9CC41596BE77343917D28A25C796D027B,712235
kr.co.kweather,87E4E93EF4B25792C6CC8B788F106D1298CF5C5052C1563F8540D8F7724D1F64,127
com.mizo.secret.agent.fps.shooting.game,40AB2E5C82441BDBEC62132978DB7DA2A0B44216B63BBD802FCEF7CF8C9242FE,6
weather.widget.forecast,7F57B726DDDA87C5D793CB5F39D4DED8E6AC88FCA2A6C7064C6C6E1D4C9640DC,13
com.realtimeforecast.weather,A86EC06CD7C0C17C39997CF7EEE20C12C33FEBDBC9A7D793A13C4EFBE9BDEB3F,86
com.neenbedankt.rainydays,9A3C0AC0CEA33013C8A4EC2CA6D8BB209D32A6F82D1796A2E95C359B1ACA7781,31107
com.aws.android.tsunami,E3944F923A2996AAF8C32EBA18815D07B1345E1406C65DD0919EC6C799A91F25,1000000280
com.mas3dstudio.zooanimaltrucktransport,7E18C9995759A9D63A24A0EB2DC77C0F33EF124A409B24AE03CD4DD5B7B18D6F,200060
us.B3S.Thermometer,6414D8906A65358E51C7C2E052B117CF136194D4BCFD1DC3F7F06C38E40FCEEF,4
org.androworks.meteorgram,493698550D9D617AABA2987BDE970B95B4163297B53B075DDA61FD5CAC23CF09,20
com.zippygames.farmsimulator2018,F082455E813E3157122FD38A7FA7B8B86CBCCE93B18FF1E43AA388395FFCA510,90
com.brilliantgamez.prisoner.transport.ship,74C4B8831CA62581FB756612FB1E0316E9EB29243C1CDD95FC6B405E15FC0D04,11
com.mega.shooting.gun.strike,64089BBB58A36C08BB331A9CB92F1E65B680BB81589E9090BEF4F1CD921FBE22,11
com.gameswing.pradocarstunts.impossibletracks.stuntdriving.simulator.suvcarstunt,FD0D93890E31600DAE20ABB7AB04BB78A2EE30B8A59E700129D57E9AB64467C7,13
com.vrx.farming.tractor.simulator.game,7D6CD462BCE9814F907238184C34A0B5BD5CDD94336D7F88330D87B9655E1FF6,8
mobi.infolife.ezweather.black,F1A31F5E1EBC1EC70B95044902F034032B47BC717DDDBFD04C09C379FF5EEC15,108
com.gsstudio.secret.spy.detective.dog.simulator.game,94810FD03DB1EED03E11EA3EB98C9CEDCFE734B608E5A800C66494CF2018F18C,170
com.mas3dstudio.police.chase.horse,FCD05D05BDF1A14FED7B1BC35D455015B4F28C33B043DF23BD43A5EA320B7266,200101
us.BambooGames.SimpleThermometer,606EC6A4E366AD6420CC8C6BCB63B6F30ADE174BF98FB40968E11D4475D8DDF6,1
com.rds.shopping.mall.cop.security.guard.police.games,60812C70F8B8565E481D967167DB4CEE169963B1232AB901BFD1694DF91904C6,26
me.tidesnear.free,7299F1A60641A1C871932AE75991CD8F6590A57DB1A63673CEF75BCDEC957DB8,40
com.kick.multi.transformation.robot.battle,6998D2E809600B1B2A41BD284275746D086E6803A6DE167A65516B893551119B,3
com.madcap.top.speed.formula.racing.tracks,6B571E1071BEC6371079C00B61AA2772925ECE7FB7CCA854516D75CC8EC9C267,11
com.gss.police.sniper.reloaded,7874011E2EC0BFDD27F01F3AA7A90849643FC99D1249AECC0C9A8A6BE55EA17D,200016
com.bitfitapps.army.commando.secret.mission.shooting.games,DDB73909DFCD80FE0BD1DDE130449E46BE9B42091855FA7506824E286FC8D1EC,6
com.zams.bus.parking.games,F186D9AA1A4A72AD07486A92E46F4E59C207A36071D7E89248314091E4EDBBD0,14
com.ibs.jailescape.prisonsurvival.stealthmission,8694AC50390C4A8CF1713E7E2E0906A9CFB1CB6EB34377979F90E148250D9DEE,25
com.gp.angry.crocodile.simulator.attack,E2D116564BCABE59A6919D358BD4E1077524B0C38493E8C3515B2AF43895C387,6
com.htc.Weather,9558B9E321BCF82DA62EE564B6E7D68B1C20564E7F05C4B6703A6061CDF8C0E3,662031568
com.gp.crimegangster.grandcity.thugcity.criminalcity,D331033491ABA9D0478A0422E9E4443C008B3FDEAB8B6A30ED2AAA6FC74BB5AF,3
com.ilmeteo.android.ilmeteo2013,A9F4C5FF2A6CCD1EFB5EFB906CF0BCA7087ED737DA13F10600A3327264DCF5C8,258
com.microsoft.amp.apps.bingweather,B1198D27C6AFADFA0DC6703F1718D23526B54FE0E03A7BEB3B163DBF82A49D1D,1646
com.happy.family.counter.terrorist.fps.shooting.gun.games,DB3A589DEDF02971561A9B76B626F451D08A41FDFE72EE4AA006A895C25CDDD5,3
com.live.wea.widget.channel,C5BB85BB8E9C459C8F7876121907E333AEFFDE83F3D9EAC83FDBEBEFB91C62F0,26
com.vinegargames.flying.spider.superhero,FE19067CB5438D01D91E27CB9E32F5F405FA7DF7DFED00D02088983DCA60F7B0,7
